CustomerID,Recency,Frequency,Monetary,TotalQuantity,FirstPurchase,LastPurchase,Country,AverageOrderValue,LifetimeDays,R_Score,F_Score,M_Score,RFM_Score,RFM_Segment,KMeansCluster,ClusterProfile
10001,19,11,3254.55,120,2024-01-20 12:13:16,2025-12-13 12:45:26,United Kingdom,295.8681818181818,693,3,1,4,314,Need Attention,0,3215.761426824297
10002,51,11,3807.47,125,2024-01-03 08:46:20,2025-11-11 09:27:09,United Kingdom,346.13363636363636,678,1,1,4,114,Hibernating,0,3215.761426824297
10003,9,11,3144.88,111,2024-01-14 14:44:41,2025-12-23 14:41:11,United Kingdom,285.89818181818185,708,4,1,3,413,New / Promising,0,3215.761426824297
10004,76,11,2546.05,119,2024-02-26 11:12:56,2025-10-17 14:31:08,United Kingdom,231.45909090909092,599,1,1,2,112,Hibernating,0,3215.761426824297
10005,10,11,3987.36,115,2024-01-11 21:37:14,2025-12-22 18:36:12,United Kingdom,362.48727272727274,710,4,1,5,415,New / Promising,0,3215.761426824297
10006,49,11,3309.27,126,2024-01-16 07:54:27,2025-11-13 05:32:28,United Kingdom,300.84272727272725,666,1,1,4,114,Hibernating,0,3215.761426824297
10007,1,11,3410.58,127,2024-01-12 12:51:10,2025-12-31 06:30:12,United Kingdom,310.0527272727273,718,5,1,4,514,New / Promising,0,3215.761426824297
10008,4,11,3355.96,127,2024-01-14 03:12:35,2025-12-28 12:48:33,United Kingdom,305.0872727272727,714,5,1,4,514,New / Promising,0,3215.761426824297
10009,3,11,3524.81,127,2024-01-03 00:51:07,2025-12-29 00:57:43,United Kingdom,320.4372727272727,726,5,1,4,514,New / Promising,0,3215.761426824297
10010,8,11,2827.1,110,2024-01-02 12:42:47,2025-12-24 03:15:09,United Kingdom,257.0090909090909,721,4,1,3,413,New / Promising,0,3215.761426824297
10011,20,11,5068.97,133,2024-01-12 00:05:20,2025-12-12 01:12:34,United Kingdom,460.81545454545454,700,3,1,5,315,Need Attention,0,3215.761426824297
10012,19,11,2844.38,104,2024-01-09 21:58:43,2025-12-13 07:44:44,United Kingdom,258.58,703,3,1,3,313,Need Attention,0,3215.761426824297
10013,5,11,3217.51,121,2024-02-08 06:13:04,2025-12-27 04:42:29,United Kingdom,292.5009090909091,687,5,1,3,513,New / Promising,0,3215.761426824297
10014,60,11,2849.52,109,2024-01-13 03:30:20,2025-11-02 06:14:09,United Kingdom,259.04727272727274,659,1,1,3,113,Hibernating,0,3215.761426824297
10015,28,11,2436.17,111,2024-01-15 11:30:11,2025-12-04 16:14:11,United Kingdom,221.47,689,2,1,1,211,Hibernating,0,3215.761426824297
10016,27,11,4210.51,135,2024-02-21 14:11:13,2025-12-05 21:33:14,United Kingdom,382.7736363636364,653,2,1,5,215,Hibernating,0,3215.761426824297
10017,40,11,2866.92,127,2024-01-23 10:28:12,2025-11-22 02:44:17,United Kingdom,260.6290909090909,668,1,1,3,113,Hibernating,0,3215.761426824297
10018,47,11,2775.2,120,2024-05-07 11:41:55,2025-11-15 03:38:56,United Kingdom,252.29090909090908,556,1,1,2,112,Hibernating,0,3215.761426824297
10019,21,11,3658.7799999999997,131,2024-02-10 17:45:41,2025-12-11 11:43:45,United Kingdom,332.6163636363636,669,3,1,4,314,Need Attention,0,3215.761426824297
10020,10,11,2499.7400000000002,111,2024-02-18 21:20:53,2025-12-22 13:45:58,United Kingdom,227.24909090909094,672,4,1,2,412,New / Promising,0,3215.761426824297
10021,18,11,3362.44,102,2024-01-07 04:09:06,2025-12-14 02:10:04,United Kingdom,305.67636363636365,706,3,1,4,314,Need Attention,0,3215.761426824297
10022,8,11,2643.72,106,2024-01-31 15:33:40,2025-12-24 18:56:20,United Kingdom,240.3381818181818,693,4,1,2,412,New / Promising,0,3215.761426824297
10023,17,11,3503.19,118,2024-01-07 09:19:30,2025-12-15 16:52:15,United Kingdom,318.4718181818182,708,3,1,4,314,Need Attention,0,3215.761426824297
10024,6,11,3849.88,118,2024-04-06 23:10:31,2025-12-26 20:54:59,United Kingdom,349.9890909090909,628,5,1,4,514,New / Promising,0,3215.761426824297
10025,38,11,3050.11,123,2024-01-01 01:59:41,2025-11-24 15:52:41,United Kingdom,277.2827272727273,693,2,1,3,213,Hibernating,0,3215.761426824297
10026,11,11,3636.16,122,2024-01-26 07:06:02,2025-12-21 17:15:46,United Kingdom,330.56,695,4,1,4,414,New / Promising,0,3215.761426824297
10027,15,11,2555.09,114,2024-01-03 17:15:57,2025-12-17 16:43:37,United Kingdom,232.2809090909091,713,3,1,2,312,Need Attention,0,3215.761426824297
10028,2,11,2697.51,116,2024-01-03 06:29:27,2025-12-30 13:30:12,United Kingdom,245.22818181818184,727,5,1,2,512,New / Promising,0,3215.761426824297
10029,12,11,2561.2000000000003,110,2024-01-22 07:30:05,2025-12-20 12:20:04,United Kingdom,232.83636363636367,698,4,1,2,412,New / Promising,0,3215.761426824297
10030,2,11,2401.73,115,2024-01-21 12:45:56,2025-12-30 22:09:49,United Kingdom,218.3390909090909,709,5,1,1,511,New / Promising,0,3215.761426824297
10031,25,10,3463.87,123,2024-01-25 16:21:29,2025-12-07 16:04:04,United Kingdom,346.387,681,2,1,4,214,Hibernating,1,3109.399468085106
10032,6,11,3955.35,132,2024-02-25 13:35:09,2025-12-26 20:37:33,United Kingdom,359.5772727272727,670,5,1,5,515,New / Promising,0,3215.761426824297
10033,23,11,2854.41,117,2024-01-05 19:38:28,2025-12-09 02:10:53,United Kingdom,259.4918181818182,703,3,1,3,313,Need Attention,0,3215.761426824297
10034,48,11,3866.7,134,2024-01-18 02:46:21,2025-11-14 05:59:18,United Kingdom,351.5181818181818,666,1,1,5,115,Hibernating,0,3215.761426824297
10035,10,11,3206.94,116,2024-01-12 00:49:22,2025-12-22 02:35:27,United Kingdom,291.54,710,4,1,3,413,New / Promising,0,3215.761426824297
10036,40,11,2808.25,107,2024-01-08 02:51:04,2025-11-22 13:59:08,United Kingdom,255.29545454545453,684,1,1,2,112,Hibernating,0,3215.761426824297
10037,77,11,2753.34,113,2024-02-10 21:03:31,2025-10-16 23:30:59,United Kingdom,250.30363636363637,614,1,1,2,112,Hibernating,0,3215.761426824297
10038,4,11,2101.07,104,2024-01-25 20:03:17,2025-12-28 01:18:44,United Kingdom,191.00636363636366,702,5,1,1,511,New / Promising,0,3215.761426824297
10039,42,11,3257.2799999999997,147,2024-01-17 14:42:49,2025-11-20 11:38:25,United Kingdom,296.1163636363636,672,1,1,4,114,Hibernating,0,3215.761426824297
10040,22,11,3352.66,122,2024-01-17 22:31:25,2025-12-10 08:18:14,United Kingdom,304.7872727272727,692,3,1,4,314,Need Attention,0,3215.761426824297
10041,27,11,2720.98,97,2024-01-01 03:17:54,2025-12-05 19:14:12,United Kingdom,247.3618181818182,704,2,1,2,212,Hibernating,0,3215.761426824297
10042,16,11,2795.76,115,2024-03-15 20:52:56,2025-12-16 14:50:40,United Kingdom,254.16000000000003,640,3,1,2,312,Need Attention,0,3215.761426824297
10043,9,10,2668.09,103,2024-01-28 03:01:46,2025-12-23 09:08:14,United Kingdom,266.809,695,4,1,2,412,New / Promising,1,3109.399468085106
10044,10,11,3060.3999999999996,121,2024-01-02 12:07:55,2025-12-22 10:44:25,United Kingdom,278.2181818181818,719,4,1,3,413,New / Promising,0,3215.761426824297
10045,4,11,3624.1099999999997,129,2024-01-15 12:02:12,2025-12-28 01:37:23,United Kingdom,329.46454545454543,712,5,1,4,514,New / Promising,0,3215.761426824297
10046,1,11,3590.1400000000003,117,2024-01-29 17:52:38,2025-12-31 15:51:13,United Kingdom,326.3763636363637,701,5,1,4,514,New / Promising,0,3215.761426824297
10047,23,11,1990.08,101,2024-01-01 18:32:23,2025-12-09 09:37:44,United Kingdom,180.91636363636363,707,3,1,1,311,Need Attention,0,3215.761426824297
10048,19,11,2626.78,123,2024-01-15 06:21:41,2025-12-13 15:36:59,United Kingdom,238.79818181818183,698,3,1,2,312,Need Attention,0,3215.761426824297
10049,4,11,3736.57,133,2024-03-31 02:18:39,2025-12-28 02:21:13,United Kingdom,339.6881818181818,637,5,1,4,514,New / Promising,0,3215.761426824297
10050,61,11,3241.82,124,2024-01-27 21:13:45,2025-11-01 19:37:56,United Kingdom,294.7109090909091,643,1,1,4,114,Hibernating,0,3215.761426824297
10051,27,11,2256.36,104,2024-02-04 09:21:37,2025-12-05 01:38:12,United Kingdom,205.12363636363636,669,2,1,1,211,Hibernating,0,3215.761426824297
10052,1,11,2444.99,108,2024-01-15 04:47:51,2025-12-31 18:29:22,United Kingdom,222.27181818181816,716,5,1,1,511,New / Promising,0,3215.761426824297
10053,39,11,2331.98,96,2024-02-07 11:16:05,2025-11-23 23:17:32,United Kingdom,211.99818181818182,655,1,1,1,111,Hibernating,0,3215.761426824297
10054,78,11,4255.76,135,2024-02-15 15:53:39,2025-10-15 07:24:42,United Kingdom,386.8872727272728,607,1,1,5,115,Hibernating,0,3215.761426824297
10055,23,11,2888.2,110,2024-01-04 23:43:02,2025-12-09 11:38:23,United Kingdom,262.56363636363636,704,3,1,3,313,Need Attention,0,3215.761426824297
10056,19,11,2601.0299999999997,104,2024-01-19 07:10:21,2025-12-13 06:45:05,United Kingdom,236.4572727272727,693,3,1,2,312,Need Attention,0,3215.761426824297
10057,69,11,3367.37,120,2024-01-10 07:47:39,2025-10-24 01:27:54,United Kingdom,306.12454545454545,652,1,1,4,114,Hibernating,0,3215.761426824297
10058,32,11,4049.01,126,2024-01-07 04:45:46,2025-11-30 12:21:38,United Kingdom,368.0918181818182,693,2,1,5,215,Hibernating,0,3215.761426824297
10059,44,11,5581.5599999999995,142,2024-01-08 06:59:04,2025-11-18 12:54:39,United Kingdom,507.4145454545454,680,1,1,5,115,Hibernating,0,3215.761426824297
10060,83,11,2720.46,114,2024-01-04 06:46:29,2025-10-10 09:47:24,United Kingdom,247.31454545454545,645,1,1,2,112,Hibernating,0,3215.761426824297
10061,16,11,3593.3599999999997,112,2024-02-28 10:30:33,2025-12-16 12:46:58,United Kingdom,326.66909090909087,657,3,1,4,314,Need Attention,0,3215.761426824297
10062,5,11,3766.3199999999997,133,2024-02-09 16:53:08,2025-12-27 20:09:56,United Kingdom,342.39272727272726,687,5,1,4,514,New / Promising,0,3215.761426824297
10063,47,11,3959.52,131,2024-01-29 05:02:47,2025-11-15 17:45:11,United Kingdom,359.9563636363636,656,1,1,5,115,Hibernating,0,3215.761426824297
10064,89,11,2906.66,110,2024-01-06 02:47:14,2025-10-04 02:38:44,United Kingdom,264.2418181818182,636,1,1,3,113,Hibernating,0,3215.761426824297
10065,31,11,2314.14,97,2024-02-05 11:41:48,2025-12-01 17:20:38,United Kingdom,210.37636363636364,665,2,1,1,211,Hibernating,0,3215.761426824297
10066,7,11,3335.36,143,2024-02-26 18:23:22,2025-12-25 14:09:33,United Kingdom,303.2145454545455,667,4,1,4,414,New / Promising,0,3215.761426824297
10067,10,11,2313.76,103,2024-01-08 01:45:34,2025-12-22 16:04:06,United Kingdom,210.3418181818182,714,4,1,1,411,New / Promising,0,3215.761426824297
10068,37,11,3455.98,122,2024-01-04 02:34:04,2025-11-25 04:28:51,United Kingdom,314.18,691,2,1,4,214,Hibernating,0,3215.761426824297
10069,5,11,4123.44,129,2024-01-26 15:23:09,2025-12-27 06:12:08,United Kingdom,374.8581818181818,700,5,1,5,515,New / Promising,0,3215.761426824297
10070,25,11,3507.61,124,2024-01-30 08:17:21,2025-12-07 02:21:25,United Kingdom,318.87363636363636,676,2,1,4,214,Hibernating,0,3215.761426824297
10071,17,11,2253.55,118,2024-03-19 04:29:34,2025-12-15 13:33:20,United Kingdom,204.86818181818182,636,3,1,1,311,Need Attention,0,3215.761426824297
10072,30,11,2830.2599999999998,114,2024-02-11 06:02:04,2025-12-02 08:43:18,United Kingdom,257.2963636363636,660,2,1,3,213,Hibernating,0,3215.761426824297
10073,8,11,2864.33,115,2024-04-18 13:24:30,2025-12-24 06:28:35,United Kingdom,260.39363636363635,614,4,1,3,413,New / Promising,0,3215.761426824297
10074,39,11,3866.56,116,2024-02-01 20:28:18,2025-11-23 09:51:54,United Kingdom,351.50545454545454,660,1,1,5,115,Hibernating,0,3215.761426824297
10075,10,11,2548.92,108,2024-01-26 09:57:56,2025-12-22 15:03:11,United Kingdom,231.72,696,4,1,2,412,New / Promising,0,3215.761426824297
10076,111,11,2083.86,101,2024-01-19 00:11:25,2025-09-12 22:44:51,United Kingdom,189.4418181818182,602,1,1,1,111,Hibernating,0,3215.761426824297
10077,29,11,2010.41,105,2024-01-04 16:09:31,2025-12-03 07:14:51,United Kingdom,182.76454545454547,698,2,1,1,211,Hibernating,0,3215.761426824297
10078,88,11,3067.77,114,2024-01-09 11:09:13,2025-10-05 14:45:30,United Kingdom,278.8881818181818,635,1,1,3,113,Hibernating,0,3215.761426824297
10079,7,11,2933.17,122,2024-01-09 06:24:40,2025-12-25 19:00:20,United Kingdom,266.6518181818182,716,4,1,3,413,New / Promising,0,3215.761426824297
10080,2,11,2711.96,112,2024-01-12 06:51:18,2025-12-30 17:14:17,United Kingdom,246.54181818181817,718,5,1,2,512,New / Promising,0,3215.761426824297
10081,2,11,5196.45,122,2024-01-03 12:52:53,2025-12-30 12:45:54,United Kingdom,472.4045454545454,726,5,1,5,515,New / Promising,0,3215.761426824297
10082,18,11,3582.7,135,2024-01-12 21:16:33,2025-12-14 06:06:32,United Kingdom,325.7,701,3,1,4,314,Need Attention,0,3215.761426824297
10083,63,11,4165.7,120,2024-01-26 22:20:42,2025-10-30 22:25:27,United Kingdom,378.7,643,1,1,5,115,Hibernating,0,3215.761426824297
10084,29,11,2418.52,103,2024-03-22 09:06:00,2025-12-03 20:10:35,United Kingdom,219.86545454545455,621,2,1,1,211,Hibernating,0,3215.761426824297
10085,27,11,2737.9700000000003,112,2024-01-25 09:01:18,2025-12-05 20:14:47,United Kingdom,248.90636363636366,680,2,1,2,212,Hibernating,0,3215.761426824297
10086,12,11,2563.8199999999997,99,2024-03-23 22:28:29,2025-12-20 20:21:43,United Kingdom,233.07454545454542,636,4,1,2,412,New / Promising,0,3215.761426824297
10087,5,11,2661.97,111,2024-01-03 06:04:50,2025-12-27 21:31:41,United Kingdom,241.9972727272727,724,5,1,2,512,New / Promising,0,3215.761426824297
10088,44,11,3257.48,131,2024-01-20 08:21:29,2025-11-18 13:37:28,United Kingdom,296.13454545454545,668,1,1,4,114,Hibernating,0,3215.761426824297
10089,16,11,3353.59,120,2024-01-23 19:27:33,2025-12-16 16:36:28,United Kingdom,304.8718181818182,692,3,1,4,314,Need Attention,0,3215.761426824297
10090,38,11,6300.66,158,2024-03-12 17:30:49,2025-11-24 12:31:47,United Kingdom,572.7872727272727,621,2,1,5,215,Hibernating,0,3215.761426824297
10091,5,11,2684.4,114,2024-01-18 03:36:34,2025-12-27 02:48:34,United Kingdom,244.03636363636363,708,5,1,2,512,New / Promising,0,3215.761426824297
10092,27,11,3450.47,121,2024-01-04 08:50:43,2025-12-05 13:25:12,United Kingdom,313.6790909090909,701,2,1,4,214,Hibernating,0,3215.761426824297
10093,2,11,3607.9,136,2024-02-02 18:40:35,2025-12-30 09:36:30,United Kingdom,327.9909090909091,696,5,1,4,514,New / Promising,0,3215.761426824297
10094,10,11,2304.2,110,2024-01-31 20:04:31,2025-12-22 05:57:45,United Kingdom,209.47272727272727,690,4,1,1,411,New / Promising,0,3215.761426824297
10095,1,11,4555.89,139,2024-01-23 07:45:01,2025-12-31 03:14:25,United Kingdom,414.1718181818182,707,5,1,5,515,New / Promising,0,3215.761426824297
10096,6,11,2246.37,108,2024-01-06 06:31:47,2025-12-26 00:24:01,United Kingdom,204.21545454545455,719,5,1,1,511,New / Promising,0,3215.761426824297
10097,30,11,2436.12,109,2024-01-05 01:17:55,2025-12-02 05:10:14,United Kingdom,221.46545454545455,697,2,1,1,211,Hibernating,0,3215.761426824297
10098,48,11,3198.48,123,2024-01-02 06:25:07,2025-11-14 00:59:02,United Kingdom,290.7709090909091,681,1,1,3,113,Hibernating,0,3215.761426824297
10099,4,11,2653.22,114,2024-01-06 15:37:19,2025-12-28 05:46:56,United Kingdom,241.20181818181817,721,5,1,2,512,New / Promising,0,3215.761426824297
10100,19,11,3770.78,119,2024-02-11 22:45:57,2025-12-13 16:03:26,United Kingdom,342.79818181818183,670,3,1,4,314,Need Attention,0,3215.761426824297
10101,2,10,3120.7400000000002,125,2024-01-04 14:01:27,2025-12-30 09:45:14,United Kingdom,312.074,725,5,1,3,513,New / Promising,1,3109.399468085106
10102,50,11,1984.58,94,2024-02-02 09:27:30,2025-11-12 15:53:25,United Kingdom,180.41636363636363,649,1,1,1,111,Hibernating,0,3215.761426824297
10103,49,11,1769.4099999999999,101,2024-01-12 10:40:16,2025-11-13 00:12:15,United Kingdom,160.85545454545453,670,1,1,1,111,Hibernating,0,3215.761426824297
10104,3,11,2738.23,131,2024-01-13 14:44:03,2025-12-28 23:54:41,United Kingdom,248.93,715,5,1,2,512,New / Promising,0,3215.761426824297
10105,46,11,3990.39,135,2024-01-03 12:23:05,2025-11-16 05:13:24,United Kingdom,362.76272727272726,682,1,1,5,115,Hibernating,0,3215.761426824297
10106,15,11,3205.61,114,2024-01-09 16:39:12,2025-12-17 23:21:22,United Kingdom,291.4190909090909,708,3,1,3,313,Need Attention,0,3215.761426824297
10107,8,10,4556.51,150,2024-01-01 19:35:35,2025-12-24 04:11:46,United Kingdom,455.651,722,4,1,5,415,New / Promising,1,3109.399468085106
10108,6,11,3356.95,123,2024-05-19 22:56:33,2025-12-26 18:34:33,United Kingdom,305.17727272727274,585,5,1,4,514,New / Promising,0,3215.761426824297
10109,1,11,4105.8,121,2024-02-27 20:43:22,2025-12-31 09:39:08,United Kingdom,373.25454545454545,672,5,1,5,515,New / Promising,0,3215.761426824297
10110,6,11,2460.69,97,2024-03-01 14:28:00,2025-12-26 15:42:49,United Kingdom,223.69909090909093,665,5,1,2,512,New / Promising,0,3215.761426824297
10111,40,11,3485.83,116,2024-01-18 12:23:35,2025-11-22 02:41:43,United Kingdom,316.89363636363635,673,1,1,4,114,Hibernating,0,3215.761426824297
10112,2,11,4051.8,114,2024-02-03 02:19:07,2025-12-30 16:08:31,United Kingdom,368.3454545454546,696,5,1,5,515,New / Promising,0,3215.761426824297
10113,46,11,2618.53,111,2024-02-13 17:16:39,2025-11-16 09:56:02,United Kingdom,238.04818181818183,641,1,1,2,112,Hibernating,0,3215.761426824297
10114,1,11,6803.46,167,2024-02-08 14:38:09,2025-12-31 21:01:37,United Kingdom,618.4963636363636,692,5,1,5,515,New / Promising,0,3215.761426824297
10115,12,11,3372.9,116,2024-01-16 09:50:52,2025-12-20 07:42:29,United Kingdom,306.6272727272727,703,4,1,4,414,New / Promising,0,3215.761426824297
10116,23,11,2220.51,113,2024-02-08 07:02:27,2025-12-09 04:07:54,United Kingdom,201.86454545454546,669,3,1,1,311,Need Attention,0,3215.761426824297
10117,28,11,2847.27,112,2024-02-03 01:28:06,2025-12-04 17:45:51,United Kingdom,258.84272727272725,670,2,1,3,213,Hibernating,0,3215.761426824297
10118,4,11,3311.12,113,2024-01-14 01:20:41,2025-12-28 00:35:13,United Kingdom,301.0109090909091,713,5,1,4,514,New / Promising,0,3215.761426824297
10119,8,11,2163.04,112,2024-01-04 03:41:10,2025-12-24 19:42:15,United Kingdom,196.64,720,4,1,1,411,New / Promising,0,3215.761426824297
10120,13,11,2708.8,103,2024-02-21 09:58:33,2025-12-19 12:03:31,United Kingdom,246.25454545454548,667,4,1,2,412,New / Promising,0,3215.761426824297
10121,13,11,5351.68,167,2024-01-03 07:36:30,2025-12-19 10:00:50,United Kingdom,486.5163636363637,716,4,1,5,415,New / Promising,0,3215.761426824297
10122,2,11,3542.44,104,2024-01-24 20:40:42,2025-12-30 15:51:15,United Kingdom,322.04,705,5,1,4,514,New / Promising,0,3215.761426824297
10123,40,11,2652.7799999999997,122,2024-01-09 05:23:18,2025-11-22 17:55:37,United Kingdom,241.16181818181815,683,1,1,2,112,Hibernating,0,3215.761426824297
10124,15,11,5699.82,167,2024-01-13 15:39:57,2025-12-17 17:20:37,United Kingdom,518.1654545454545,704,3,1,5,315,Need Attention,0,3215.761426824297
10125,5,11,1621.21,82,2024-02-01 17:04:02,2025-12-27 01:23:36,United Kingdom,147.38272727272727,694,5,1,1,511,New / Promising,0,3215.761426824297
10126,8,11,8583.47,194,2024-01-05 00:16:30,2025-12-24 07:49:49,United Kingdom,780.3154545454545,719,4,1,5,415,New / Promising,0,3215.761426824297
10127,68,11,2936.03,107,2024-01-08 20:34:50,2025-10-25 03:45:36,United Kingdom,266.9118181818182,655,1,1,3,113,Hibernating,0,3215.761426824297
10128,11,11,3528.88,145,2024-01-10 05:15:16,2025-12-21 10:48:32,United Kingdom,320.80727272727273,711,4,1,4,414,New / Promising,0,3215.761426824297
10129,23,11,2995.77,111,2024-02-24 05:47:56,2025-12-09 21:37:25,United Kingdom,272.34272727272725,654,3,1,3,313,Need Attention,0,3215.761426824297
10130,39,11,2632.54,104,2024-01-19 12:47:59,2025-11-23 19:26:30,United Kingdom,239.32181818181817,674,1,1,2,112,Hibernating,0,3215.761426824297
10131,95,11,2550.62,100,2024-01-04 14:50:11,2025-09-28 21:11:36,United Kingdom,231.87454545454545,633,1,1,2,112,Hibernating,0,3215.761426824297
10132,32,11,3123.3,131,2024-01-30 06:45:54,2025-11-30 18:37:11,United Kingdom,283.93636363636364,670,2,1,3,213,Hibernating,0,3215.761426824297
10133,1,11,3191.15,124,2024-01-30 19:26:13,2025-12-31 09:00:14,United Kingdom,290.1045454545455,700,5,1,3,513,New / Promising,0,3215.761426824297
10134,6,11,3965.34,153,2024-01-08 23:07:08,2025-12-26 13:03:41,United Kingdom,360.48545454545456,717,5,1,5,515,New / Promising,0,3215.761426824297
10135,3,11,3667.58,126,2024-01-12 08:24:49,2025-12-29 17:27:33,United Kingdom,333.41636363636366,717,5,1,4,514,New / Promising,0,3215.761426824297
10136,40,11,2545.24,109,2024-03-04 02:26:28,2025-11-22 17:41:03,United Kingdom,231.38545454545454,628,1,1,2,112,Hibernating,0,3215.761426824297
10137,2,11,2421.91,103,2024-01-07 16:47:52,2025-12-30 04:06:39,United Kingdom,220.17363636363635,722,5,1,1,511,New / Promising,0,3215.761426824297
10138,55,11,1858.2,95,2024-01-05 09:11:09,2025-11-07 08:26:45,United Kingdom,168.92727272727274,671,1,1,1,111,Hibernating,0,3215.761426824297
10139,8,11,4559.22,135,2024-01-17 04:12:47,2025-12-24 15:34:23,United Kingdom,414.4745454545455,707,4,1,5,415,New / Promising,0,3215.761426824297
10140,48,11,2374.33,103,2024-01-04 13:17:37,2025-11-14 17:55:12,United Kingdom,215.8481818181818,680,1,1,1,111,Hibernating,0,3215.761426824297
10141,25,11,3307.68,116,2024-01-02 20:23:04,2025-12-07 05:56:56,United Kingdom,300.6981818181818,704,2,1,4,214,Hibernating,0,3215.761426824297
10142,2,11,4119.64,151,2024-01-08 17:43:56,2025-12-30 10:36:10,United Kingdom,374.5127272727273,721,5,1,5,515,New / Promising,0,3215.761426824297
10143,82,11,2676.32,119,2024-01-14 03:19:21,2025-10-11 18:43:58,United Kingdom,243.3018181818182,636,1,1,2,112,Hibernating,0,3215.761426824297
10144,34,11,3769.67,136,2024-02-27 05:16:48,2025-11-28 23:51:51,United Kingdom,342.6972727272727,640,2,1,4,214,Hibernating,0,3215.761426824297
10145,25,11,2380.46,107,2024-01-24 23:04:53,2025-12-07 15:17:14,United Kingdom,216.40545454545455,682,2,1,1,211,Hibernating,0,3215.761426824297
10146,15,11,2317.08,121,2024-01-01 23:55:58,2025-12-17 23:47:54,United Kingdom,210.64363636363635,715,3,1,1,311,Need Attention,0,3215.761426824297
10147,17,11,3796.11,118,2024-01-04 10:09:32,2025-12-15 19:36:51,United Kingdom,345.1009090909091,711,3,1,4,314,Need Attention,0,3215.761426824297
10148,20,11,2612.44,119,2024-01-02 02:58:49,2025-12-12 02:53:41,United Kingdom,237.49454545454546,709,3,1,2,312,Need Attention,0,3215.761426824297
10149,35,11,4552.25,140,2024-01-09 15:42:52,2025-11-27 13:45:18,United Kingdom,413.84090909090907,687,2,1,5,215,Hibernating,0,3215.761426824297
10150,21,11,2595.38,112,2024-01-21 07:59:20,2025-12-11 13:28:54,United Kingdom,235.9436363636364,690,3,1,2,312,Need Attention,0,3215.761426824297
10151,8,11,2879.12,133,2024-02-02 11:28:42,2025-12-24 07:32:35,United Kingdom,261.73818181818183,690,4,1,3,413,New / Promising,0,3215.761426824297
10152,11,11,2100.15,93,2024-02-20 09:19:34,2025-12-21 11:26:21,United Kingdom,190.9227272727273,670,4,1,1,411,New / Promising,0,3215.761426824297
10153,32,11,5344.53,146,2024-01-11 05:18:53,2025-11-30 16:35:51,United Kingdom,485.8663636363636,689,2,1,5,215,Hibernating,0,3215.761426824297
10154,27,11,3346.31,121,2024-01-05 12:47:41,2025-12-05 02:07:23,United Kingdom,304.21,699,2,1,4,214,Hibernating,0,3215.761426824297
10155,12,11,4159.18,127,2024-04-13 06:51:11,2025-12-20 03:30:08,United Kingdom,378.10727272727274,615,4,1,5,415,New / Promising,0,3215.761426824297
10156,35,11,2313.61,108,2024-01-12 04:14:29,2025-11-27 14:10:20,United Kingdom,210.32818181818183,685,2,1,1,211,Hibernating,0,3215.761426824297
10157,1,11,3123.11,118,2024-01-02 19:36:41,2025-12-31 21:49:14,United Kingdom,283.9190909090909,729,5,1,3,513,New / Promising,0,3215.761426824297
10158,6,11,3718.16,116,2024-02-19 01:32:06,2025-12-26 09:24:22,United Kingdom,338.01454545454544,676,5,1,4,514,New / Promising,0,3215.761426824297
10159,16,11,5095.88,132,2024-01-12 11:39:38,2025-12-16 15:51:53,United Kingdom,463.26181818181817,704,3,1,5,315,Need Attention,0,3215.761426824297
10160,49,11,3343.96,127,2024-02-17 17:08:55,2025-11-13 12:38:48,United Kingdom,303.99636363636364,634,1,1,4,114,Hibernating,0,3215.761426824297
10161,61,11,2384.04,100,2024-01-22 19:16:41,2025-11-01 22:15:59,United Kingdom,216.73090909090908,649,1,1,1,111,Hibernating,0,3215.761426824297
10162,5,11,3564.15,126,2024-01-19 06:57:06,2025-12-27 20:09:28,United Kingdom,324.01363636363635,708,5,1,4,514,New / Promising,0,3215.761426824297
10163,13,11,3608.27,133,2024-02-27 11:58:48,2025-12-19 05:06:11,United Kingdom,328.02454545454543,660,4,1,4,414,New / Promising,0,3215.761426824297
10164,53,11,2474.39,103,2024-03-06 19:03:58,2025-11-09 02:03:45,United Kingdom,224.94454545454545,612,1,1,2,112,Hibernating,0,3215.761426824297
10165,87,11,3528.91,114,2024-01-21 01:14:30,2025-10-06 08:15:55,United Kingdom,320.81,624,1,1,4,114,Hibernating,0,3215.761426824297
10166,6,11,2551.46,109,2024-01-02 01:44:12,2025-12-26 07:17:28,United Kingdom,231.9509090909091,724,5,1,2,512,New / Promising,0,3215.761426824297
10167,38,11,3001.2799999999997,108,2024-01-05 12:51:59,2025-11-24 22:53:07,United Kingdom,272.84363636363634,689,2,1,3,213,Hibernating,0,3215.761426824297
10168,5,11,2716.11,108,2024-01-27 07:23:46,2025-12-27 18:16:42,United Kingdom,246.91909090909093,700,5,1,2,512,New / Promising,0,3215.761426824297
10169,3,11,3660.71,137,2024-01-25 11:16:33,2025-12-29 15:12:59,United Kingdom,332.7918181818182,704,5,1,4,514,New / Promising,0,3215.761426824297
10170,8,11,2216.2200000000003,94,2024-01-28 15:53:51,2025-12-24 22:45:30,United Kingdom,201.47454545454548,696,4,1,1,411,New / Promising,0,3215.761426824297
10171,72,11,2035.77,99,2024-02-26 15:06:03,2025-10-21 18:57:50,United Kingdom,185.07,603,1,1,1,111,Hibernating,0,3215.761426824297
10172,13,11,3503.18,121,2024-01-18 12:05:46,2025-12-19 22:16:46,United Kingdom,318.47090909090906,701,4,1,4,414,New / Promising,0,3215.761426824297
10173,8,11,3186.4,128,2024-01-10 23:33:00,2025-12-24 13:50:20,United Kingdom,289.6727272727273,713,4,1,3,413,New / Promising,0,3215.761426824297
10174,13,11,3639.97,122,2024-01-02 07:01:35,2025-12-19 11:51:03,United Kingdom,330.9063636363636,717,4,1,4,414,New / Promising,0,3215.761426824297
10175,22,11,4302.13,136,2024-02-14 07:38:48,2025-12-10 05:50:43,United Kingdom,391.1027272727273,664,3,1,5,315,Need Attention,0,3215.761426824297
10176,6,11,3153.09,117,2024-02-13 07:43:54,2025-12-26 02:33:10,United Kingdom,286.6445454545455,681,5,1,3,513,New / Promising,0,3215.761426824297
10177,24,11,3961.61,122,2024-03-28 11:05:35,2025-12-08 04:12:32,United Kingdom,360.1463636363637,619,2,1,5,215,Hibernating,0,3215.761426824297
10178,86,11,3821.64,138,2024-01-25 17:52:22,2025-10-07 15:42:07,United Kingdom,347.4218181818182,620,1,1,4,114,Hibernating,0,3215.761426824297
10179,4,11,2920.9,112,2024-01-25 13:11:29,2025-12-28 03:55:35,United Kingdom,265.53636363636366,702,5,1,3,513,New / Promising,0,3215.761426824297
10180,31,11,2689.21,119,2024-01-22 03:46:07,2025-12-01 22:24:37,United Kingdom,244.47363636363636,679,2,1,2,212,Hibernating,0,3215.761426824297
10181,10,11,3779.91,123,2024-04-25 16:24:31,2025-12-22 02:20:42,United Kingdom,343.6281818181818,605,4,1,4,414,New / Promising,0,3215.761426824297
10182,51,11,3038.08,118,2024-01-04 07:41:46,2025-11-11 14:18:08,United Kingdom,276.1890909090909,677,1,1,3,113,Hibernating,0,3215.761426824297
10183,8,11,3112.23,122,2024-02-15 02:42:56,2025-12-24 06:25:12,United Kingdom,282.93,678,4,1,3,413,New / Promising,0,3215.761426824297
10184,29,11,2113.03,96,2024-01-02 01:49:44,2025-12-03 11:34:30,United Kingdom,192.0936363636364,701,2,1,1,211,Hibernating,0,3215.761426824297
10185,5,11,3990.45,127,2024-01-07 08:54:49,2025-12-27 04:14:08,United Kingdom,362.7681818181818,719,5,1,5,515,New / Promising,0,3215.761426824297
10186,37,11,1955.9099999999999,107,2024-02-12 03:03:48,2025-11-25 20:49:21,United Kingdom,177.80999999999997,652,2,1,1,211,Hibernating,0,3215.761426824297
10187,16,11,4332.91,128,2024-01-05 15:38:16,2025-12-16 13:59:00,United Kingdom,393.90090909090907,710,3,1,5,315,Need Attention,0,3215.761426824297
10188,2,11,4623.54,121,2024-02-08 18:49:03,2025-12-30 20:55:21,United Kingdom,420.3218181818182,691,5,1,5,515,New / Promising,0,3215.761426824297
10189,36,11,4414.63,158,2024-01-06 21:43:02,2025-11-26 07:51:00,United Kingdom,401.33,689,2,1,5,215,Hibernating,0,3215.761426824297
10190,27,11,6358.9,163,2024-01-20 02:00:27,2025-12-05 19:55:55,United Kingdom,578.0818181818181,685,2,1,5,215,Hibernating,0,3215.761426824297
10191,6,11,2174.0099999999998,102,2024-01-17 10:08:13,2025-12-26 15:58:19,United Kingdom,197.63727272727272,709,5,1,1,511,New / Promising,0,3215.761426824297
10192,14,11,2810.67,115,2024-01-01 17:39:48,2025-12-18 07:41:52,United Kingdom,255.51545454545456,716,3,1,2,312,Need Attention,0,3215.761426824297
10193,7,11,3873.06,133,2024-01-08 06:32:03,2025-12-25 05:18:35,United Kingdom,352.0963636363636,716,4,1,5,415,New / Promising,0,3215.761426824297
10194,41,11,2708.09,114,2024-01-14 21:14:25,2025-11-21 05:07:47,United Kingdom,246.19000000000003,676,1,1,2,112,Hibernating,0,3215.761426824297
10195,12,11,2751.68,112,2024-02-01 13:24:06,2025-12-20 16:00:31,United Kingdom,250.15272727272725,688,4,1,2,412,New / Promising,0,3215.761426824297
10196,7,11,2989.55,111,2024-02-27 17:53:46,2025-12-25 04:09:41,United Kingdom,271.77727272727276,666,4,1,3,413,New / Promising,0,3215.761426824297
10197,48,11,3814.81,131,2024-01-01 07:00:28,2025-11-14 10:28:50,United Kingdom,346.8009090909091,683,1,1,4,114,Hibernating,0,3215.761426824297
10198,10,11,2855.8,117,2024-03-12 23:00:32,2025-12-22 03:43:13,United Kingdom,259.6181818181818,649,4,1,3,413,New / Promising,0,3215.761426824297
10199,2,11,2760.37,98,2024-01-03 00:14:34,2025-12-30 06:41:52,United Kingdom,250.94272727272727,727,5,1,2,512,New / Promising,0,3215.761426824297
10200,25,11,2128.1,114,2024-01-06 07:42:48,2025-12-07 16:40:09,United Kingdom,193.46363636363637,701,2,1,1,211,Hibernating,0,3215.761426824297
10201,33,11,2599.38,119,2024-01-06 00:42:11,2025-11-29 07:37:44,United Kingdom,236.30727272727273,693,2,1,2,212,Hibernating,0,3215.761426824297
10202,11,11,3663.4900000000002,112,2024-02-18 19:40:10,2025-12-21 07:56:35,United Kingdom,333.04454545454547,671,4,1,4,414,New / Promising,0,3215.761426824297
10203,59,11,2398.3,102,2024-01-17 05:59:03,2025-11-03 03:10:04,United Kingdom,218.02727272727273,655,1,1,1,111,Hibernating,0,3215.761426824297
10204,22,11,3113.71,112,2024-01-18 10:20:43,2025-12-10 11:33:06,United Kingdom,283.06454545454545,692,3,1,3,313,Need Attention,0,3215.761426824297
10205,3,11,3602.02,136,2024-01-08 17:13:21,2025-12-29 22:28:25,United Kingdom,327.4563636363636,721,5,1,4,514,New / Promising,0,3215.761426824297
10206,4,11,2587.53,109,2024-01-18 02:46:30,2025-12-28 02:12:38,United Kingdom,235.23000000000002,709,5,1,2,512,New / Promising,0,3215.761426824297
10207,54,11,2161.18,109,2024-01-03 01:42:30,2025-11-08 03:46:24,United Kingdom,196.4709090909091,675,1,1,1,111,Hibernating,0,3215.761426824297
10208,7,11,3641.72,123,2024-01-23 18:10:24,2025-12-25 09:19:00,United Kingdom,331.06545454545454,701,4,1,4,414,New / Promising,0,3215.761426824297
10209,23,11,3023.71,121,2024-03-17 04:56:25,2025-12-09 08:06:47,United Kingdom,274.88272727272727,632,3,1,3,313,Need Attention,0,3215.761426824297
10210,38,11,5460.51,139,2024-01-25 11:31:35,2025-11-24 15:40:02,United Kingdom,496.41,669,2,1,5,215,Hibernating,0,3215.761426824297
10211,23,11,2447.14,120,2024-01-29 02:03:57,2025-12-09 14:39:02,United Kingdom,222.46727272727273,680,3,1,1,311,Need Attention,0,3215.761426824297
10212,37,11,2990.28,119,2024-02-07 17:41:50,2025-11-25 01:58:20,United Kingdom,271.8436363636364,656,2,1,3,213,Hibernating,0,3215.761426824297
10213,6,11,3329.51,124,2024-01-19 03:07:22,2025-12-26 06:34:47,United Kingdom,302.6827272727273,707,5,1,4,514,New / Promising,0,3215.761426824297
10214,56,11,3220.14,110,2024-01-19 18:39:20,2025-11-06 08:09:22,United Kingdom,292.74,656,1,1,4,114,Hibernating,0,3215.761426824297
10215,19,11,2281.36,112,2024-01-18 13:58:27,2025-12-13 00:37:57,United Kingdom,207.39636363636365,694,3,1,1,311,Need Attention,0,3215.761426824297
10216,10,11,4042.56,123,2024-01-06 17:44:33,2025-12-22 07:58:46,United Kingdom,367.50545454545454,715,4,1,5,415,New / Promising,0,3215.761426824297
10217,6,11,2590.33,100,2024-01-17 10:29:00,2025-12-26 02:37:50,United Kingdom,235.48454545454544,708,5,1,2,512,New / Promising,0,3215.761426824297
10218,8,11,2090.98,104,2024-02-11 10:00:50,2025-12-24 05:17:03,United Kingdom,190.0890909090909,681,4,1,1,411,New / Promising,0,3215.761426824297
10219,5,11,2499.52,115,2024-01-31 15:03:35,2025-12-27 00:48:21,United Kingdom,227.2290909090909,695,5,1,2,512,New / Promising,0,3215.761426824297
10220,2,11,3136.15,117,2024-01-09 15:39:01,2025-12-30 18:02:48,United Kingdom,285.1045454545455,721,5,1,3,513,New / Promising,0,3215.761426824297
10221,5,11,1852.27,95,2024-01-07 17:40:14,2025-12-27 10:07:36,United Kingdom,168.3881818181818,719,5,1,1,511,New / Promising,0,3215.761426824297
10222,6,11,2741.61,116,2024-01-05 11:14:14,2025-12-26 11:18:13,United Kingdom,249.23727272727274,721,5,1,2,512,New / Promising,0,3215.761426824297
10223,3,11,2600.89,119,2024-02-06 19:22:41,2025-12-29 19:24:29,United Kingdom,236.44454545454545,692,5,1,2,512,New / Promising,0,3215.761426824297
10224,10,11,3410.35,141,2024-01-14 16:50:36,2025-12-22 05:15:08,United Kingdom,310.03181818181815,707,4,1,4,414,New / Promising,0,3215.761426824297
10225,4,11,4123.44,140,2024-02-01 07:20:58,2025-12-28 15:28:31,United Kingdom,374.8581818181818,696,5,1,5,515,New / Promising,0,3215.761426824297
10226,10,11,3678.69,118,2024-01-03 13:26:34,2025-12-22 06:56:24,United Kingdom,334.42636363636365,718,4,1,4,414,New / Promising,0,3215.761426824297
10227,36,11,3238.7,119,2024-01-13 01:47:45,2025-11-26 05:49:28,United Kingdom,294.42727272727274,683,2,1,4,214,Hibernating,0,3215.761426824297
10228,6,11,3578.48,137,2024-01-21 19:42:26,2025-12-26 23:51:59,United Kingdom,325.31636363636363,705,5,1,4,514,New / Promising,0,3215.761426824297
10229,9,11,5868.39,152,2024-01-14 23:55:46,2025-12-23 20:44:57,United Kingdom,533.49,708,4,1,5,415,New / Promising,0,3215.761426824297
10230,45,11,3679.8399999999997,131,2024-03-08 02:17:14,2025-11-17 02:40:09,United Kingdom,334.53090909090906,619,1,1,4,114,Hibernating,0,3215.761426824297
10231,36,11,4188.3,126,2024-01-15 21:35:52,2025-11-26 12:55:36,United Kingdom,380.75454545454545,680,2,1,5,215,Hibernating,0,3215.761426824297
10232,11,11,2225.69,110,2024-01-08 09:09:03,2025-12-21 02:24:24,United Kingdom,202.33545454545455,712,4,1,1,411,New / Promising,0,3215.761426824297
10233,53,11,3430.0899999999997,117,2024-02-05 22:21:44,2025-11-09 07:08:16,United Kingdom,311.8263636363636,642,1,1,4,114,Hibernating,0,3215.761426824297
10234,25,11,2280.93,111,2024-01-17 07:58:38,2025-12-07 11:46:46,United Kingdom,207.35727272727271,690,2,1,1,211,Hibernating,0,3215.761426824297
10235,3,11,2162.29,104,2024-01-07 23:11:37,2025-12-29 06:02:10,United Kingdom,196.57181818181817,721,5,1,1,511,New / Promising,0,3215.761426824297
10236,8,11,2352.69,102,2024-01-01 11:24:23,2025-12-24 22:38:12,United Kingdom,213.88090909090909,723,4,1,1,411,New / Promising,0,3215.761426824297
10237,30,11,4205.63,132,2024-01-09 20:43:48,2025-12-02 22:15:31,United Kingdom,382.33,693,2,1,5,215,Hibernating,0,3215.761426824297
10238,66,11,3315.2799999999997,128,2024-03-18 04:13:06,2025-10-27 05:11:49,United Kingdom,301.3890909090909,588,1,1,4,114,Hibernating,0,3215.761426824297
10239,7,11,3096.58,121,2024-01-09 23:07:55,2025-12-25 14:13:42,United Kingdom,281.5072727272727,715,4,1,3,413,New / Promising,0,3215.761426824297
10240,38,11,3925.01,116,2024-02-09 11:20:42,2025-11-24 19:24:02,United Kingdom,356.8190909090909,654,2,1,5,215,Hibernating,0,3215.761426824297
10241,1,11,5271.76,145,2024-01-02 14:18:25,2025-12-31 00:31:39,United Kingdom,479.2509090909091,728,5,1,5,515,New / Promising,0,3215.761426824297
10242,4,11,2906.96,95,2024-01-09 12:11:52,2025-12-28 04:02:43,United Kingdom,264.2690909090909,718,5,1,3,513,New / Promising,0,3215.761426824297
10243,39,11,3309.72,105,2024-01-11 03:10:38,2025-11-23 14:12:01,United Kingdom,300.88363636363636,682,1,1,4,114,Hibernating,0,3215.761426824297
10244,20,11,2760.91,114,2024-04-24 17:24:48,2025-12-12 00:27:53,United Kingdom,250.99181818181816,596,3,1,2,312,Need Attention,0,3215.761426824297
10245,21,11,3014.0299999999997,124,2024-01-18 17:52:54,2025-12-11 15:08:54,United Kingdom,274.00272727272727,692,3,1,3,313,Need Attention,0,3215.761426824297
10246,1,11,1920.4,98,2024-01-01 16:53:32,2025-12-31 21:18:18,United Kingdom,174.5818181818182,730,5,1,1,511,New / Promising,0,3215.761426824297
10247,25,11,2004.45,97,2024-01-29 00:02:08,2025-12-07 12:21:11,United Kingdom,182.22272727272727,678,2,1,1,211,Hibernating,0,3215.761426824297
10248,10,11,2737.48,118,2024-03-01 01:24:19,2025-12-22 01:54:07,United Kingdom,248.8618181818182,661,4,1,2,412,New / Promising,0,3215.761426824297
10249,62,11,3297.27,112,2024-03-22 22:07:23,2025-10-31 18:21:49,United Kingdom,299.7518181818182,587,1,1,4,114,Hibernating,0,3215.761426824297
10250,6,11,3412.99,133,2024-01-01 01:32:37,2025-12-26 05:08:03,United Kingdom,310.27181818181816,725,5,1,4,514,New / Promising,0,3215.761426824297
10251,30,11,3129.2999999999997,115,2024-02-12 18:04:49,2025-12-02 01:09:58,United Kingdom,284.48181818181814,658,2,1,3,213,Hibernating,0,3215.761426824297
10252,5,11,2784.34,106,2024-01-06 23:12:29,2025-12-27 12:38:09,United Kingdom,253.12181818181818,720,5,1,2,512,New / Promising,0,3215.761426824297
10253,6,11,2552.62,114,2024-01-23 07:11:44,2025-12-26 00:06:26,United Kingdom,232.0563636363636,702,5,1,2,512,New / Promising,0,3215.761426824297
10254,7,11,3997.73,130,2024-02-16 19:17:59,2025-12-25 13:23:16,United Kingdom,363.43,677,4,1,5,415,New / Promising,0,3215.761426824297
10255,32,11,2631.96,107,2024-01-18 23:39:38,2025-11-30 15:00:09,United Kingdom,239.26909090909092,681,2,1,2,212,Hibernating,0,3215.761426824297
10256,19,11,6246.860000000001,156,2024-01-20 14:19:16,2025-12-13 13:55:39,United Kingdom,567.8963636363637,692,3,1,5,315,Need Attention,0,3215.761426824297
10257,16,11,2744.59,113,2024-02-07 05:27:12,2025-12-16 10:59:10,United Kingdom,249.50818181818184,678,3,1,2,312,Need Attention,0,3215.761426824297
10258,23,11,2250.64,106,2024-03-15 22:39:25,2025-12-09 06:18:19,United Kingdom,204.60363636363635,633,3,1,1,311,Need Attention,0,3215.761426824297
10259,58,11,2908.32,120,2024-02-12 12:30:44,2025-11-04 13:47:40,United Kingdom,264.3927272727273,631,1,1,3,113,Hibernating,0,3215.761426824297
10260,24,11,3114.04,104,2024-03-24 10:34:44,2025-12-08 00:46:41,United Kingdom,283.0945454545454,623,2,1,3,213,Hibernating,0,3215.761426824297
10261,9,11,2834.69,111,2024-01-10 08:11:41,2025-12-23 00:29:59,United Kingdom,257.6990909090909,712,4,1,3,413,New / Promising,0,3215.761426824297
10262,20,11,4003.15,122,2024-01-11 08:44:47,2025-12-12 13:21:08,United Kingdom,363.9227272727273,701,3,1,5,315,Need Attention,0,3215.761426824297
10263,33,11,2497.49,110,2024-01-04 19:16:12,2025-11-29 09:40:29,United Kingdom,227.04454545454544,694,2,1,2,212,Hibernating,0,3215.761426824297
10264,11,11,4203.03,128,2024-01-02 15:48:30,2025-12-21 05:27:43,United Kingdom,382.09363636363634,718,4,1,5,415,New / Promising,0,3215.761426824297
10265,3,11,3665.73,123,2024-03-18 15:41:23,2025-12-29 23:20:35,United Kingdom,333.2481818181818,651,5,1,4,514,New / Promising,0,3215.761426824297
10266,2,11,5086.33,127,2024-02-16 01:25:45,2025-12-30 17:54:32,United Kingdom,462.39363636363635,683,5,1,5,515,New / Promising,0,3215.761426824297
10267,9,11,3407.08,128,2024-01-26 17:14:11,2025-12-23 02:07:08,United Kingdom,309.73454545454547,696,4,1,4,414,New / Promising,0,3215.761426824297
10268,6,11,2513.5099999999998,115,2024-03-02 03:02:24,2025-12-26 13:34:59,United Kingdom,228.50090909090906,664,5,1,2,512,New / Promising,0,3215.761426824297
10269,3,11,3023.22,125,2024-01-25 14:02:50,2025-12-29 19:41:54,United Kingdom,274.8381818181818,704,5,1,3,513,New / Promising,0,3215.761426824297
10270,17,11,2433.98,113,2024-01-05 14:23:36,2025-12-15 07:14:14,United Kingdom,221.2709090909091,709,3,1,1,311,Need Attention,0,3215.761426824297
10271,24,11,2403.48,110,2024-01-09 23:19:16,2025-12-08 21:27:22,United Kingdom,218.49818181818182,698,2,1,1,211,Hibernating,0,3215.761426824297
10272,22,11,2313.32,102,2024-02-29 08:19:09,2025-12-10 01:28:06,United Kingdom,210.3018181818182,649,3,1,1,311,Need Attention,0,3215.761426824297
10273,18,11,1986.1,88,2024-02-07 08:23:57,2025-12-14 01:11:33,United Kingdom,180.55454545454543,675,3,1,1,311,Need Attention,0,3215.761426824297
10274,2,11,3238.7,113,2024-01-01 06:54:10,2025-12-30 11:11:33,United Kingdom,294.42727272727274,729,5,1,4,514,New / Promising,0,3215.761426824297
10275,8,11,2816.4,107,2024-03-20 11:03:28,2025-12-24 17:52:04,United Kingdom,256.03636363636366,644,4,1,2,412,New / Promising,0,3215.761426824297
10276,8,11,3256.73,117,2024-02-02 07:10:45,2025-12-24 21:32:49,United Kingdom,296.06636363636363,691,4,1,4,414,New / Promising,0,3215.761426824297
10277,65,11,4380.87,146,2024-01-03 22:50:24,2025-10-28 21:18:51,United Kingdom,398.2609090909091,663,1,1,5,115,Hibernating,0,3215.761426824297
10278,6,11,3138.18,135,2024-01-15 05:51:03,2025-12-26 16:53:43,United Kingdom,285.2890909090909,711,5,1,3,513,New / Promising,0,3215.761426824297
10279,108,11,3185.28,111,2024-01-30 22:09:19,2025-09-15 22:21:53,United Kingdom,289.5709090909091,594,1,1,3,113,Hibernating,0,3215.761426824297
10280,1,11,2842.62,108,2024-01-02 12:00:23,2025-12-31 02:34:42,United Kingdom,258.42,728,5,1,3,513,New / Promising,0,3215.761426824297
10281,7,11,2709.99,117,2024-01-08 21:28:56,2025-12-25 20:09:36,United Kingdom,246.36272727272726,716,4,1,2,412,New / Promising,0,3215.761426824297
10282,27,11,2209.93,101,2024-02-29 22:12:07,2025-12-05 04:52:59,United Kingdom,200.90272727272725,644,2,1,1,211,Hibernating,0,3215.761426824297
10283,4,11,2508.61,108,2024-01-16 12:03:33,2025-12-28 06:15:20,United Kingdom,228.05545454545455,711,5,1,2,512,New / Promising,0,3215.761426824297
10284,2,11,2723.52,117,2024-01-14 11:43:00,2025-12-30 15:28:52,United Kingdom,247.59272727272727,716,5,1,2,512,New / Promising,0,3215.761426824297
10285,7,11,3283.35,133,2024-02-24 14:34:54,2025-12-25 02:42:40,United Kingdom,298.48636363636365,669,4,1,4,414,New / Promising,0,3215.761426824297
10286,14,11,4040.11,123,2024-02-27 05:55:08,2025-12-18 19:35:20,United Kingdom,367.2827272727273,660,3,1,5,315,Need Attention,0,3215.761426824297
10287,18,11,2368.86,108,2024-01-09 03:52:15,2025-12-14 05:37:39,United Kingdom,215.3509090909091,705,3,1,1,311,Need Attention,0,3215.761426824297
10288,11,11,3535.6800000000003,112,2024-02-02 15:32:38,2025-12-21 04:52:03,United Kingdom,321.42545454545456,687,4,1,4,414,New / Promising,0,3215.761426824297
10289,42,11,2200.87,104,2024-02-03 13:22:28,2025-11-20 14:31:11,United Kingdom,200.0790909090909,656,1,1,1,111,Hibernating,0,3215.761426824297
10290,5,11,1901.24,91,2024-02-01 08:58:52,2025-12-27 15:41:45,United Kingdom,172.84,695,5,1,1,511,New / Promising,0,3215.761426824297
10291,1,11,2873.55,113,2024-01-11 14:46:44,2025-12-31 15:30:30,United Kingdom,261.2318181818182,720,5,1,3,513,New / Promising,0,3215.761426824297
10292,14,11,4665.2,137,2024-03-05 15:11:21,2025-12-18 06:48:47,United Kingdom,424.10909090909087,652,3,1,5,315,Need Attention,0,3215.761426824297
10293,21,11,2561.39,116,2024-03-03 06:30:21,2025-12-11 05:53:07,United Kingdom,232.85363636363635,647,3,1,2,312,Need Attention,0,3215.761426824297
10294,8,11,2576.83,103,2024-01-13 00:47:08,2025-12-24 19:35:52,United Kingdom,234.25727272727272,711,4,1,2,412,New / Promising,0,3215.761426824297
10295,23,11,3867.4,144,2024-01-25 13:24:25,2025-12-09 03:02:30,United Kingdom,351.58181818181816,683,2,1,5,215,Hibernating,0,3215.761426824297
10296,36,11,2267.95,100,2024-03-04 23:47:37,2025-11-26 22:11:45,United Kingdom,206.1772727272727,631,2,1,1,211,Hibernating,0,3215.761426824297
10297,32,11,2727.9700000000003,114,2024-01-25 13:17:38,2025-11-30 16:53:55,United Kingdom,247.99727272727276,675,2,1,2,212,Hibernating,0,3215.761426824297
10298,1,11,2796.71,122,2024-01-01 09:43:15,2025-12-31 05:09:47,United Kingdom,254.24636363636364,729,5,1,2,512,New / Promising,0,3215.761426824297
10299,60,11,4894.36,154,2024-01-05 06:01:34,2025-11-02 15:47:30,United Kingdom,444.9418181818182,667,1,1,5,115,Hibernating,0,3215.761426824297
10300,8,11,2765.52,105,2024-02-01 22:34:29,2025-12-24 07:55:43,United Kingdom,251.4109090909091,691,4,1,2,412,New / Promising,0,3215.761426824297
10301,42,11,2543.2400000000002,111,2024-01-05 05:53:17,2025-11-20 07:15:03,United Kingdom,231.20363636363638,685,1,1,2,112,Hibernating,0,3215.761426824297
10302,67,11,2912.44,130,2024-01-21 18:38:30,2025-10-26 19:14:56,United Kingdom,264.7672727272727,644,1,1,3,113,Hibernating,0,3215.761426824297
10303,3,11,3606.36,128,2024-01-28 01:33:28,2025-12-29 06:38:18,United Kingdom,327.8509090909091,701,5,1,4,514,New / Promising,0,3215.761426824297
10304,2,11,4053.3,126,2024-04-02 07:45:47,2025-12-30 15:43:30,United Kingdom,368.4818181818182,637,5,1,5,515,New / Promising,0,3215.761426824297
10305,19,11,3422.33,134,2024-01-03 08:19:59,2025-12-13 10:09:05,United Kingdom,311.1209090909091,710,3,1,4,314,Need Attention,0,3215.761426824297
10306,3,11,2655.33,120,2024-01-16 08:12:39,2025-12-29 05:11:14,United Kingdom,241.39363636363635,712,5,1,2,512,New / Promising,0,3215.761426824297
10307,14,11,3793.23,127,2024-01-08 19:04:11,2025-12-18 04:38:29,United Kingdom,344.8390909090909,709,3,1,4,314,Need Attention,0,3215.761426824297
10308,47,11,1835.05,102,2024-01-04 00:56:06,2025-11-15 10:17:38,United Kingdom,166.82272727272726,681,1,1,1,111,Hibernating,0,3215.761426824297
10309,62,11,2486.39,108,2024-01-03 10:23:41,2025-10-31 12:03:27,United Kingdom,226.03545454545454,667,1,1,2,112,Hibernating,0,3215.761426824297
10310,40,11,2346.58,109,2024-01-10 07:35:05,2025-11-21 23:57:24,United Kingdom,213.32545454545453,681,1,1,1,111,Hibernating,0,3215.761426824297
10311,17,11,2931.34,130,2024-01-07 15:33:41,2025-12-15 07:52:47,United Kingdom,266.48545454545456,707,3,1,3,313,Need Attention,0,3215.761426824297
10312,52,11,3362.82,134,2024-01-19 13:59:10,2025-11-10 03:28:26,United Kingdom,305.7109090909091,660,1,1,4,114,Hibernating,0,3215.761426824297
10313,7,11,3015.51,113,2024-01-11 06:14:30,2025-12-25 14:44:46,United Kingdom,274.1372727272728,714,4,1,3,413,New / Promising,0,3215.761426824297
10314,29,11,2849.29,111,2024-03-20 05:27:50,2025-12-03 04:20:55,United Kingdom,259.0263636363636,622,2,1,3,213,Hibernating,0,3215.761426824297
10315,37,11,3769.77,135,2024-01-24 01:38:18,2025-11-25 04:36:58,United Kingdom,342.7063636363636,671,2,1,4,214,Hibernating,0,3215.761426824297
10316,2,11,3287.18,113,2024-01-07 04:26:55,2025-12-30 01:27:10,United Kingdom,298.83454545454543,722,5,1,4,514,New / Promising,0,3215.761426824297
10317,5,11,2753.45,122,2024-02-23 23:28:42,2025-12-27 20:38:49,United Kingdom,250.31363636363633,672,5,1,2,512,New / Promising,0,3215.761426824297
10318,26,11,1886.3600000000001,91,2024-01-16 05:48:09,2025-12-06 14:46:07,United Kingdom,171.48727272727274,690,2,1,1,211,Hibernating,0,3215.761426824297
10319,18,11,5239.29,132,2024-03-07 06:17:33,2025-12-14 17:33:39,United Kingdom,476.2990909090909,647,3,1,5,315,Need Attention,0,3215.761426824297
10320,32,11,3653.99,137,2024-01-18 22:26:16,2025-11-30 12:21:52,United Kingdom,332.1809090909091,681,2,1,4,214,Hibernating,0,3215.761426824297
10321,8,11,2800.52,110,2024-01-25 21:53:44,2025-12-24 11:59:02,United Kingdom,254.59272727272727,698,4,1,2,412,New / Promising,0,3215.761426824297
10322,117,11,3169.44,123,2024-02-11 15:46:11,2025-09-06 01:59:59,United Kingdom,288.1309090909091,572,1,1,3,113,Hibernating,0,3215.761426824297
10323,14,11,4054.29,147,2024-01-06 20:35:52,2025-12-18 13:35:19,United Kingdom,368.5718181818182,711,3,1,5,315,Need Attention,0,3215.761426824297
10324,44,11,1877.1200000000001,103,2024-02-13 18:08:07,2025-11-18 06:40:03,United Kingdom,170.64727272727274,643,1,1,1,111,Hibernating,0,3215.761426824297
10325,43,11,5231.8099999999995,154,2024-02-01 21:38:44,2025-11-19 01:43:14,United Kingdom,475.61909090909086,656,1,1,5,115,Hibernating,0,3215.761426824297
10326,17,11,2892.9,103,2024-01-29 11:54:19,2025-12-15 12:48:37,United Kingdom,262.9909090909091,686,3,1,3,313,Need Attention,0,3215.761426824297
10327,3,11,3654.27,114,2024-03-09 01:28:18,2025-12-29 06:33:57,United Kingdom,332.2063636363636,660,5,1,4,514,New / Promising,0,3215.761426824297
10328,2,11,2045.51,100,2024-01-01 15:28:54,2025-12-30 07:40:40,United Kingdom,185.95545454545456,728,5,1,1,511,New / Promising,0,3215.761426824297
10329,35,11,2539.35,105,2024-01-29 17:53:59,2025-11-27 14:58:29,United Kingdom,230.85,667,2,1,2,212,Hibernating,0,3215.761426824297
10330,28,11,4600.49,137,2024-01-11 15:28:05,2025-12-04 14:39:02,United Kingdom,418.2263636363636,692,2,1,5,215,Hibernating,0,3215.761426824297
10331,1,11,4902.02,137,2024-01-14 05:57:43,2025-12-31 21:53:02,United Kingdom,445.63818181818186,717,5,1,5,515,New / Promising,0,3215.761426824297
10332,16,11,3781.64,129,2024-02-06 07:08:06,2025-12-16 01:53:36,United Kingdom,343.7854545454545,678,3,1,4,314,Need Attention,0,3215.761426824297
10333,15,11,2901.4,115,2024-01-27 21:12:15,2025-12-17 22:16:57,United Kingdom,263.76363636363635,690,3,1,3,313,Need Attention,0,3215.761426824297
10334,98,11,4174.23,145,2024-02-15 07:30:21,2025-09-25 00:02:10,United Kingdom,379.4754545454545,587,1,1,5,115,Hibernating,0,3215.761426824297
10335,3,11,2072.49,101,2024-02-14 11:23:17,2025-12-29 15:51:51,United Kingdom,188.4081818181818,684,5,1,1,511,New / Promising,0,3215.761426824297
10336,9,11,2382.18,122,2024-01-03 18:28:39,2025-12-23 08:01:36,United Kingdom,216.56181818181815,719,4,1,1,411,New / Promising,0,3215.761426824297
10337,2,11,3788.47,118,2024-01-04 18:17:44,2025-12-30 14:52:41,United Kingdom,344.4063636363636,725,5,1,4,514,New / Promising,0,3215.761426824297
10338,9,11,2074.65,100,2024-01-16 14:38:36,2025-12-23 05:06:26,United Kingdom,188.60454545454547,706,4,1,1,411,New / Promising,0,3215.761426824297
10339,75,11,2887.4,118,2024-01-03 04:52:58,2025-10-18 12:25:53,United Kingdom,262.4909090909091,654,1,1,3,113,Hibernating,0,3215.761426824297
10340,7,11,3172.66,118,2024-01-29 15:25:33,2025-12-25 05:32:24,United Kingdom,288.4236363636364,695,4,1,3,413,New / Promising,0,3215.761426824297
10341,10,11,2964.4700000000003,139,2024-01-07 12:53:09,2025-12-22 14:07:48,United Kingdom,269.49727272727273,715,4,1,3,413,New / Promising,0,3215.761426824297
10342,11,11,4021.47,146,2024-01-11 23:52:36,2025-12-21 22:48:12,United Kingdom,365.5881818181818,709,4,1,5,415,New / Promising,0,3215.761426824297
10343,23,11,6264.29,144,2024-03-15 18:02:44,2025-12-09 14:51:21,United Kingdom,569.4809090909091,633,2,1,5,215,Hibernating,0,3215.761426824297
10344,38,11,3268.7400000000002,110,2024-02-09 23:19:06,2025-11-24 14:17:24,United Kingdom,297.15818181818184,653,2,1,4,214,Hibernating,0,3215.761426824297
10345,44,11,4110.29,120,2024-02-01 08:00:18,2025-11-18 14:53:19,United Kingdom,373.6627272727273,656,1,1,5,115,Hibernating,0,3215.761426824297
10346,23,11,3425.34,119,2024-01-25 14:43:14,2025-12-09 11:43:02,Germany,311.3945454545455,683,2,1,4,214,Hibernating,0,3215.761426824297
10347,3,11,2829.7999999999997,118,2024-01-16 12:05:12,2025-12-29 17:20:52,United Kingdom,257.25454545454545,713,5,1,3,513,New / Promising,0,3215.761426824297
10348,2,11,4353.38,150,2024-03-05 12:25:04,2025-12-30 23:39:48,United Kingdom,395.76181818181817,665,5,1,5,515,New / Promising,0,3215.761426824297
10349,34,11,2141.94,107,2024-01-26 23:48:54,2025-11-28 16:58:42,United Kingdom,194.72181818181818,671,2,1,1,211,Hibernating,0,3215.761426824297
10350,9,11,2679.68,118,2024-06-06 18:38:39,2025-12-23 14:35:55,United Kingdom,243.60727272727271,564,4,1,2,412,New / Promising,0,3215.761426824297
10351,28,11,3889.9,126,2024-01-03 06:06:39,2025-12-04 22:10:05,United Kingdom,353.6272727272727,701,2,1,5,215,Hibernating,0,3215.761426824297
10352,7,11,2695.6800000000003,120,2024-01-22 04:11:39,2025-12-25 20:55:19,United Kingdom,245.0618181818182,703,4,1,2,412,New / Promising,0,3215.761426824297
10353,148,11,2247.79,103,2024-01-03 03:07:47,2025-08-06 21:14:59,United Kingdom,204.34454545454545,581,1,1,1,111,Hibernating,0,3215.761426824297
10354,1,11,2288.57,107,2024-01-20 15:56:52,2025-12-31 07:59:56,United Kingdom,208.0518181818182,710,5,1,1,511,New / Promising,0,3215.761426824297
10355,80,11,3942.94,119,2024-01-28 03:27:06,2025-10-13 08:59:14,United Kingdom,358.4490909090909,624,1,1,5,115,Hibernating,0,3215.761426824297
10356,58,11,2492.27,106,2024-01-03 09:04:01,2025-11-04 05:36:22,United Kingdom,226.57,670,1,1,2,112,Hibernating,0,3215.761426824297
10357,24,11,5216.91,151,2024-01-25 03:31:36,2025-12-08 15:47:55,United Kingdom,474.26454545454544,683,2,1,5,215,Hibernating,0,3215.761426824297
10358,17,11,2778.99,118,2024-02-15 18:37:41,2025-12-15 08:21:18,United Kingdom,252.63545454545454,668,3,1,2,312,Need Attention,0,3215.761426824297
10359,16,11,3105.9700000000003,132,2024-01-11 01:04:08,2025-12-16 05:47:48,United Kingdom,282.3609090909091,705,3,1,3,313,Need Attention,0,3215.761426824297
10360,16,11,2371.2,113,2024-01-13 00:19:16,2025-12-16 16:27:19,United Kingdom,215.56363636363633,703,3,1,1,311,Need Attention,0,3215.761426824297
10361,17,11,2128.35,107,2024-01-01 20:04:24,2025-12-15 20:28:21,United Kingdom,193.48636363636362,714,3,1,1,311,Need Attention,0,3215.761426824297
10362,6,11,2967.94,133,2024-01-01 09:58:36,2025-12-26 09:18:56,United Kingdom,269.8127272727273,724,5,1,3,513,New / Promising,0,3215.761426824297
10363,27,11,2293.55,121,2024-02-01 12:17:52,2025-12-05 03:43:18,United Kingdom,208.50454545454548,672,2,1,1,211,Hibernating,0,3215.761426824297
10364,5,11,3099.15,127,2024-01-05 23:51:42,2025-12-27 15:01:14,United Kingdom,281.7409090909091,721,5,1,3,513,New / Promising,0,3215.761426824297
10365,3,11,3072.17,109,2024-01-03 00:19:00,2025-12-29 07:23:58,United Kingdom,279.28818181818184,726,5,1,3,513,New / Promising,0,3215.761426824297
10366,1,11,2588.04,124,2024-01-10 22:35:25,2025-12-31 11:26:50,United Kingdom,235.27636363636364,720,5,1,2,512,New / Promising,0,3215.761426824297
10367,9,11,2355.37,100,2024-01-04 13:21:21,2025-12-23 16:42:03,United Kingdom,214.12454545454545,719,4,1,1,411,New / Promising,0,3215.761426824297
10368,15,11,3276.9,110,2024-01-19 06:54:59,2025-12-17 15:41:35,United Kingdom,297.90000000000003,698,3,1,4,314,Need Attention,0,3215.761426824297
10369,6,11,2410.27,97,2024-01-21 10:38:05,2025-12-26 13:44:12,United Kingdom,219.11545454545455,705,5,1,1,511,New / Promising,0,3215.761426824297
10370,6,11,3643.9900000000002,131,2024-01-06 07:53:18,2025-12-26 12:30:02,United Kingdom,331.2718181818182,720,5,1,4,514,New / Promising,0,3215.761426824297
10371,10,11,3545.68,119,2024-01-05 16:03:17,2025-12-22 23:47:55,United Kingdom,322.33454545454543,717,4,1,4,414,New / Promising,0,3215.761426824297
10372,7,11,3261.07,114,2024-01-24 09:20:17,2025-12-25 21:13:41,United Kingdom,296.4609090909091,701,4,1,4,414,New / Promising,0,3215.761426824297
10373,2,11,3158.5299999999997,126,2024-02-02 00:13:26,2025-12-30 18:20:56,United Kingdom,287.1390909090909,697,5,1,3,513,New / Promising,0,3215.761426824297
10374,36,11,2113.33,98,2024-01-01 04:49:32,2025-11-26 11:41:39,United Kingdom,192.1209090909091,695,2,1,1,211,Hibernating,0,3215.761426824297
10375,44,11,4266.63,122,2024-01-02 03:26:04,2025-11-18 19:51:35,United Kingdom,387.87545454545455,686,1,1,5,115,Hibernating,0,3215.761426824297
10376,24,11,2330.13,101,2024-01-02 21:14:00,2025-12-08 16:34:18,United Kingdom,211.83,705,2,1,1,211,Hibernating,0,3215.761426824297
10377,82,11,4317.3099999999995,119,2024-02-11 19:36:31,2025-10-11 08:32:22,United Kingdom,392.48272727272723,607,1,1,5,115,Hibernating,0,3215.761426824297
10378,19,11,4971.2,135,2024-02-08 21:34:28,2025-12-13 20:37:45,United Kingdom,451.92727272727274,673,3,1,5,315,Need Attention,0,3215.761426824297
10379,7,11,2977.95,122,2024-01-17 20:20:13,2025-12-25 14:13:16,United Kingdom,270.72272727272724,707,4,1,3,413,New / Promising,0,3215.761426824297
10380,30,11,3370.8100000000004,125,2024-03-02 08:52:47,2025-12-02 13:59:20,United Kingdom,306.4372727272728,640,2,1,4,214,Hibernating,0,3215.761426824297
10381,4,11,2217.07,108,2024-01-03 13:55:22,2025-12-28 17:22:00,United Kingdom,201.5518181818182,725,5,1,1,511,New / Promising,0,3215.761426824297
10382,1,11,5483.55,156,2024-02-18 19:53:21,2025-12-31 13:24:49,United Kingdom,498.50454545454545,681,5,1,5,515,New / Promising,0,3215.761426824297
10383,29,11,2850.18,118,2024-01-24 20:40:02,2025-12-03 22:44:41,United Kingdom,259.1072727272727,679,2,1,3,213,Hibernating,0,3215.761426824297
10384,14,11,4071.19,127,2024-01-25 09:07:57,2025-12-18 09:32:25,United Kingdom,370.10818181818183,693,3,1,5,315,Need Attention,0,3215.761426824297
10385,18,11,5114.36,134,2024-01-21 11:18:25,2025-12-14 13:20:12,United Kingdom,464.9418181818182,693,3,1,5,315,Need Attention,0,3215.761426824297
10386,19,11,3292.86,118,2024-01-05 00:58:21,2025-12-13 05:08:36,United Kingdom,299.3509090909091,708,3,1,4,314,Need Attention,0,3215.761426824297
10387,21,11,2989.63,107,2024-01-08 01:59:42,2025-12-11 13:31:13,United Kingdom,271.7845454545455,703,3,1,3,313,Need Attention,0,3215.761426824297
10388,3,11,2956.51,128,2024-01-18 07:45:32,2025-12-29 13:11:42,United Kingdom,268.7736363636364,711,5,1,3,513,New / Promising,0,3215.761426824297
10389,42,11,2129.52,115,2024-01-20 11:16:57,2025-11-20 23:33:13,United Kingdom,193.59272727272727,670,1,1,1,111,Hibernating,0,3215.761426824297
10390,4,11,4308.48,142,2024-01-11 10:01:44,2025-12-28 10:56:42,United Kingdom,391.67999999999995,717,5,1,5,515,New / Promising,0,3215.761426824297
10391,24,11,2515.86,108,2024-01-26 05:38:13,2025-12-08 09:20:51,United Kingdom,228.71454545454546,682,2,1,2,212,Hibernating,0,3215.761426824297
10392,41,11,3242.92,121,2024-01-15 20:23:23,2025-11-21 06:36:27,United Kingdom,294.8109090909091,675,1,1,4,114,Hibernating,0,3215.761426824297
10393,9,11,2238.55,106,2024-02-09 03:30:23,2025-12-23 15:10:50,United Kingdom,203.50454545454548,683,4,1,1,411,New / Promising,0,3215.761426824297
10394,36,11,3344.67,124,2024-01-01 00:15:43,2025-11-26 21:07:13,United Kingdom,304.0609090909091,695,2,1,4,214,Hibernating,0,3215.761426824297
10395,10,11,3198.4,120,2024-04-10 07:15:43,2025-12-22 19:54:15,United Kingdom,290.76363636363635,621,4,1,3,413,New / Promising,0,3215.761426824297
10396,12,10,4285.96,135,2024-01-11 10:59:59,2025-12-20 16:26:37,United Kingdom,428.596,709,4,1,5,415,New / Promising,1,3109.399468085106
10397,29,11,2800.51,118,2024-01-26 22:02:22,2025-12-03 06:48:27,United Kingdom,254.5918181818182,676,2,1,2,212,Hibernating,0,3215.761426824297
10398,2,11,3041.96,121,2024-02-01 11:32:44,2025-12-30 04:21:51,United Kingdom,276.5418181818182,697,5,1,3,513,New / Promising,0,3215.761426824297
10399,12,11,2058.67,95,2024-02-01 06:31:50,2025-12-20 20:13:16,United Kingdom,187.1518181818182,688,4,1,1,411,New / Promising,0,3215.761426824297
10400,10,11,2603.46,121,2024-02-24 08:55:37,2025-12-22 07:57:01,United Kingdom,236.67818181818183,666,4,1,2,412,New / Promising,0,3215.761426824297
10401,2,11,3470.69,131,2024-02-14 11:58:49,2025-12-30 05:47:12,United Kingdom,315.5172727272727,684,5,1,4,514,New / Promising,0,3215.761426824297
10402,30,11,2134.56,105,2024-02-06 18:34:02,2025-12-02 12:15:31,United Kingdom,194.05090909090907,664,2,1,1,211,Hibernating,0,3215.761426824297
10403,1,11,3593.42,124,2024-01-07 15:08:38,2025-12-31 09:39:09,United Kingdom,326.67454545454547,723,5,1,4,514,New / Promising,0,3215.761426824297
10404,4,11,3645.6,142,2024-01-28 13:42:08,2025-12-28 04:54:52,United Kingdom,331.41818181818184,699,5,1,4,514,New / Promising,0,3215.761426824297
10405,1,11,3042.82,116,2024-01-12 12:39:25,2025-12-31 16:45:21,United Kingdom,276.62,719,5,1,3,513,New / Promising,0,3215.761426824297
10406,14,11,3063.48,125,2024-01-10 08:15:11,2025-12-18 15:17:03,United Kingdom,278.4981818181818,708,3,1,3,313,Need Attention,0,3215.761426824297
10407,39,11,4935.77,158,2024-01-08 20:41:33,2025-11-23 15:26:40,United Kingdom,448.7063636363637,684,1,1,5,115,Hibernating,0,3215.761426824297
10408,10,11,3104.93,117,2024-04-02 05:18:13,2025-12-22 04:17:37,United Kingdom,282.2663636363636,628,4,1,3,413,New / Promising,0,3215.761426824297
10409,2,11,2559.06,119,2024-01-16 20:37:03,2025-12-30 19:28:10,United Kingdom,232.64181818181817,713,5,1,2,512,New / Promising,0,3215.761426824297
10410,26,10,3586.3300000000004,113,2024-01-22 22:06:02,2025-12-06 16:39:26,United Kingdom,358.63300000000004,683,2,1,4,214,Hibernating,1,3109.399468085106
10411,1,11,3215.67,106,2024-02-13 16:17:02,2025-12-31 22:04:53,United Kingdom,292.33363636363634,687,5,1,3,513,New / Promising,0,3215.761426824297
10412,22,11,2365.43,110,2024-01-15 02:28:47,2025-12-10 08:32:00,United Kingdom,215.0390909090909,695,3,1,1,311,Need Attention,0,3215.761426824297
10413,11,11,2823.25,115,2024-02-03 01:05:34,2025-12-21 10:52:02,United Kingdom,256.65909090909093,687,4,1,3,413,New / Promising,0,3215.761426824297
10414,8,11,3197.07,106,2024-03-25 05:01:32,2025-12-24 05:25:30,United Kingdom,290.6427272727273,639,4,1,3,413,New / Promising,0,3215.761426824297
10415,31,11,2525.43,114,2024-01-28 17:28:03,2025-12-01 06:07:51,United Kingdom,229.58454545454543,672,2,1,2,212,Hibernating,0,3215.761426824297
10416,12,11,2064.48,104,2024-02-05 10:46:39,2025-12-20 21:56:06,United Kingdom,187.68,684,4,1,1,411,New / Promising,0,3215.761426824297
10417,23,11,2241.32,107,2024-01-10 05:47:50,2025-12-09 22:51:11,United Kingdom,203.75636363636366,699,2,1,1,211,Hibernating,0,3215.761426824297
10418,16,11,4399.21,121,2024-02-03 21:45:53,2025-12-16 17:59:37,United Kingdom,399.9281818181818,681,3,1,5,315,Need Attention,0,3215.761426824297
10419,1,11,4381.3,118,2024-01-10 09:57:43,2025-12-31 16:54:21,United Kingdom,398.3,721,5,1,5,515,New / Promising,0,3215.761426824297
10420,9,11,3512.43,134,2024-01-30 02:31:29,2025-12-23 15:44:29,United Kingdom,319.3118181818182,693,4,1,4,414,New / Promising,0,3215.761426824297
10421,2,11,3029.04,112,2024-01-16 13:14:48,2025-12-30 13:01:07,United Kingdom,275.36727272727273,713,5,1,3,513,New / Promising,0,3215.761426824297
10422,15,11,2385.7,119,2024-01-05 11:02:19,2025-12-17 00:12:55,United Kingdom,216.88181818181818,711,3,1,1,311,Need Attention,0,3215.761426824297
10423,4,11,2355.11,118,2024-03-14 06:58:19,2025-12-28 12:08:31,United Kingdom,214.1009090909091,654,5,1,1,511,New / Promising,0,3215.761426824297
10424,12,11,5224.45,163,2024-01-30 00:43:05,2025-12-20 05:05:39,United Kingdom,474.95,690,4,1,5,415,New / Promising,0,3215.761426824297
10425,24,11,5802.69,149,2024-02-01 14:34:01,2025-12-08 08:18:58,United Kingdom,527.5172727272727,675,2,1,5,215,Hibernating,0,3215.761426824297
10426,34,11,5068.780000000001,145,2024-01-09 09:48:50,2025-11-28 21:58:43,United Kingdom,460.7981818181819,689,2,1,5,215,Hibernating,0,3215.761426824297
10427,36,11,3226.88,120,2024-02-07 03:14:13,2025-11-26 15:27:23,United Kingdom,293.3527272727273,658,2,1,4,214,Hibernating,0,3215.761426824297
10428,21,11,9817.91,182,2024-03-21 16:40:09,2025-12-11 01:51:35,United Kingdom,892.5372727272727,629,3,1,5,315,Need Attention,0,3215.761426824297
10429,2,11,2967.58,124,2024-03-16 10:58:03,2025-12-30 11:18:59,United Kingdom,269.78,654,5,1,3,513,New / Promising,0,3215.761426824297
10430,38,11,2690.54,124,2024-02-25 23:47:10,2025-11-24 05:24:26,United Kingdom,244.59454545454545,637,2,1,2,212,Hibernating,0,3215.761426824297
10431,2,11,4078.46,129,2024-01-28 19:55:54,2025-12-30 08:12:53,United Kingdom,370.7690909090909,701,5,1,5,515,New / Promising,0,3215.761426824297
10432,13,11,3652.96,130,2024-01-03 23:27:03,2025-12-19 09:14:03,United Kingdom,332.0872727272727,715,4,1,4,414,New / Promising,0,3215.761426824297
10433,34,11,2876.5099999999998,107,2024-01-06 10:00:44,2025-11-28 05:04:26,United Kingdom,261.5009090909091,691,2,1,3,213,Hibernating,0,3215.761426824297
10434,47,11,2215.79,100,2024-01-21 07:23:45,2025-11-15 12:55:02,United Kingdom,201.43545454545455,664,1,1,1,111,Hibernating,0,3215.761426824297
10435,2,11,2593.91,115,2024-01-05 02:35:33,2025-12-30 16:08:37,United Kingdom,235.80999999999997,725,5,1,2,512,New / Promising,0,3215.761426824297
10436,38,11,2371.97,116,2024-03-19 01:24:56,2025-11-24 06:20:41,United Kingdom,215.63363636363636,615,2,1,1,211,Hibernating,0,3215.761426824297
10437,82,11,2310.89,110,2024-01-01 02:20:24,2025-10-11 02:38:36,United Kingdom,210.08090909090907,649,1,1,1,111,Hibernating,0,3215.761426824297
10438,24,11,2469.38,114,2024-02-11 10:23:14,2025-12-08 18:52:40,United Kingdom,224.48909090909092,666,2,1,2,212,Hibernating,0,3215.761426824297
10439,6,11,3001.36,131,2024-01-10 21:05:38,2025-12-26 03:03:57,United Kingdom,272.8509090909091,715,5,1,3,513,New / Promising,0,3215.761426824297
10440,3,11,4667.71,151,2024-01-08 13:19:26,2025-12-29 04:23:43,United Kingdom,424.3372727272727,720,5,1,5,515,New / Promising,0,3215.761426824297
10441,6,11,1811.8,91,2024-01-02 21:45:13,2025-12-26 07:21:50,United Kingdom,164.70909090909092,723,5,1,1,511,New / Promising,0,3215.761426824297
10442,5,11,3104.2,116,2024-01-25 08:37:40,2025-12-27 08:47:38,United Kingdom,282.2,702,5,1,3,513,New / Promising,0,3215.761426824297
10443,17,11,2807.3,111,2024-01-30 06:09:35,2025-12-15 14:53:48,United Kingdom,255.20909090909092,685,3,1,2,312,Need Attention,0,3215.761426824297
10444,14,11,2728.63,122,2024-01-12 23:12:55,2025-12-18 08:37:02,United Kingdom,248.05727272727273,705,3,1,2,312,Need Attention,0,3215.761426824297
10445,6,11,2490.82,111,2024-01-02 15:38:47,2025-12-26 23:11:17,United Kingdom,226.43818181818185,724,5,1,2,512,New / Promising,0,3215.761426824297
10446,9,11,2815.52,104,2024-01-15 05:32:48,2025-12-23 16:39:29,United Kingdom,255.95636363636365,708,4,1,2,412,New / Promising,0,3215.761426824297
10447,32,11,3790.8,131,2024-01-21 01:49:55,2025-11-30 03:09:13,United Kingdom,344.6181818181818,679,2,1,4,214,Hibernating,0,3215.761426824297
10448,20,11,2103.35,103,2024-01-10 09:24:39,2025-12-12 19:15:31,United Kingdom,191.21363636363637,702,3,1,1,311,Need Attention,0,3215.761426824297
10449,1,11,3098.07,114,2024-01-24 13:39:46,2025-12-31 21:52:45,United Kingdom,281.6427272727273,707,5,1,3,513,New / Promising,0,3215.761426824297
10450,4,11,2400.25,105,2024-01-13 20:39:55,2025-12-28 20:50:12,United Kingdom,218.20454545454547,715,5,1,1,511,New / Promising,0,3215.761426824297
10451,4,11,2474.27,106,2024-01-13 05:58:05,2025-12-28 02:51:48,United Kingdom,224.93363636363637,714,5,1,2,512,New / Promising,0,3215.761426824297
10452,41,11,2734.93,115,2024-01-01 00:07:03,2025-11-21 09:10:51,United Kingdom,248.63,690,1,1,2,112,Hibernating,0,3215.761426824297
10453,16,11,3140.66,132,2024-03-08 02:32:57,2025-12-16 19:20:26,United Kingdom,285.51454545454544,648,3,1,3,313,Need Attention,0,3215.761426824297
10454,9,11,3544.47,129,2024-01-03 13:15:33,2025-12-23 11:49:39,United Kingdom,322.2245454545454,719,4,1,4,414,New / Promising,0,3215.761426824297
10455,10,11,3051.41,105,2024-02-01 23:50:59,2025-12-22 03:03:31,United Kingdom,277.40090909090907,689,4,1,3,413,New / Promising,0,3215.761426824297
10456,1,11,3089.1800000000003,119,2024-01-09 22:43:03,2025-12-31 03:12:17,United Kingdom,280.8345454545455,721,5,1,3,513,New / Promising,0,3215.761426824297
10457,4,11,2625.71,118,2024-01-03 06:56:09,2025-12-28 18:06:30,United Kingdom,238.7009090909091,725,5,1,2,512,New / Promising,0,3215.761426824297
10458,77,11,2170.2799999999997,99,2024-02-09 13:47:02,2025-10-16 05:01:15,United Kingdom,197.2981818181818,614,1,1,1,111,Hibernating,0,3215.761426824297
10459,22,11,4012.38,131,2024-01-22 07:32:09,2025-12-10 06:56:10,United Kingdom,364.76181818181817,687,3,1,5,315,Need Attention,0,3215.761426824297
10460,2,11,4106.02,135,2024-01-09 03:43:15,2025-12-30 15:03:36,United Kingdom,373.2745454545455,721,5,1,5,515,New / Promising,0,3215.761426824297
10461,25,11,4009.98,120,2024-02-03 02:20:44,2025-12-07 04:36:28,United Kingdom,364.5436363636364,673,2,1,5,215,Hibernating,0,3215.761426824297
10462,44,11,3447.9,131,2024-01-17 04:39:47,2025-11-18 14:53:51,United Kingdom,313.44545454545454,671,1,1,4,114,Hibernating,0,3215.761426824297
10463,48,11,3854.02,122,2024-01-08 17:21:19,2025-11-14 03:39:38,United Kingdom,350.36545454545455,675,1,1,5,115,Hibernating,0,3215.761426824297
10464,5,11,3610.4700000000003,139,2024-01-03 18:49:35,2025-12-27 11:09:01,United Kingdom,328.2245454545455,723,5,1,4,514,New / Promising,0,3215.761426824297
10465,30,11,2821.68,107,2024-01-08 02:47:12,2025-12-02 08:03:57,United Kingdom,256.5163636363636,694,2,1,3,213,Hibernating,0,3215.761426824297
10466,5,11,3285.23,122,2024-01-05 18:46:51,2025-12-27 07:35:18,United Kingdom,298.65727272727275,721,5,1,4,514,New / Promising,0,3215.761426824297
10467,27,11,2861.53,117,2024-01-08 02:36:56,2025-12-05 13:09:10,United Kingdom,260.13909090909095,697,2,1,3,213,Hibernating,0,3215.761426824297
10468,16,11,2793.0,114,2024-01-03 08:14:34,2025-12-16 21:52:38,United Kingdom,253.9090909090909,713,3,1,2,312,Need Attention,0,3215.761426824297
10469,9,11,3228.18,124,2024-01-20 18:49:42,2025-12-23 03:01:19,United Kingdom,293.47090909090906,702,4,1,4,414,New / Promising,0,3215.761426824297
10470,1,11,2830.7,122,2024-01-01 03:22:59,2025-12-31 13:30:33,United Kingdom,257.3363636363636,730,5,1,3,513,New / Promising,0,3215.761426824297
10471,31,11,2634.84,111,2024-01-12 22:52:16,2025-12-01 11:17:57,United Kingdom,239.5309090909091,688,2,1,2,212,Hibernating,0,3215.761426824297
10472,29,11,5022.07,130,2024-01-11 06:04:59,2025-12-03 01:08:25,United Kingdom,456.55181818181813,691,2,1,5,215,Hibernating,0,3215.761426824297
10473,18,11,2649.85,111,2024-01-04 19:56:32,2025-12-14 04:46:31,United Kingdom,240.89545454545453,709,3,1,2,312,Need Attention,0,3215.761426824297
10474,23,11,2944.33,118,2024-01-05 17:57:10,2025-12-09 17:45:08,United Kingdom,267.66636363636366,703,2,1,3,213,Hibernating,0,3215.761426824297
10475,39,11,3461.6099999999997,124,2024-01-16 21:49:59,2025-11-23 00:44:09,United Kingdom,314.6918181818182,676,1,1,4,114,Hibernating,0,3215.761426824297
10476,3,11,2634.96,121,2024-02-10 08:37:28,2025-12-29 15:34:00,United Kingdom,239.54181818181817,688,5,1,2,512,New / Promising,0,3215.761426824297
10477,3,11,4595.15,141,2024-01-13 03:33:52,2025-12-29 12:26:27,United Kingdom,417.74090909090904,716,5,1,5,515,New / Promising,0,3215.761426824297
10478,24,11,2208.02,103,2024-04-14 01:54:03,2025-12-08 08:30:00,United Kingdom,200.7290909090909,603,2,1,1,211,Hibernating,0,3215.761426824297
10479,5,11,3419.23,129,2024-01-19 18:58:18,2025-12-27 04:13:13,United Kingdom,310.8390909090909,707,5,1,4,514,New / Promising,0,3215.761426824297
10480,28,11,2261.69,118,2024-02-05 17:30:27,2025-12-04 11:27:38,United Kingdom,205.60818181818183,667,2,1,1,211,Hibernating,0,3215.761426824297
10481,69,11,2370.94,108,2024-01-03 06:06:45,2025-10-24 23:18:45,United Kingdom,215.54,660,1,1,1,111,Hibernating,0,3215.761426824297
10482,28,11,3319.48,130,2024-01-03 12:44:03,2025-12-04 13:35:58,United Kingdom,301.7709090909091,701,2,1,4,214,Hibernating,0,3215.761426824297
10483,39,11,5345.25,167,2024-03-05 00:08:15,2025-11-23 08:40:29,United Kingdom,485.9318181818182,628,1,1,5,115,Hibernating,0,3215.761426824297
10484,75,11,2318.25,93,2024-01-02 08:31:43,2025-10-18 04:06:06,United Kingdom,210.75,654,1,1,1,111,Hibernating,0,3215.761426824297
10485,12,11,2822.68,101,2024-01-05 18:21:37,2025-12-20 10:14:43,United Kingdom,256.6072727272727,714,4,1,3,413,New / Promising,0,3215.761426824297
10486,2,11,2134.61,113,2024-01-04 11:06:14,2025-12-30 18:33:43,United Kingdom,194.05545454545455,726,5,1,1,511,New / Promising,0,3215.761426824297
10487,10,11,3816.37,126,2024-01-24 01:09:45,2025-12-22 05:57:55,United Kingdom,346.94272727272727,698,4,1,4,414,New / Promising,0,3215.761426824297
10488,22,11,3217.17,111,2024-02-10 21:05:23,2025-12-10 21:26:27,United Kingdom,292.47,669,3,1,3,313,Need Attention,0,3215.761426824297
10489,1,11,3576.49,117,2024-02-09 23:40:15,2025-12-31 05:10:35,United Kingdom,325.13545454545454,690,5,1,4,514,New / Promising,0,3215.761426824297
10490,51,11,3841.87,116,2024-01-10 08:21:59,2025-11-11 21:22:15,United Kingdom,349.2609090909091,671,1,1,4,114,Hibernating,0,3215.761426824297
10491,25,11,3569.31,122,2024-02-01 01:21:56,2025-12-07 13:52:29,United Kingdom,324.4827272727273,675,2,1,4,214,Hibernating,0,3215.761426824297
10492,27,11,2952.8599999999997,128,2024-02-25 17:18:29,2025-12-05 22:33:45,United Kingdom,268.4418181818182,649,2,1,3,213,Hibernating,0,3215.761426824297
10493,16,11,3179.62,124,2024-01-05 11:09:50,2025-12-16 13:43:08,United Kingdom,289.05636363636364,711,3,1,3,313,Need Attention,0,3215.761426824297
10494,18,11,2459.09,109,2024-01-13 20:55:00,2025-12-14 17:39:09,United Kingdom,223.55363636363637,700,3,1,2,312,Need Attention,0,3215.761426824297
10495,7,11,4000.02,133,2024-01-05 21:10:09,2025-12-25 09:33:23,United Kingdom,363.6381818181818,719,4,1,5,415,New / Promising,0,3215.761426824297
10496,7,11,2176.89,114,2024-01-24 19:51:21,2025-12-25 00:28:45,United Kingdom,197.8990909090909,700,4,1,1,411,New / Promising,0,3215.761426824297
10497,12,11,3087.1,115,2024-01-23 14:08:55,2025-12-20 19:12:35,United Kingdom,280.6454545454545,697,4,1,3,413,New / Promising,0,3215.761426824297
10498,27,11,3994.59,139,2024-03-05 00:09:46,2025-12-05 18:40:18,United Kingdom,363.1445454545455,640,2,1,5,215,Hibernating,0,3215.761426824297
10499,19,11,6010.02,157,2024-02-03 21:35:55,2025-12-13 13:43:21,United Kingdom,546.3654545454546,678,3,1,5,315,Need Attention,0,3215.761426824297
10500,1,11,3636.5,125,2024-01-30 15:35:26,2025-12-31 06:21:03,United Kingdom,330.59090909090907,700,5,1,4,514,New / Promising,0,3215.761426824297
10501,4,11,2755.7,110,2024-01-05 15:37:17,2025-12-28 21:49:25,United Kingdom,250.5181818181818,723,5,1,2,512,New / Promising,0,3215.761426824297
10502,16,11,3005.5299999999997,123,2024-01-08 11:04:27,2025-12-16 06:09:48,United Kingdom,273.22999999999996,707,3,1,3,313,Need Attention,0,3215.761426824297
10503,14,11,3108.23,130,2024-01-15 20:25:16,2025-12-18 03:06:56,United Kingdom,282.56636363636363,702,3,1,3,313,Need Attention,0,3215.761426824297
10504,29,11,2688.02,114,2024-01-07 09:10:27,2025-12-03 23:20:18,United Kingdom,244.36545454545455,696,2,1,2,212,Hibernating,0,3215.761426824297
10505,54,11,3823.0099999999998,121,2024-01-01 12:14:16,2025-11-08 14:58:36,United Kingdom,347.5463636363636,677,1,1,4,114,Hibernating,0,3215.761426824297
10506,19,11,3734.29,131,2024-01-03 23:58:17,2025-12-13 13:58:02,United Kingdom,339.4809090909091,709,3,1,4,314,Need Attention,0,3215.761426824297
10507,24,11,2705.56,115,2024-01-05 06:37:32,2025-12-08 15:55:06,United Kingdom,245.96,703,2,1,2,212,Hibernating,0,3215.761426824297
10508,6,11,2492.62,105,2024-01-01 22:45:15,2025-12-26 07:19:15,United Kingdom,226.60181818181817,724,5,1,2,512,New / Promising,0,3215.761426824297
10509,25,11,2642.39,113,2024-01-18 15:54:06,2025-12-07 19:58:41,United Kingdom,240.21727272727273,689,2,1,2,212,Hibernating,0,3215.761426824297
10510,7,11,2052.51,102,2024-01-08 21:28:21,2025-12-25 22:54:20,United Kingdom,186.5918181818182,717,4,1,1,411,New / Promising,0,3215.761426824297
10511,4,11,3237.39,111,2024-02-07 23:37:58,2025-12-28 18:10:14,United Kingdom,294.3081818181818,689,5,1,4,514,New / Promising,0,3215.761426824297
10512,14,11,2757.04,119,2024-01-20 00:49:08,2025-12-18 12:46:34,United Kingdom,250.64,698,3,1,2,312,Need Attention,0,3215.761426824297
10513,66,11,3506.8,138,2024-01-02 15:09:57,2025-10-27 04:38:13,United Kingdom,318.8,663,1,1,4,114,Hibernating,0,3215.761426824297
10514,9,11,3507.28,132,2024-02-05 03:11:56,2025-12-23 08:02:55,France,318.8436363636364,687,4,1,4,414,New / Promising,0,3215.761426824297
10515,20,11,2516.18,106,2024-01-07 07:36:19,2025-12-12 20:10:40,United Kingdom,228.74363636363634,705,3,1,2,312,Need Attention,0,3215.761426824297
10516,28,11,3165.65,116,2024-01-01 18:01:21,2025-12-04 19:16:25,United Kingdom,287.78636363636366,703,2,1,3,213,Hibernating,0,3215.761426824297
10517,4,11,4107.0,131,2024-01-06 23:56:42,2025-12-28 22:44:04,United Kingdom,373.3636363636364,721,5,1,5,515,New / Promising,0,3215.761426824297
10518,31,11,3761.67,124,2024-01-29 08:54:52,2025-12-01 06:29:11,United Kingdom,341.97,671,2,1,4,214,Hibernating,0,3215.761426824297
10519,9,11,2866.88,124,2024-02-27 00:30:00,2025-12-23 12:55:59,United Kingdom,260.62545454545455,665,4,1,3,413,New / Promising,0,3215.761426824297
10520,1,11,3815.3,130,2024-02-07 08:43:38,2025-12-31 19:12:02,United Kingdom,346.8454545454546,693,5,1,4,514,New / Promising,0,3215.761426824297
10521,2,11,4587.63,131,2024-02-11 22:42:16,2025-12-30 21:39:01,United Kingdom,417.05727272727273,687,5,1,5,515,New / Promising,0,3215.761426824297
10522,15,11,2332.2,110,2024-01-01 21:05:26,2025-12-17 19:07:45,United Kingdom,212.0181818181818,715,3,1,1,311,Need Attention,0,3215.761426824297
10523,7,11,3318.25,128,2024-03-01 03:44:27,2025-12-25 15:10:27,United Kingdom,301.65909090909093,664,4,1,4,414,New / Promising,0,3215.761426824297
10524,9,11,2316.75,111,2024-01-12 02:00:21,2025-12-23 19:17:13,United Kingdom,210.61363636363637,711,4,1,1,411,New / Promising,0,3215.761426824297
10525,7,11,3285.27,116,2024-01-11 23:23:47,2025-12-25 00:51:05,United Kingdom,298.6609090909091,713,4,1,4,414,New / Promising,0,3215.761426824297
10526,37,11,2258.2,107,2024-01-10 18:10:37,2025-11-25 16:59:26,United Kingdom,205.29090909090908,684,2,1,1,211,Hibernating,0,3215.761426824297
10527,20,11,2273.12,109,2024-01-10 07:57:28,2025-12-12 15:45:56,United Kingdom,206.6472727272727,702,3,1,1,311,Need Attention,0,3215.761426824297
10528,16,11,3321.5299999999997,114,2024-02-07 19:41:06,2025-12-16 03:29:04,United Kingdom,301.9572727272727,677,3,1,4,314,Need Attention,0,3215.761426824297
10529,27,11,2492.79,114,2024-01-11 14:28:32,2025-12-05 21:28:15,United Kingdom,226.61727272727273,694,2,1,2,212,Hibernating,0,3215.761426824297
10530,42,11,3589.62,114,2024-02-01 11:12:07,2025-11-20 13:29:20,United Kingdom,326.3290909090909,658,1,1,4,114,Hibernating,0,3215.761426824297
10531,7,11,2689.67,129,2024-02-26 22:03:28,2025-12-25 06:12:30,United Kingdom,244.51545454545456,667,4,1,2,412,New / Promising,0,3215.761426824297
10532,43,11,3033.89,110,2024-03-14 06:29:57,2025-11-19 07:08:03,United Kingdom,275.8081818181818,615,1,1,3,113,Hibernating,0,3215.761426824297
10533,3,11,2309.51,98,2024-01-12 16:03:42,2025-12-29 06:30:10,United Kingdom,209.95545454545456,716,5,1,1,511,New / Promising,0,3215.761426824297
10534,16,11,2757.14,106,2024-01-16 18:49:41,2025-12-16 15:12:30,United Kingdom,250.6490909090909,699,3,1,2,312,Need Attention,0,3215.761426824297
10535,22,11,3090.58,109,2024-01-05 21:05:14,2025-12-10 08:44:48,United Kingdom,280.96181818181816,704,3,1,3,313,Need Attention,0,3215.761426824297
10536,19,11,5327.0,149,2024-01-24 12:31:22,2025-12-13 01:03:51,United Kingdom,484.27272727272725,688,3,1,5,315,Need Attention,0,3215.761426824297
10537,12,11,3063.9,124,2024-01-03 23:44:05,2025-12-20 21:46:33,United Kingdom,278.53636363636366,716,4,1,3,413,New / Promising,0,3215.761426824297
10538,8,11,2919.88,116,2024-01-16 20:53:16,2025-12-24 15:30:22,United Kingdom,265.44363636363636,707,4,1,3,413,New / Promising,0,3215.761426824297
10539,36,11,2189.63,103,2024-02-20 03:38:32,2025-11-26 18:43:10,United Kingdom,199.05727272727273,645,2,1,1,211,Hibernating,0,3215.761426824297
10540,7,11,3811.31,118,2024-01-17 22:49:17,2025-12-25 10:04:10,United Kingdom,346.4827272727273,707,4,1,4,414,New / Promising,0,3215.761426824297
10541,12,11,2685.0099999999998,121,2024-01-12 00:08:59,2025-12-20 09:54:09,United Kingdom,244.09181818181816,708,4,1,2,412,New / Promising,0,3215.761426824297
10542,46,11,3404.76,105,2024-01-20 07:15:50,2025-11-16 20:07:54,United Kingdom,309.5236363636364,666,1,1,4,114,Hibernating,0,3215.761426824297
10543,3,11,2831.7,112,2024-01-16 22:39:37,2025-12-29 02:36:19,United Kingdom,257.42727272727274,712,5,1,3,513,New / Promising,0,3215.761426824297
10544,25,11,2715.21,129,2024-02-25 10:29:50,2025-12-07 03:55:46,United Kingdom,246.83727272727273,650,2,1,2,212,Hibernating,0,3215.761426824297
10545,48,11,2511.7200000000003,117,2024-01-21 22:26:48,2025-11-14 01:22:50,United Kingdom,228.33818181818185,662,1,1,2,112,Hibernating,0,3215.761426824297
10546,12,11,3631.67,123,2024-01-06 07:57:00,2025-12-20 18:11:35,United Kingdom,330.1518181818182,714,4,1,4,414,New / Promising,0,3215.761426824297
10547,15,11,2884.23,102,2024-01-22 19:57:33,2025-12-17 07:33:12,United Kingdom,262.20272727272726,694,3,1,3,313,Need Attention,0,3215.761426824297
10548,10,11,3571.34,128,2024-01-05 17:39:51,2025-12-22 23:39:00,United Kingdom,324.66727272727275,717,4,1,4,414,New / Promising,0,3215.761426824297
10549,25,11,3057.83,127,2024-01-17 03:41:51,2025-12-07 11:46:38,United Kingdom,277.98454545454547,690,2,1,3,213,Hibernating,0,3215.761426824297
10550,15,11,3162.36,118,2024-01-11 07:48:06,2025-12-17 23:36:31,United Kingdom,287.48727272727274,706,3,1,3,313,Need Attention,0,3215.761426824297
10551,7,11,4160.9800000000005,136,2024-01-05 00:46:37,2025-12-25 10:59:28,United Kingdom,378.27090909090913,720,4,1,5,415,New / Promising,0,3215.761426824297
10552,1,11,4090.4100000000003,123,2024-01-10 17:47:44,2025-12-31 21:08:17,United Kingdom,371.85545454545456,721,5,1,5,515,New / Promising,0,3215.761426824297
10553,46,11,2699.6800000000003,108,2024-01-04 21:48:40,2025-11-16 21:02:07,United Kingdom,245.42545454545458,681,1,1,2,112,Hibernating,0,3215.761426824297
10554,17,11,3329.08,125,2024-01-07 08:41:20,2025-12-15 17:09:11,United Kingdom,302.64363636363635,708,3,1,4,314,Need Attention,0,3215.761426824297
10555,21,11,2681.5,125,2024-01-12 03:22:34,2025-12-11 12:48:31,United Kingdom,243.77272727272728,699,3,1,2,312,Need Attention,0,3215.761426824297
10556,5,11,3779.0699999999997,126,2024-01-25 07:55:03,2025-12-27 01:58:10,France,343.55181818181813,701,5,1,4,514,New / Promising,0,3215.761426824297
10557,62,11,2946.0,108,2024-01-25 01:34:22,2025-10-31 19:22:56,United Kingdom,267.8181818181818,645,1,1,3,113,Hibernating,0,3215.761426824297
10558,29,11,4134.48,141,2024-01-07 22:28:47,2025-12-03 21:17:15,United Kingdom,375.86181818181814,695,2,1,5,215,Hibernating,0,3215.761426824297
10559,1,11,3181.73,108,2024-01-13 23:20:31,2025-12-31 02:59:33,United Kingdom,289.2481818181818,717,5,1,3,513,New / Promising,0,3215.761426824297
10560,41,11,3297.65,131,2024-03-16 11:08:55,2025-11-21 20:20:55,United Kingdom,299.78636363636366,615,1,1,4,114,Hibernating,0,3215.761426824297
10561,45,11,3121.22,108,2024-01-30 04:12:46,2025-11-17 14:15:32,United Kingdom,283.74727272727273,657,1,1,3,113,Hibernating,0,3215.761426824297
10562,5,11,2783.36,114,2024-01-04 08:35:13,2025-12-27 21:58:03,United Kingdom,253.03272727272727,723,5,1,2,512,New / Promising,0,3215.761426824297
10563,39,11,3700.27,117,2024-01-21 17:55:37,2025-11-23 17:04:15,United Kingdom,336.3881818181818,671,1,1,4,114,Hibernating,0,3215.761426824297
10564,29,11,2576.9900000000002,115,2024-01-01 12:12:46,2025-12-03 08:05:40,United Kingdom,234.2718181818182,701,2,1,2,212,Hibernating,0,3215.761426824297
10565,33,11,3087.6800000000003,113,2024-01-11 16:22:35,2025-11-29 23:08:12,United Kingdom,280.69818181818187,688,2,1,3,213,Hibernating,0,3215.761426824297
10566,3,11,2564.42,119,2024-01-05 02:58:23,2025-12-29 16:40:47,United Kingdom,233.1290909090909,724,5,1,2,512,New / Promising,0,3215.761426824297
10567,36,11,3044.0,97,2024-01-10 11:28:19,2025-11-26 05:52:51,United Kingdom,276.72727272727275,685,2,1,3,213,Hibernating,0,3215.761426824297
10568,50,11,5025.68,148,2024-01-28 04:23:55,2025-11-12 09:08:16,United Kingdom,456.88000000000005,654,1,1,5,115,Hibernating,0,3215.761426824297
10569,24,10,3770.15,120,2024-01-05 17:52:16,2025-12-08 21:26:07,United Kingdom,377.015,703,2,1,4,214,Hibernating,1,3109.399468085106
10570,34,11,2708.87,110,2024-01-09 04:56:01,2025-11-28 01:22:44,United Kingdom,246.26090909090908,688,2,1,2,212,Hibernating,0,3215.761426824297
10571,4,11,4082.74,135,2024-01-04 10:38:54,2025-12-28 01:03:28,United Kingdom,371.1581818181818,723,5,1,5,515,New / Promising,0,3215.761426824297
10572,51,11,1838.3700000000001,89,2024-01-11 12:39:09,2025-11-11 17:20:25,United Kingdom,167.12454545454545,670,1,1,1,111,Hibernating,0,3215.761426824297
10573,8,11,2635.24,113,2024-02-18 07:36:06,2025-12-24 01:01:07,United Kingdom,239.5672727272727,674,4,1,2,412,New / Promising,0,3215.761426824297
10574,11,11,4181.13,152,2024-01-14 08:56:39,2025-12-21 06:46:54,United Kingdom,380.1027272727273,706,4,1,5,415,New / Promising,0,3215.761426824297
10575,19,11,2943.63,118,2024-01-16 15:05:05,2025-12-13 18:23:25,United Kingdom,267.6027272727273,697,3,1,3,313,Need Attention,0,3215.761426824297
10576,3,11,4910.68,135,2024-01-25 06:01:37,2025-12-29 02:44:27,United Kingdom,446.42545454545456,703,5,1,5,515,New / Promising,0,3215.761426824297
10577,56,11,4024.06,144,2024-01-08 23:55:25,2025-11-06 02:41:34,United Kingdom,365.82363636363635,667,1,1,5,115,Hibernating,0,3215.761426824297
10578,22,11,2388.61,88,2024-01-04 02:35:40,2025-12-10 05:22:52,United Kingdom,217.14636363636365,706,3,1,1,311,Need Attention,0,3215.761426824297
10579,21,11,2883.96,118,2024-01-01 14:14:57,2025-12-11 03:36:48,United Kingdom,262.1781818181818,709,3,1,3,313,Need Attention,0,3215.761426824297
10580,13,11,4917.81,135,2024-01-01 16:15:31,2025-12-19 14:54:59,United Kingdom,447.0736363636364,717,4,1,5,415,New / Promising,0,3215.761426824297
10581,26,11,2159.9700000000003,101,2024-01-05 12:44:13,2025-12-06 17:05:08,United Kingdom,196.3609090909091,701,2,1,1,211,Hibernating,0,3215.761426824297
10582,1,11,3263.39,119,2024-01-10 00:09:47,2025-12-31 07:45:29,United Kingdom,296.6718181818182,721,5,1,4,514,New / Promising,0,3215.761426824297
10583,72,11,2451.49,105,2024-01-28 02:13:31,2025-10-21 08:48:10,United Kingdom,222.86272727272726,632,1,1,1,111,Hibernating,0,3215.761426824297
10584,5,11,2415.04,107,2024-01-01 09:31:14,2025-12-27 01:18:52,United Kingdom,219.5490909090909,725,5,1,1,511,New / Promising,0,3215.761426824297
10585,19,11,4665.98,140,2024-01-03 22:18:26,2025-12-13 04:37:56,United Kingdom,424.17999999999995,709,3,1,5,315,Need Attention,0,3215.761426824297
10586,20,11,2808.6,119,2024-01-05 12:56:46,2025-12-12 08:29:28,United Kingdom,255.3272727272727,706,3,1,2,312,Need Attention,0,3215.761426824297
10587,82,11,2105.65,95,2024-01-10 20:48:37,2025-10-11 08:05:22,United Kingdom,191.4227272727273,639,1,1,1,111,Hibernating,0,3215.761426824297
10588,10,11,2159.57,102,2024-01-12 04:58:25,2025-12-22 02:20:30,United Kingdom,196.32454545454547,709,4,1,1,411,New / Promising,0,3215.761426824297
10589,18,11,2497.25,118,2024-02-07 05:07:18,2025-12-14 08:28:46,United Kingdom,227.02272727272728,676,3,1,2,312,Need Attention,0,3215.761426824297
10590,10,11,3697.84,128,2024-02-12 20:56:25,2025-12-22 23:48:00,United Kingdom,336.16727272727275,679,4,1,4,414,New / Promising,0,3215.761426824297
10591,25,11,3784.7799999999997,132,2024-03-18 01:39:35,2025-12-07 09:08:20,United Kingdom,344.0709090909091,629,2,1,4,214,Hibernating,0,3215.761426824297
10592,6,11,4053.72,140,2024-02-05 22:08:20,2025-12-26 15:33:57,United Kingdom,368.52,689,5,1,5,515,New / Promising,0,3215.761426824297
10593,3,11,3684.17,124,2024-01-20 14:46:16,2025-12-29 06:27:58,United Kingdom,334.92454545454547,708,5,1,4,514,New / Promising,0,3215.761426824297
10594,16,11,2039.64,99,2024-01-03 20:29:34,2025-12-16 15:54:49,United Kingdom,185.4218181818182,712,3,1,1,311,Need Attention,0,3215.761426824297
10595,3,11,2983.98,125,2024-01-04 04:52:07,2025-12-29 12:31:06,United Kingdom,271.2709090909091,725,5,1,3,513,New / Promising,0,3215.761426824297
10596,27,11,2863.89,116,2024-01-16 03:18:54,2025-12-05 18:01:29,United Kingdom,260.3536363636363,689,2,1,3,213,Hibernating,0,3215.761426824297
10597,52,11,3901.5099999999998,122,2024-01-04 02:57:40,2025-11-10 04:59:36,United Kingdom,354.6827272727273,676,1,1,5,115,Hibernating,0,3215.761426824297
10598,35,11,3677.26,137,2024-01-07 11:45:28,2025-11-27 07:12:19,United Kingdom,334.29636363636365,689,2,1,4,214,Hibernating,0,3215.761426824297
10599,32,11,4500.25,142,2024-01-05 03:44:15,2025-11-30 23:34:37,United Kingdom,409.1136363636364,695,2,1,5,215,Hibernating,0,3215.761426824297
10600,15,11,2321.8,110,2024-02-03 06:44:55,2025-12-17 07:36:19,United Kingdom,211.0727272727273,683,3,1,1,311,Need Attention,0,3215.761426824297
10601,2,11,2816.11,110,2024-02-07 16:03:26,2025-12-30 21:33:18,United Kingdom,256.01,692,5,1,2,512,New / Promising,0,3215.761426824297
10602,3,11,2923.22,124,2024-01-01 19:27:37,2025-12-29 08:10:42,United Kingdom,265.74727272727273,727,5,1,3,513,New / Promising,0,3215.761426824297
10603,45,11,2679.55,125,2024-01-28 09:09:21,2025-11-17 16:06:24,United Kingdom,243.59545454545457,659,1,1,2,112,Hibernating,0,3215.761426824297
10604,3,11,2189.88,99,2024-01-07 15:28:15,2025-12-29 17:47:53,United Kingdom,199.08,722,5,1,1,511,New / Promising,0,3215.761426824297
10605,27,11,2228.84,106,2024-01-28 16:22:40,2025-12-05 20:47:33,United Kingdom,202.62181818181818,677,2,1,1,211,Hibernating,0,3215.761426824297
10606,12,11,2472.48,105,2024-01-02 10:51:21,2025-12-20 11:44:45,United Kingdom,224.7709090909091,718,4,1,2,412,New / Promising,0,3215.761426824297
10607,52,11,2638.61,107,2024-01-17 20:08:48,2025-11-10 20:04:40,United Kingdom,239.87363636363636,662,1,1,2,112,Hibernating,0,3215.761426824297
10608,35,11,2117.5099999999998,100,2024-01-02 03:38:29,2025-11-27 19:55:13,United Kingdom,192.50090909090906,695,2,1,1,211,Hibernating,0,3215.761426824297
10609,18,11,1855.15,103,2024-01-22 15:47:38,2025-12-14 00:48:33,United Kingdom,168.65,691,3,1,1,311,Need Attention,0,3215.761426824297
10610,6,11,2081.27,97,2024-02-09 06:34:01,2025-12-26 07:22:26,United Kingdom,189.20636363636365,686,5,1,1,511,New / Promising,0,3215.761426824297
10611,25,11,5050.2,156,2024-01-12 05:21:39,2025-12-07 03:38:07,United Kingdom,459.10909090909087,694,2,1,5,215,Hibernating,0,3215.761426824297
10612,4,11,4711.39,138,2024-01-11 14:20:13,2025-12-28 03:03:00,United Kingdom,428.3081818181818,716,5,1,5,515,New / Promising,0,3215.761426824297
10613,24,11,3949.56,126,2024-02-08 23:53:21,2025-12-08 20:55:22,United Kingdom,359.0509090909091,668,2,1,5,215,Hibernating,0,3215.761426824297
10614,14,11,3860.6800000000003,120,2024-01-06 02:02:56,2025-12-18 20:55:25,United Kingdom,350.9709090909091,712,3,1,5,315,Need Attention,0,3215.761426824297
10615,16,11,2747.14,138,2024-01-20 09:21:41,2025-12-16 09:09:08,United Kingdom,249.73999999999998,695,3,1,2,312,Need Attention,0,3215.761426824297
10616,45,11,3265.57,139,2024-01-26 13:04:25,2025-11-17 16:27:48,United Kingdom,296.87,661,1,1,4,114,Hibernating,0,3215.761426824297
10617,47,11,1891.02,96,2024-01-11 23:31:32,2025-11-15 15:47:40,United Kingdom,171.9109090909091,673,1,1,1,111,Hibernating,0,3215.761426824297
10618,2,11,3556.98,119,2024-01-05 05:30:10,2025-12-30 15:55:49,United Kingdom,323.3618181818182,725,5,1,4,514,New / Promising,0,3215.761426824297
10619,1,11,3047.79,120,2024-01-28 14:41:18,2025-12-31 17:56:31,United Kingdom,277.0718181818182,703,5,1,3,513,New / Promising,0,3215.761426824297
10620,3,11,3701.08,118,2024-02-19 03:14:32,2025-12-29 02:46:37,United Kingdom,336.46181818181816,678,5,1,4,514,New / Promising,0,3215.761426824297
10621,21,11,4493.94,141,2024-01-07 08:09:16,2025-12-11 21:22:25,United Kingdom,408.53999999999996,704,3,1,5,315,Need Attention,0,3215.761426824297
10622,17,11,2299.88,104,2024-01-02 14:31:19,2025-12-15 10:49:12,United Kingdom,209.08,712,3,1,1,311,Need Attention,0,3215.761426824297
10623,30,11,2508.01,111,2024-01-03 08:29:40,2025-12-02 02:36:15,United Kingdom,228.00090909090912,698,2,1,2,212,Hibernating,0,3215.761426824297
10624,44,11,2777.04,115,2024-03-10 15:05:02,2025-11-18 09:42:20,United Kingdom,252.45818181818183,617,1,1,2,112,Hibernating,0,3215.761426824297
10625,7,11,2351.18,110,2024-01-31 12:39:46,2025-12-25 17:54:21,United Kingdom,213.74363636363634,694,4,1,1,411,New / Promising,0,3215.761426824297
10626,29,11,2262.62,100,2024-02-19 08:12:00,2025-12-03 01:31:35,United Kingdom,205.69272727272727,652,2,1,1,211,Hibernating,0,3215.761426824297
10627,39,11,4759.04,128,2024-01-04 11:57:24,2025-11-23 05:53:22,United Kingdom,432.64,688,1,1,5,115,Hibernating,0,3215.761426824297
10628,15,11,4454.18,147,2024-03-31 07:58:35,2025-12-17 06:05:38,United Kingdom,404.92545454545456,625,3,1,5,315,Need Attention,0,3215.761426824297
10629,13,11,2404.62,111,2024-01-16 11:58:19,2025-12-19 08:36:29,United Kingdom,218.60181818181817,702,4,1,1,411,New / Promising,0,3215.761426824297
10630,11,11,2689.14,104,2024-01-12 21:59:37,2025-12-21 16:35:06,United Kingdom,244.46727272727273,708,4,1,2,412,New / Promising,0,3215.761426824297
10631,77,11,3007.93,96,2024-01-09 22:49:00,2025-10-16 15:40:05,United Kingdom,273.4481818181818,645,1,1,3,113,Hibernating,0,3215.761426824297
10632,49,11,3861.36,124,2024-01-08 08:42:26,2025-11-13 14:26:13,Germany,351.0327272727273,675,1,1,5,115,Hibernating,0,3215.761426824297
10633,6,11,3355.8,125,2024-01-04 04:52:22,2025-12-26 20:33:22,United Kingdom,305.07272727272726,722,5,1,4,514,New / Promising,0,3215.761426824297
10634,24,11,3012.17,133,2024-01-31 08:04:44,2025-12-08 22:27:40,United Kingdom,273.83363636363634,677,2,1,3,213,Hibernating,0,3215.761426824297
10635,16,11,3842.84,130,2024-02-14 00:35:24,2025-12-16 09:15:43,United Kingdom,349.34909090909093,671,3,1,4,314,Need Attention,0,3215.761426824297
10636,1,11,3634.27,120,2024-01-24 18:59:45,2025-12-31 02:05:13,United Kingdom,330.3881818181818,706,5,1,4,514,New / Promising,0,3215.761426824297
10637,69,11,4810.57,149,2024-02-10 08:15:06,2025-10-24 17:44:34,United Kingdom,437.32454545454544,622,1,1,5,115,Hibernating,0,3215.761426824297
10638,21,10,3475.04,116,2024-01-11 03:30:52,2025-12-11 23:21:50,United Kingdom,347.504,700,3,1,4,314,Need Attention,1,3109.399468085106
10639,92,11,2837.32,125,2024-01-24 00:17:51,2025-10-01 03:44:18,United Kingdom,257.9381818181818,616,1,1,3,113,Hibernating,0,3215.761426824297
10640,5,11,4277.88,133,2024-02-13 15:48:57,2025-12-27 01:40:19,United Kingdom,388.89818181818185,682,5,1,5,515,New / Promising,0,3215.761426824297
10641,12,11,2601.89,111,2024-01-04 04:35:58,2025-12-20 09:11:44,United Kingdom,236.53545454545454,716,4,1,2,412,New / Promising,0,3215.761426824297
10642,4,11,2598.37,106,2024-01-27 15:50:43,2025-12-28 03:27:06,United Kingdom,236.21545454545455,700,5,1,2,512,New / Promising,0,3215.761426824297
10643,3,11,3930.42,129,2024-01-25 15:28:16,2025-12-29 06:27:21,United Kingdom,357.3109090909091,703,5,1,5,515,New / Promising,0,3215.761426824297
10644,6,11,2503.79,116,2024-01-23 07:12:46,2025-12-26 16:31:45,United Kingdom,227.61727272727273,703,5,1,2,512,New / Promising,0,3215.761426824297
10645,19,11,3069.4900000000002,123,2024-01-03 16:49:17,2025-12-13 15:56:48,United Kingdom,279.04454545454547,709,3,1,3,313,Need Attention,0,3215.761426824297
10646,33,11,3701.24,135,2024-02-07 02:57:42,2025-11-29 10:03:30,United Kingdom,336.4763636363636,661,2,1,4,214,Hibernating,0,3215.761426824297
10647,4,11,2344.95,92,2024-01-30 14:58:52,2025-12-28 17:51:42,United Kingdom,213.1772727272727,698,5,1,1,511,New / Promising,0,3215.761426824297
10648,47,11,2111.86,102,2024-01-03 01:35:59,2025-11-15 18:01:43,United Kingdom,191.98727272727274,682,1,1,1,111,Hibernating,0,3215.761426824297
10649,6,11,4151.08,129,2024-01-03 01:09:41,2025-12-26 23:15:59,United Kingdom,377.3709090909091,723,5,1,5,515,New / Promising,0,3215.761426824297
10650,5,11,1984.65,94,2024-01-28 00:53:51,2025-12-27 08:09:02,United Kingdom,180.4227272727273,699,5,1,1,511,New / Promising,0,3215.761426824297
10651,12,11,2209.4,111,2024-01-03 22:43:00,2025-12-20 16:07:21,United Kingdom,200.85454545454547,716,4,1,1,411,New / Promising,0,3215.761426824297
10652,10,11,2119.96,94,2024-01-28 08:35:42,2025-12-22 09:34:48,United Kingdom,192.72363636363636,694,4,1,1,411,New / Promising,0,3215.761426824297
10653,4,11,3878.56,126,2024-01-01 01:12:44,2025-12-28 10:26:07,United Kingdom,352.5963636363636,727,5,1,5,515,New / Promising,0,3215.761426824297
10654,10,11,2210.29,103,2024-01-08 07:34:21,2025-12-22 04:40:58,United Kingdom,200.93545454545455,713,4,1,1,411,New / Promising,0,3215.761426824297
10655,4,11,3992.54,136,2024-01-30 09:52:15,2025-12-28 04:24:24,United Kingdom,362.9581818181818,697,5,1,5,515,New / Promising,0,3215.761426824297
10656,8,11,2577.64,107,2024-01-05 01:42:32,2025-12-24 20:06:20,United Kingdom,234.33090909090907,719,4,1,2,412,New / Promising,0,3215.761426824297
10657,55,11,3291.29,127,2024-02-05 14:24:41,2025-11-07 18:38:10,United Kingdom,299.2081818181818,641,1,1,4,114,Hibernating,0,3215.761426824297
10658,20,11,3012.26,119,2024-01-13 14:48:47,2025-12-12 02:25:17,United Kingdom,273.8418181818182,698,3,1,3,313,Need Attention,0,3215.761426824297
10659,56,11,4507.83,130,2024-02-13 11:34:49,2025-11-06 13:04:00,United Kingdom,409.8027272727273,632,1,1,5,115,Hibernating,0,3215.761426824297
10660,3,11,3290.31,115,2024-01-11 22:30:21,2025-12-29 19:02:02,United Kingdom,299.1190909090909,717,5,1,4,514,New / Promising,0,3215.761426824297
10661,10,11,4123.72,132,2024-01-20 08:15:38,2025-12-22 03:17:42,United Kingdom,374.8836363636364,701,4,1,5,415,New / Promising,0,3215.761426824297
10662,5,11,2747.15,109,2024-03-25 23:46:43,2025-12-27 00:35:00,United Kingdom,249.7409090909091,641,5,1,2,512,New / Promising,0,3215.761426824297
10663,4,11,1963.64,103,2024-02-02 16:10:17,2025-12-28 16:34:19,United Kingdom,178.5127272727273,695,5,1,1,511,New / Promising,0,3215.761426824297
10664,40,11,4933.4400000000005,149,2024-01-06 20:09:57,2025-11-22 12:48:31,United Kingdom,448.4945454545455,685,1,1,5,115,Hibernating,0,3215.761426824297
10665,119,11,2176.76,116,2024-01-02 15:12:52,2025-09-03 23:56:08,United Kingdom,197.88727272727274,610,1,1,1,111,Hibernating,0,3215.761426824297
10666,19,11,2772.47,113,2024-02-12 22:45:25,2025-12-13 07:16:23,United Kingdom,252.04272727272726,669,3,1,2,312,Need Attention,0,3215.761426824297
10667,1,11,2683.02,112,2024-01-24 09:31:14,2025-12-31 23:20:21,United Kingdom,243.9109090909091,707,5,1,2,512,New / Promising,0,3215.761426824297
10668,43,11,2699.89,119,2024-01-27 23:39:52,2025-11-19 03:15:51,United Kingdom,245.44454545454545,661,1,1,2,112,Hibernating,0,3215.761426824297
10669,20,11,5040.08,148,2024-02-15 19:33:49,2025-12-12 21:24:11,United Kingdom,458.1890909090909,666,3,1,5,315,Need Attention,0,3215.761426824297
10670,14,11,3854.5099999999998,117,2024-02-10 14:12:29,2025-12-18 21:48:27,United Kingdom,350.40999999999997,677,3,1,5,315,Need Attention,0,3215.761426824297
10671,25,11,3466.94,116,2024-01-15 02:52:42,2025-12-07 23:13:03,United Kingdom,315.17636363636365,692,2,1,4,214,Hibernating,0,3215.761426824297
10672,33,10,2838.22,116,2024-01-21 02:47:14,2025-11-29 06:12:39,United Kingdom,283.822,678,2,1,3,213,Hibernating,1,3109.399468085106
10673,3,11,2694.7599999999998,105,2024-01-08 13:19:36,2025-12-29 08:12:46,United Kingdom,244.9781818181818,720,5,1,2,512,New / Promising,0,3215.761426824297
10674,40,11,5229.08,161,2024-01-11 07:04:28,2025-11-22 09:31:02,United Kingdom,475.3709090909091,681,1,1,5,115,Hibernating,0,3215.761426824297
10675,51,11,2176.11,92,2024-01-27 11:42:24,2025-11-11 02:32:29,United Kingdom,197.82818181818183,653,1,1,1,111,Hibernating,0,3215.761426824297
10676,73,11,2822.63,104,2024-01-14 07:30:38,2025-10-20 14:18:22,United Kingdom,256.6027272727273,645,1,1,3,113,Hibernating,0,3215.761426824297
10677,65,11,3023.5299999999997,128,2024-02-19 11:12:52,2025-10-28 02:32:33,United Kingdom,274.8663636363636,616,1,1,3,113,Hibernating,0,3215.761426824297
10678,12,11,4172.07,141,2024-01-28 04:59:00,2025-12-20 00:07:22,United Kingdom,379.2790909090909,691,4,1,5,415,New / Promising,0,3215.761426824297
10679,19,11,3464.7,114,2024-01-15 22:24:09,2025-12-13 13:42:22,United Kingdom,314.97272727272724,697,3,1,4,314,Need Attention,0,3215.761426824297
10680,16,11,2086.42,106,2024-01-07 04:28:42,2025-12-16 02:48:48,United Kingdom,189.67454545454547,708,3,1,1,311,Need Attention,0,3215.761426824297
10681,26,11,2811.27,120,2024-01-09 23:51:46,2025-12-06 06:49:18,United Kingdom,255.57,696,2,1,2,212,Hibernating,0,3215.761426824297
10682,5,11,3490.65,142,2024-01-04 19:22:19,2025-12-27 15:47:59,United Kingdom,317.33181818181816,722,5,1,4,514,New / Promising,0,3215.761426824297
10683,3,11,3932.16,133,2024-01-21 22:28:00,2025-12-29 11:48:40,United Kingdom,357.4690909090909,707,5,1,5,515,New / Promising,0,3215.761426824297
10684,7,11,3462.29,129,2024-01-13 04:26:24,2025-12-25 15:37:31,United Kingdom,314.75363636363636,712,4,1,4,414,New / Promising,0,3215.761426824297
10685,44,11,4587.08,131,2024-01-20 02:36:13,2025-11-18 22:16:59,United Kingdom,417.0072727272727,668,1,1,5,115,Hibernating,0,3215.761426824297
10686,5,11,4622.55,144,2024-01-25 20:01:25,2025-12-27 12:58:19,United Kingdom,420.2318181818182,701,5,1,5,515,New / Promising,0,3215.761426824297
10687,1,11,3857.7799999999997,130,2024-01-01 09:52:42,2025-12-31 11:41:33,United Kingdom,350.7072727272727,730,5,1,5,515,New / Promising,0,3215.761426824297
10688,14,11,2237.69,109,2024-01-02 01:03:45,2025-12-18 07:07:31,United Kingdom,203.42636363636365,716,3,1,1,311,Need Attention,0,3215.761426824297
10689,1,11,3921.17,122,2024-01-22 23:18:55,2025-12-31 07:27:53,United Kingdom,356.47,708,5,1,5,515,New / Promising,0,3215.761426824297
10690,17,11,3470.39,130,2024-01-11 02:00:11,2025-12-15 13:19:43,United Kingdom,315.49,704,3,1,4,314,Need Attention,0,3215.761426824297
10691,7,11,4434.4,149,2024-01-12 12:14:00,2025-12-25 06:45:21,United Kingdom,403.12727272727267,712,4,1,5,415,New / Promising,0,3215.761426824297
10692,5,11,2820.02,115,2024-01-08 00:30:18,2025-12-27 09:58:30,United Kingdom,256.36545454545455,719,5,1,3,513,New / Promising,0,3215.761426824297
10693,21,11,2725.02,109,2024-04-13 00:03:09,2025-12-11 23:16:05,United Kingdom,247.7290909090909,607,3,1,2,312,Need Attention,0,3215.761426824297
10694,29,11,3001.95,116,2024-01-13 02:22:52,2025-12-03 04:31:27,United Kingdom,272.9045454545454,690,2,1,3,213,Hibernating,0,3215.761426824297
10695,6,11,2714.66,102,2024-01-07 13:29:36,2025-12-26 23:10:22,United Kingdom,246.78727272727272,719,5,1,2,512,New / Promising,0,3215.761426824297
10696,8,11,4232.12,129,2024-04-13 18:22:16,2025-12-24 20:59:01,United Kingdom,384.73818181818183,620,4,1,5,415,New / Promising,0,3215.761426824297
10697,13,11,3669.96,123,2024-01-18 17:37:39,2025-12-19 03:13:01,United Kingdom,333.63272727272727,700,4,1,4,414,New / Promising,0,3215.761426824297
10698,12,11,6270.29,164,2024-01-11 11:31:31,2025-12-20 13:37:24,United Kingdom,570.0263636363636,709,4,1,5,415,New / Promising,0,3215.761426824297
10699,6,11,2528.64,103,2024-03-19 21:20:19,2025-12-26 10:42:46,United Kingdom,229.87636363636364,646,5,1,2,512,New / Promising,0,3215.761426824297
10700,3,11,2264.4,109,2024-02-16 23:51:53,2025-12-29 12:27:50,United Kingdom,205.85454545454547,681,5,1,1,511,New / Promising,0,3215.761426824297
10701,1,11,2543.54,107,2024-02-01 10:18:56,2025-12-31 23:29:51,United Kingdom,231.23090909090908,699,5,1,2,512,New / Promising,0,3215.761426824297
10702,6,11,2463.49,111,2024-02-22 05:24:08,2025-12-26 08:51:46,United Kingdom,223.95363636363635,673,5,1,2,512,New / Promising,0,3215.761426824297
10703,7,11,3681.89,127,2024-01-19 16:38:43,2025-12-25 17:41:43,United Kingdom,334.7172727272727,706,4,1,4,414,New / Promising,0,3215.761426824297
10704,34,11,3917.15,136,2024-01-29 12:21:55,2025-11-28 09:39:21,United Kingdom,356.1045454545455,668,2,1,5,215,Hibernating,0,3215.761426824297
10705,3,11,2996.54,113,2024-01-11 12:01:58,2025-12-29 12:24:32,United Kingdom,272.4127272727273,718,5,1,3,513,New / Promising,0,3215.761426824297
10706,14,11,5156.93,154,2024-01-22 12:06:13,2025-12-18 21:38:05,United Kingdom,468.8118181818182,696,3,1,5,315,Need Attention,0,3215.761426824297
10707,32,11,3378.89,131,2024-01-04 20:24:09,2025-11-30 01:36:22,United Kingdom,307.1718181818182,695,2,1,4,214,Hibernating,0,3215.761426824297
10708,24,11,2519.4,126,2024-01-04 00:59:42,2025-12-07 23:55:34,United Kingdom,229.03636363636363,703,2,1,2,212,Hibernating,0,3215.761426824297
10709,15,11,4149.57,131,2024-01-24 08:03:25,2025-12-17 03:41:40,United Kingdom,377.2336363636363,692,3,1,5,315,Need Attention,0,3215.761426824297
10710,33,11,3138.62,121,2024-02-09 00:23:35,2025-11-29 02:22:15,United Kingdom,285.3290909090909,659,2,1,3,213,Hibernating,0,3215.761426824297
10711,39,11,2949.71,119,2024-01-17 09:26:43,2025-11-23 09:07:30,United Kingdom,268.1554545454546,675,1,1,3,113,Hibernating,0,3215.761426824297
10712,2,11,3706.25,127,2024-01-13 11:20:22,2025-12-30 15:00:05,United Kingdom,336.9318181818182,717,5,1,4,514,New / Promising,0,3215.761426824297
10713,10,11,2653.33,114,2024-03-02 14:34:41,2025-12-22 15:21:25,United Kingdom,241.2118181818182,660,4,1,2,412,New / Promising,0,3215.761426824297
10714,16,11,3920.26,132,2024-02-21 18:45:11,2025-12-16 11:28:11,United Kingdom,356.3872727272728,663,3,1,5,315,Need Attention,0,3215.761426824297
10715,1,11,3453.5299999999997,124,2024-01-31 05:08:54,2025-12-31 18:50:47,United Kingdom,313.9572727272727,700,5,1,4,514,New / Promising,0,3215.761426824297
10716,91,11,2675.58,108,2024-01-01 22:40:04,2025-10-02 16:36:36,United Kingdom,243.23454545454544,639,1,1,2,112,Hibernating,0,3215.761426824297
10717,51,11,2558.09,113,2024-02-08 07:54:23,2025-11-11 22:12:33,United Kingdom,232.55363636363637,642,1,1,2,112,Hibernating,0,3215.761426824297
10718,9,11,2259.45,94,2024-01-11 00:50:30,2025-12-23 23:15:43,United Kingdom,205.40454545454543,712,4,1,1,411,New / Promising,0,3215.761426824297
10719,11,11,3171.13,128,2024-03-24 11:49:23,2025-12-21 23:23:24,United Kingdom,288.2845454545455,637,4,1,3,413,New / Promising,0,3215.761426824297
10720,1,11,2594.39,121,2024-01-22 22:31:51,2025-12-31 23:14:31,United Kingdom,235.85363636363635,709,5,1,2,512,New / Promising,0,3215.761426824297
10721,52,11,4449.66,118,2024-01-09 00:27:45,2025-11-10 06:31:59,United Kingdom,404.51454545454544,671,1,1,5,115,Hibernating,0,3215.761426824297
10722,12,11,3133.07,116,2024-01-19 04:37:09,2025-12-20 08:35:42,United Kingdom,284.82454545454544,701,4,1,3,413,New / Promising,0,3215.761426824297
10723,18,11,3970.58,124,2024-01-07 06:33:34,2025-12-14 10:31:10,United Kingdom,360.96181818181816,707,3,1,5,315,Need Attention,0,3215.761426824297
10724,2,11,1953.83,93,2024-01-25 13:14:56,2025-12-30 13:44:53,United Kingdom,177.6209090909091,705,5,1,1,511,New / Promising,0,3215.761426824297
10725,46,11,3072.56,133,2024-01-14 12:40:21,2025-11-16 01:45:10,United Kingdom,279.32363636363635,671,1,1,3,113,Hibernating,0,3215.761426824297
10726,37,11,3692.61,124,2024-01-22 04:37:02,2025-11-25 16:13:52,United Kingdom,335.6918181818182,673,2,1,4,214,Hibernating,0,3215.761426824297
10727,9,11,3766.1,110,2024-01-02 06:50:56,2025-12-23 05:48:32,United Kingdom,342.3727272727273,720,4,1,4,414,New / Promising,0,3215.761426824297
10728,31,11,3248.02,119,2024-01-23 19:44:39,2025-12-01 03:11:47,United Kingdom,295.27454545454543,677,2,1,4,214,Hibernating,0,3215.761426824297
10729,10,11,3724.93,121,2024-01-24 18:30:58,2025-12-22 19:42:34,United Kingdom,338.63,698,4,1,4,414,New / Promising,0,3215.761426824297
10730,17,10,2037.5,100,2024-02-10 22:46:06,2025-12-15 06:23:03,United Kingdom,203.75,673,3,1,1,311,Need Attention,1,3109.399468085106
10731,1,11,3350.37,121,2024-03-12 14:20:57,2025-12-31 01:56:25,United Kingdom,304.5790909090909,658,5,1,4,514,New / Promising,0,3215.761426824297
10732,28,11,2714.7,103,2024-03-03 09:45:08,2025-12-04 17:41:23,United Kingdom,246.79090909090908,641,2,1,2,212,Hibernating,0,3215.761426824297
10733,89,11,2914.64,107,2024-01-05 03:25:16,2025-10-04 06:23:19,United Kingdom,264.9672727272727,638,1,1,3,113,Hibernating,0,3215.761426824297
10734,26,11,3055.69,112,2024-01-04 23:49:22,2025-12-06 01:45:03,United Kingdom,277.79,701,2,1,3,213,Hibernating,0,3215.761426824297
10735,40,11,3351.84,113,2024-01-10 23:53:09,2025-11-22 18:10:42,United Kingdom,304.7127272727273,681,1,1,4,114,Hibernating,0,3215.761426824297
10736,16,11,3167.92,120,2024-02-18 14:50:33,2025-12-16 17:22:25,United Kingdom,287.9927272727273,667,3,1,3,313,Need Attention,0,3215.761426824297
10737,50,11,2302.1,94,2024-01-21 08:24:41,2025-11-12 14:29:23,United Kingdom,209.28181818181818,661,1,1,1,111,Hibernating,0,3215.761426824297
10738,8,11,5387.57,142,2024-01-31 18:43:53,2025-12-24 14:36:04,United Kingdom,489.7790909090909,692,4,1,5,415,New / Promising,0,3215.761426824297
10739,8,11,3748.28,120,2024-02-02 17:34:23,2025-12-24 19:20:59,United Kingdom,340.75272727272727,691,4,1,4,414,New / Promising,0,3215.761426824297
10740,6,10,2773.05,109,2024-01-13 18:02:16,2025-12-26 20:08:16,United Kingdom,277.305,713,5,1,2,512,New / Promising,1,3109.399468085106
10741,9,11,2834.33,91,2024-03-13 15:05:21,2025-12-23 04:32:18,United Kingdom,257.66636363636366,649,4,1,3,413,New / Promising,0,3215.761426824297
10742,30,11,2591.53,119,2024-01-13 14:19:41,2025-12-02 02:06:19,United Kingdom,235.5936363636364,688,2,1,2,212,Hibernating,0,3215.761426824297
10743,20,11,3277.48,116,2024-01-19 00:19:13,2025-12-12 21:12:03,United Kingdom,297.95272727272726,693,3,1,4,314,Need Attention,0,3215.761426824297
10744,13,11,2819.81,112,2024-02-26 15:15:39,2025-12-19 23:28:38,United Kingdom,256.3463636363636,662,4,1,3,413,New / Promising,0,3215.761426824297
10745,1,11,2367.29,99,2024-01-04 06:39:40,2025-12-31 07:29:29,United Kingdom,215.20818181818183,727,5,1,1,511,New / Promising,0,3215.761426824297
10746,56,11,1948.0900000000001,105,2024-01-14 19:53:28,2025-11-06 06:53:33,United Kingdom,177.09909090909093,661,1,1,1,111,Hibernating,0,3215.761426824297
10747,28,11,2764.82,119,2024-02-21 05:52:32,2025-12-04 03:40:24,United Kingdom,251.34727272727275,651,2,1,2,212,Hibernating,0,3215.761426824297
10748,10,11,2539.37,112,2024-01-18 21:52:12,2025-12-22 10:13:51,United Kingdom,230.85181818181817,703,4,1,2,412,New / Promising,0,3215.761426824297
10749,3,11,2254.24,111,2024-01-19 15:58:36,2025-12-29 10:16:45,United Kingdom,204.93090909090907,709,5,1,1,511,New / Promising,0,3215.761426824297
10750,23,11,4029.27,156,2024-01-16 07:40:19,2025-12-09 04:14:22,United Kingdom,366.29727272727274,692,2,1,5,215,Hibernating,0,3215.761426824297
10751,24,11,2799.27,123,2024-02-24 22:17:12,2025-12-08 00:39:15,United Kingdom,254.4790909090909,652,2,1,2,212,Hibernating,0,3215.761426824297
10752,3,11,2395.15,97,2024-03-03 05:40:00,2025-12-29 18:54:07,United Kingdom,217.7409090909091,666,5,1,1,511,New / Promising,0,3215.761426824297
10753,36,11,2887.84,123,2024-01-21 16:45:07,2025-11-26 02:31:04,United Kingdom,262.5309090909091,674,2,1,3,213,Hibernating,0,3215.761426824297
10754,49,11,3655.97,114,2024-01-16 17:38:22,2025-11-13 14:41:11,United Kingdom,332.36090909090905,666,1,1,4,114,Hibernating,0,3215.761426824297
10755,28,11,2598.47,100,2024-01-25 18:07:14,2025-12-04 20:36:22,United Kingdom,236.22454545454545,679,2,1,2,212,Hibernating,0,3215.761426824297
10756,80,10,3505.46,122,2024-01-06 10:51:46,2025-10-13 09:46:37,United Kingdom,350.546,645,1,1,4,114,Hibernating,1,3109.399468085106
10757,7,11,4707.64,148,2024-01-17 23:23:05,2025-12-25 17:10:25,United Kingdom,427.96727272727276,707,4,1,5,415,New / Promising,0,3215.761426824297
10758,10,11,3380.89,120,2024-01-18 22:47:19,2025-12-22 14:41:00,France,307.3536363636363,703,4,1,4,414,New / Promising,0,3215.761426824297
10759,22,11,3550.69,129,2024-02-26 05:38:38,2025-12-10 10:35:40,United Kingdom,322.79,653,3,1,4,314,Need Attention,0,3215.761426824297
10760,100,11,3001.71,123,2024-03-13 15:29:46,2025-09-23 02:59:26,United Kingdom,272.88272727272727,558,1,1,3,113,Hibernating,0,3215.761426824297
10761,44,11,4010.1,123,2024-01-16 00:40:31,2025-11-18 14:17:48,United Kingdom,364.55454545454546,672,1,1,5,115,Hibernating,0,3215.761426824297
10762,14,11,3740.9,130,2024-01-09 15:10:11,2025-12-18 21:16:50,United Kingdom,340.08181818181816,709,3,1,4,314,Need Attention,0,3215.761426824297
10763,3,11,2335.06,100,2024-01-02 00:25:59,2025-12-29 21:33:39,United Kingdom,212.27818181818182,727,5,1,1,511,New / Promising,0,3215.761426824297
10764,46,11,2037.25,94,2024-01-27 12:18:29,2025-11-16 18:04:35,United Kingdom,185.20454545454547,659,1,1,1,111,Hibernating,0,3215.761426824297
10765,6,11,4797.34,135,2024-01-24 06:46:08,2025-12-26 14:15:03,United Kingdom,436.1218181818182,702,5,1,5,515,New / Promising,0,3215.761426824297
10766,7,11,3946.6,118,2024-04-28 17:40:59,2025-12-25 05:10:52,United Kingdom,358.78181818181815,605,4,1,5,415,New / Promising,0,3215.761426824297
10767,12,11,2922.2999999999997,118,2024-01-08 12:32:22,2025-12-20 07:20:49,United Kingdom,265.66363636363633,711,4,1,3,413,New / Promising,0,3215.761426824297
10768,7,11,2682.13,118,2024-01-18 11:12:48,2025-12-25 11:36:56,United Kingdom,243.83,707,4,1,2,412,New / Promising,0,3215.761426824297
10769,16,11,2243.18,101,2024-01-06 20:33:04,2025-12-16 07:41:01,United Kingdom,203.92545454545453,709,3,1,1,311,Need Attention,0,3215.761426824297
10770,61,11,3949.25,137,2024-01-18 16:32:44,2025-11-01 11:15:04,United Kingdom,359.02272727272725,652,1,1,5,115,Hibernating,0,3215.761426824297
10771,35,11,2297.66,104,2024-01-21 00:49:12,2025-11-27 08:21:59,United Kingdom,208.87818181818182,676,2,1,1,211,Hibernating,0,3215.761426824297
10772,24,11,2598.1,116,2024-01-07 13:50:37,2025-12-08 16:59:02,United Kingdom,236.1909090909091,701,2,1,2,212,Hibernating,0,3215.761426824297
10773,10,11,2220.35,105,2024-02-01 09:02:25,2025-12-22 20:35:53,United Kingdom,201.85,690,4,1,1,411,New / Promising,0,3215.761426824297
10774,64,10,3620.52,119,2024-01-14 05:48:08,2025-10-29 01:39:02,United Kingdom,362.052,653,1,1,4,114,Hibernating,1,3109.399468085106
10775,24,11,2910.7,106,2024-01-04 14:27:15,2025-12-08 20:26:23,United Kingdom,264.60909090909087,704,2,1,3,213,Hibernating,0,3215.761426824297
10776,15,11,3483.42,115,2024-01-10 06:32:09,2025-12-17 00:02:45,United Kingdom,316.67454545454547,706,3,1,4,314,Need Attention,0,3215.761426824297
10777,44,11,2781.4900000000002,107,2024-03-22 18:47:04,2025-11-18 10:03:37,United Kingdom,252.86272727272728,605,1,1,2,112,Hibernating,0,3215.761426824297
10778,9,11,2644.03,114,2024-01-13 07:36:33,2025-12-23 22:36:03,United Kingdom,240.36636363636364,710,4,1,2,412,New / Promising,0,3215.761426824297
10779,21,11,2564.48,100,2024-01-19 23:21:46,2025-12-11 17:26:19,United Kingdom,233.13454545454545,691,3,1,2,312,Need Attention,0,3215.761426824297
10780,23,11,2129.8,110,2024-01-15 01:45:06,2025-12-09 05:18:47,United Kingdom,193.61818181818182,694,2,1,1,211,Hibernating,0,3215.761426824297
10781,24,11,2755.22,115,2024-01-20 02:03:20,2025-12-08 00:26:48,United Kingdom,250.47454545454545,687,2,1,2,212,Hibernating,0,3215.761426824297
10782,32,11,2291.17,105,2024-03-15 09:38:15,2025-11-30 00:12:43,United Kingdom,208.2881818181818,624,2,1,1,211,Hibernating,0,3215.761426824297
10783,50,11,2093.09,105,2024-01-16 16:20:29,2025-11-12 09:40:59,United Kingdom,190.2809090909091,665,1,1,1,111,Hibernating,0,3215.761426824297
10784,32,11,4561.13,136,2024-03-08 18:53:27,2025-11-30 20:02:20,United Kingdom,414.64818181818185,632,2,1,5,215,Hibernating,0,3215.761426824297
10785,5,11,3128.61,123,2024-01-27 07:34:08,2025-12-27 11:10:28,United Kingdom,284.4190909090909,700,5,1,3,513,New / Promising,0,3215.761426824297
10786,4,11,3306.92,115,2024-01-09 19:59:41,2025-12-28 18:11:58,United Kingdom,300.6290909090909,718,5,1,4,514,New / Promising,0,3215.761426824297
10787,4,11,2963.7,126,2024-02-02 12:32:30,2025-12-28 07:53:32,United Kingdom,269.42727272727274,694,5,1,3,513,New / Promising,0,3215.761426824297
10788,4,11,2887.8500000000004,115,2024-01-26 06:53:21,2025-12-28 03:36:08,United Kingdom,262.5318181818182,701,5,1,3,513,New / Promising,0,3215.761426824297
10789,6,11,3900.29,135,2024-01-17 13:04:39,2025-12-26 23:51:48,United Kingdom,354.5718181818182,709,5,1,5,515,New / Promising,0,3215.761426824297
10790,47,11,2248.06,103,2024-01-02 22:14:49,2025-11-15 22:52:37,United Kingdom,204.36909090909091,683,1,1,1,111,Hibernating,0,3215.761426824297
10791,3,11,1630.01,89,2024-01-14 03:20:16,2025-12-29 21:40:03,United Kingdom,148.18272727272728,715,5,1,1,511,New / Promising,0,3215.761426824297
10792,32,11,2929.03,111,2024-01-21 07:24:38,2025-11-30 06:14:23,United Kingdom,266.2754545454546,678,2,1,3,213,Hibernating,0,3215.761426824297
10793,14,11,2481.86,121,2024-01-01 10:33:09,2025-12-18 07:49:50,United Kingdom,225.62363636363636,716,3,1,2,312,Need Attention,0,3215.761426824297
10794,76,11,3195.3,116,2024-01-23 17:16:05,2025-10-17 09:01:10,United Kingdom,290.4818181818182,632,1,1,3,113,Hibernating,0,3215.761426824297
10795,56,11,3204.56,108,2024-01-18 09:02:42,2025-11-06 02:17:48,United Kingdom,291.32363636363635,657,1,1,3,113,Hibernating,0,3215.761426824297
10796,46,11,3345.1,129,2024-01-13 04:44:11,2025-11-16 22:32:28,United Kingdom,304.09999999999997,673,1,1,4,114,Hibernating,0,3215.761426824297
10797,21,11,2140.9,101,2024-01-31 11:16:06,2025-12-11 14:00:06,United Kingdom,194.62727272727273,680,3,1,1,311,Need Attention,0,3215.761426824297
10798,21,11,4356.18,144,2024-01-07 01:10:59,2025-12-11 12:14:56,United Kingdom,396.0163636363637,704,3,1,5,315,Need Attention,0,3215.761426824297
10799,14,11,2434.26,112,2024-01-27 08:58:30,2025-12-18 20:55:52,United Kingdom,221.29636363636365,691,3,1,1,311,Need Attention,0,3215.761426824297
10800,4,11,2508.12,105,2024-02-14 00:09:14,2025-12-28 19:13:49,United Kingdom,228.01090909090908,683,5,1,2,512,New / Promising,0,3215.761426824297
10801,24,11,3151.69,120,2024-01-14 17:54:19,2025-12-08 15:30:03,United Kingdom,286.5172727272727,693,2,1,3,213,Hibernating,0,3215.761426824297
10802,1,11,2902.13,114,2024-01-30 22:51:50,2025-12-31 16:35:53,United Kingdom,263.83,700,5,1,3,513,New / Promising,0,3215.761426824297
10803,58,11,3014.75,125,2024-02-20 00:28:11,2025-11-04 16:19:53,United Kingdom,274.0681818181818,623,1,1,3,113,Hibernating,0,3215.761426824297
10804,42,11,1989.8899999999999,108,2024-01-23 03:07:00,2025-11-20 07:47:59,United Kingdom,180.8990909090909,667,1,1,1,111,Hibernating,0,3215.761426824297
10805,27,11,2600.17,116,2024-02-20 10:45:31,2025-12-05 10:31:56,United Kingdom,236.3790909090909,653,2,1,2,212,Hibernating,0,3215.761426824297
10806,35,11,2375.81,104,2024-01-09 18:57:52,2025-11-27 03:07:14,United Kingdom,215.98272727272726,687,2,1,1,211,Hibernating,0,3215.761426824297
10807,3,11,3971.58,129,2024-01-08 11:36:12,2025-12-29 23:18:41,United Kingdom,361.0527272727273,721,5,1,5,515,New / Promising,0,3215.761426824297
10808,34,11,3406.4,126,2024-01-26 05:35:34,2025-11-28 19:03:59,United Kingdom,309.6727272727273,672,2,1,4,214,Hibernating,0,3215.761426824297
10809,60,11,6338.78,151,2024-01-08 03:44:21,2025-11-02 00:46:57,United Kingdom,576.2527272727273,663,1,1,5,115,Hibernating,0,3215.761426824297
10810,3,11,3613.23,146,2024-01-03 10:22:10,2025-12-29 12:59:31,United Kingdom,328.47545454545457,726,5,1,4,514,New / Promising,0,3215.761426824297
10811,6,11,2201.73,117,2024-01-11 17:07:53,2025-12-26 09:48:45,United Kingdom,200.15727272727273,714,5,1,1,511,New / Promising,0,3215.761426824297
10812,11,10,2587.85,104,2024-03-30 14:58:32,2025-12-21 00:04:38,United Kingdom,258.78499999999997,630,4,1,2,412,New / Promising,1,3109.399468085106
10813,9,11,3979.98,134,2024-01-03 21:29:09,2025-12-23 16:30:23,United Kingdom,361.81636363636363,719,4,1,5,415,New / Promising,0,3215.761426824297
10814,57,11,3475.2999999999997,112,2024-01-02 14:38:53,2025-11-05 11:29:20,United Kingdom,315.93636363636364,672,1,1,4,114,Hibernating,0,3215.761426824297
10815,2,11,2777.45,120,2024-02-14 03:14:51,2025-12-30 03:33:23,United Kingdom,252.49545454545452,685,5,1,2,512,New / Promising,0,3215.761426824297
10816,1,11,3021.29,112,2024-01-12 07:10:24,2025-12-31 15:11:23,United Kingdom,274.6627272727273,719,5,1,3,513,New / Promising,0,3215.761426824297
10817,19,11,2582.52,110,2024-01-18 08:02:17,2025-12-13 15:21:05,United Kingdom,234.77454545454546,695,3,1,2,312,Need Attention,0,3215.761426824297
10818,21,11,1952.03,116,2024-02-08 06:44:39,2025-12-11 17:04:02,United Kingdom,177.45727272727274,672,3,1,1,311,Need Attention,0,3215.761426824297
10819,14,11,3342.77,114,2024-01-04 23:47:06,2025-12-18 20:50:59,United Kingdom,303.8881818181818,713,3,1,4,314,Need Attention,0,3215.761426824297
10820,31,11,2598.24,101,2024-01-13 22:43:31,2025-12-01 06:00:44,United Kingdom,236.20363636363635,687,2,1,2,212,Hibernating,0,3215.761426824297
10821,61,11,2537.77,126,2024-01-04 04:06:33,2025-11-01 02:40:03,United Kingdom,230.70636363636365,666,1,1,2,112,Hibernating,0,3215.761426824297
10822,25,11,3890.38,127,2024-01-10 23:48:12,2025-12-07 12:00:11,United Kingdom,353.6709090909091,696,2,1,5,215,Hibernating,0,3215.761426824297
10823,6,11,2594.54,114,2024-01-13 21:17:06,2025-12-26 17:14:19,United Kingdom,235.86727272727273,712,5,1,2,512,New / Promising,0,3215.761426824297
10824,8,11,2783.9,119,2024-02-10 20:59:00,2025-12-24 19:50:13,United Kingdom,253.0818181818182,682,4,1,2,412,New / Promising,0,3215.761426824297
10825,22,11,4458.74,130,2024-04-17 18:48:27,2025-12-10 20:08:12,United Kingdom,405.34,602,3,1,5,315,Need Attention,0,3215.761426824297
10826,46,11,6378.5,143,2024-01-08 02:50:22,2025-11-16 12:04:07,United Kingdom,579.8636363636364,678,1,1,5,115,Hibernating,0,3215.761426824297
10827,19,11,2531.86,111,2024-02-07 21:01:28,2025-12-13 23:32:12,United Kingdom,230.16909090909093,675,3,1,2,312,Need Attention,0,3215.761426824297
10828,30,11,5221.71,160,2024-02-27 11:49:58,2025-12-02 08:33:57,United Kingdom,474.7009090909091,643,2,1,5,215,Hibernating,0,3215.761426824297
10829,21,11,3133.4300000000003,109,2024-01-01 22:45:03,2025-12-11 17:42:08,United Kingdom,284.85727272727274,709,3,1,3,313,Need Attention,0,3215.761426824297
10830,56,11,3113.72,131,2024-02-05 03:30:30,2025-11-06 15:38:44,United Kingdom,283.06545454545454,640,1,1,3,113,Hibernating,0,3215.761426824297
10831,16,11,2773.5099999999998,101,2024-01-09 07:01:27,2025-12-16 04:20:22,United Kingdom,252.13727272727272,706,3,1,2,312,Need Attention,0,3215.761426824297
10832,22,11,3547.61,129,2024-01-05 08:44:58,2025-12-10 01:27:24,United Kingdom,322.51,704,3,1,4,314,Need Attention,0,3215.761426824297
10833,14,11,2579.08,114,2024-01-20 20:01:03,2025-12-18 12:35:39,United Kingdom,234.4618181818182,697,3,1,2,312,Need Attention,0,3215.761426824297
10834,28,11,3410.4700000000003,126,2024-04-27 10:51:08,2025-12-04 20:12:24,United Kingdom,310.0427272727273,586,2,1,4,214,Hibernating,0,3215.761426824297
10835,16,11,1993.53,95,2024-01-22 21:02:07,2025-12-16 10:11:31,United Kingdom,181.23,693,3,1,1,311,Need Attention,0,3215.761426824297
10836,29,11,2477.31,116,2024-01-05 16:14:43,2025-12-03 10:54:19,United Kingdom,225.21,697,2,1,2,212,Hibernating,0,3215.761426824297
10837,12,11,2281.35,101,2024-03-22 22:58:40,2025-12-20 11:59:06,United Kingdom,207.39545454545453,637,4,1,1,411,New / Promising,0,3215.761426824297
10838,38,11,2825.71,101,2024-01-21 20:21:05,2025-11-24 01:50:08,United Kingdom,256.88272727272727,672,2,1,3,213,Hibernating,0,3215.761426824297
10839,6,11,2321.5,117,2024-01-30 23:51:44,2025-12-26 02:46:36,United Kingdom,211.04545454545453,695,5,1,1,511,New / Promising,0,3215.761426824297
10840,83,11,3805.68,129,2024-03-16 06:20:14,2025-10-09 23:55:44,United Kingdom,345.97090909090906,572,1,1,4,114,Hibernating,0,3215.761426824297
10841,49,11,2790.2200000000003,116,2024-02-14 10:45:22,2025-11-13 07:31:26,United Kingdom,253.65636363636366,637,1,1,2,112,Hibernating,0,3215.761426824297
10842,53,11,2454.41,119,2024-02-07 07:31:49,2025-11-09 01:02:37,United Kingdom,223.12818181818182,640,1,1,2,112,Hibernating,0,3215.761426824297
10843,73,11,3463.22,130,2024-01-02 10:48:45,2025-10-20 11:19:38,United Kingdom,314.8381818181818,657,1,1,4,114,Hibernating,0,3215.761426824297
10844,64,11,3501.98,118,2024-01-27 04:11:38,2025-10-29 14:48:17,United Kingdom,318.3618181818182,641,1,1,4,114,Hibernating,0,3215.761426824297
10845,26,11,10055.51,185,2024-01-14 05:54:54,2025-12-06 20:20:37,United Kingdom,914.1372727272727,692,2,1,5,215,Hibernating,0,3215.761426824297
10846,2,11,3790.81,122,2024-01-04 07:14:37,2025-12-30 21:23:26,United Kingdom,344.6190909090909,726,5,1,4,514,New / Promising,0,3215.761426824297
10847,40,11,2445.67,110,2024-01-06 03:04:42,2025-11-22 20:52:35,United Kingdom,222.33363636363637,686,1,1,1,111,Hibernating,0,3215.761426824297
10848,9,11,2386.93,104,2024-01-22 03:17:46,2025-12-23 06:50:18,United Kingdom,216.99363636363634,701,4,1,1,411,New / Promising,0,3215.761426824297
10849,10,11,4356.11,134,2024-02-08 18:56:26,2025-12-22 11:26:11,United Kingdom,396.01,682,4,1,5,415,New / Promising,0,3215.761426824297
10850,11,11,3049.06,118,2024-05-02 16:50:52,2025-12-21 13:11:37,United Kingdom,277.1872727272727,597,4,1,3,413,New / Promising,0,3215.761426824297
10851,2,11,2654.04,105,2024-01-24 20:50:15,2025-12-30 04:36:53,United Kingdom,241.27636363636364,705,5,1,2,512,New / Promising,0,3215.761426824297
10852,12,11,2119.15,98,2024-01-02 06:05:18,2025-12-20 04:11:23,United Kingdom,192.65,717,4,1,1,411,New / Promising,0,3215.761426824297
10853,6,11,3408.89,137,2024-02-13 00:38:47,2025-12-26 10:16:16,United Kingdom,309.8990909090909,682,5,1,4,514,New / Promising,0,3215.761426824297
10854,39,11,3036.93,124,2024-01-18 21:00:43,2025-11-23 19:46:06,United Kingdom,276.08454545454543,674,1,1,3,113,Hibernating,0,3215.761426824297
10855,38,11,3148.5699999999997,128,2024-01-05 19:54:42,2025-11-24 09:20:03,United Kingdom,286.2336363636363,688,2,1,3,213,Hibernating,0,3215.761426824297
10856,127,11,2376.9300000000003,104,2024-01-17 23:01:42,2025-08-27 00:08:44,United Kingdom,216.0845454545455,587,1,1,1,111,Hibernating,0,3215.761426824297
10857,40,11,2160.92,103,2024-01-13 11:22:33,2025-11-22 19:56:43,United Kingdom,196.44727272727275,679,1,1,1,111,Hibernating,0,3215.761426824297
10858,59,11,5411.04,139,2024-01-01 02:37:13,2025-11-03 10:45:20,United Kingdom,491.9127272727273,672,1,1,5,115,Hibernating,0,3215.761426824297
10859,27,11,2484.38,129,2024-04-05 05:51:15,2025-12-05 10:03:25,United Kingdom,225.8527272727273,609,2,1,2,212,Hibernating,0,3215.761426824297
10860,34,11,2253.59,103,2024-02-12 09:20:26,2025-11-28 07:22:38,United Kingdom,204.87181818181818,654,2,1,1,211,Hibernating,0,3215.761426824297
10861,7,11,2615.84,111,2024-01-17 19:13:13,2025-12-25 03:41:03,United Kingdom,237.80363636363637,707,4,1,2,412,New / Promising,0,3215.761426824297
10862,11,11,2981.21,118,2024-01-07 01:49:14,2025-12-21 12:01:59,United Kingdom,271.0190909090909,714,4,1,3,413,New / Promising,0,3215.761426824297
10863,15,11,2945.57,126,2024-01-20 13:17:00,2025-12-17 01:59:04,United Kingdom,267.77909090909094,696,3,1,3,313,Need Attention,0,3215.761426824297
10864,5,11,3443.47,119,2024-01-18 00:13:26,2025-12-27 12:50:04,United Kingdom,313.04272727272723,709,5,1,4,514,New / Promising,0,3215.761426824297
10865,37,11,3146.2000000000003,123,2024-01-09 06:43:39,2025-11-25 14:18:33,United Kingdom,286.01818181818186,686,2,1,3,213,Hibernating,0,3215.761426824297
10866,2,11,3262.1,136,2024-01-28 00:53:47,2025-12-30 12:47:37,United Kingdom,296.55454545454546,702,5,1,4,514,New / Promising,0,3215.761426824297
10867,23,11,5006.33,149,2024-02-05 04:37:57,2025-12-09 20:08:13,United Kingdom,455.1209090909091,673,2,1,5,215,Hibernating,0,3215.761426824297
10868,3,11,2265.53,103,2024-01-29 02:59:54,2025-12-29 00:07:01,United Kingdom,205.95727272727274,699,5,1,1,511,New / Promising,0,3215.761426824297
10869,61,11,1992.87,90,2024-02-09 03:05:43,2025-11-01 02:11:43,United Kingdom,181.17,630,1,1,1,111,Hibernating,0,3215.761426824297
10870,29,11,2244.35,101,2024-01-09 13:49:52,2025-12-03 17:21:46,United Kingdom,204.03181818181818,694,2,1,1,211,Hibernating,0,3215.761426824297
10871,27,11,3335.61,121,2024-01-05 09:00:22,2025-12-05 13:16:03,United Kingdom,303.23727272727274,700,2,1,4,214,Hibernating,0,3215.761426824297
10872,7,11,2261.82,111,2024-01-05 15:58:17,2025-12-25 00:31:57,United Kingdom,205.62,719,4,1,1,411,New / Promising,0,3215.761426824297
10873,38,11,2138.52,102,2024-01-15 07:04:33,2025-11-24 10:27:42,United Kingdom,194.4109090909091,679,2,1,1,211,Hibernating,0,3215.761426824297
10874,5,11,3390.26,129,2024-01-13 10:28:02,2025-12-27 23:14:34,United Kingdom,308.2054545454546,714,5,1,4,514,New / Promising,0,3215.761426824297
10875,13,11,6419.8,167,2024-01-04 16:14:38,2025-12-19 19:12:41,United Kingdom,583.6181818181818,715,4,1,5,415,New / Promising,0,3215.761426824297
10876,14,11,2938.03,123,2024-01-18 16:05:20,2025-12-18 00:26:52,United Kingdom,267.0936363636364,699,3,1,3,313,Need Attention,0,3215.761426824297
10877,11,11,2714.55,105,2024-02-03 07:39:07,2025-12-21 07:52:18,United Kingdom,246.77727272727273,687,4,1,2,412,New / Promising,0,3215.761426824297
10878,7,11,2472.13,107,2024-03-01 18:26:10,2025-12-25 02:08:28,United Kingdom,224.73909090909092,663,4,1,2,412,New / Promising,0,3215.761426824297
10879,21,11,3007.7599999999998,117,2024-02-13 18:39:02,2025-12-11 15:28:10,United Kingdom,273.4327272727273,666,3,1,3,313,Need Attention,0,3215.761426824297
10880,14,11,3044.13,125,2024-01-05 13:55:55,2025-12-18 05:53:38,United Kingdom,276.7390909090909,712,3,1,3,313,Need Attention,0,3215.761426824297
10881,73,11,6499.92,176,2024-01-01 00:29:04,2025-10-20 09:12:40,United Kingdom,590.9018181818182,658,1,1,5,115,Hibernating,0,3215.761426824297
10882,15,11,2828.07,114,2024-01-18 01:01:43,2025-12-17 04:25:41,United Kingdom,257.09727272727275,699,3,1,3,313,Need Attention,0,3215.761426824297
10883,31,11,3328.83,115,2024-01-01 00:15:54,2025-12-01 08:52:47,United Kingdom,302.6209090909091,700,2,1,4,214,Hibernating,0,3215.761426824297
10884,4,11,5642.42,144,2024-01-03 00:49:55,2025-12-28 22:13:10,United Kingdom,512.9472727272728,725,5,1,5,515,New / Promising,0,3215.761426824297
10885,11,11,4037.18,126,2024-01-11 12:13:10,2025-12-21 08:26:37,United Kingdom,367.0163636363636,709,4,1,5,415,New / Promising,0,3215.761426824297
10886,29,11,3067.98,113,2024-01-02 13:38:48,2025-12-03 12:00:48,United Kingdom,278.90727272727275,700,2,1,3,213,Hibernating,0,3215.761426824297
10887,42,11,4990.47,148,2024-02-20 15:39:13,2025-11-20 21:01:10,United Kingdom,453.6790909090909,639,1,1,5,115,Hibernating,0,3215.761426824297
10888,81,11,2801.48,116,2024-01-10 00:39:11,2025-10-12 00:05:44,United Kingdom,254.68,640,1,1,2,112,Hibernating,0,3215.761426824297
10889,5,11,2524.96,113,2024-01-16 21:12:19,2025-12-27 14:38:47,United Kingdom,229.54181818181817,710,5,1,2,512,New / Promising,0,3215.761426824297
10890,17,11,4699.51,142,2024-01-17 16:38:31,2025-12-15 20:16:03,United Kingdom,427.22818181818184,698,3,1,5,315,Need Attention,0,3215.761426824297
10891,19,11,1518.99,73,2024-01-02 07:59:30,2025-12-13 05:03:27,United Kingdom,138.09,710,3,1,1,311,Need Attention,0,3215.761426824297
10892,12,11,4638.73,134,2024-01-12 01:19:03,2025-12-20 07:01:01,United Kingdom,421.70272727272726,708,4,1,5,415,New / Promising,0,3215.761426824297
10893,24,11,3081.6,116,2024-02-17 00:59:28,2025-12-08 06:34:01,United Kingdom,280.1454545454545,660,2,1,3,213,Hibernating,0,3215.761426824297
10894,18,11,3267.99,127,2024-02-20 13:26:58,2025-12-14 00:43:12,United Kingdom,297.09,662,3,1,4,314,Need Attention,0,3215.761426824297
10895,3,11,2408.09,110,2024-01-16 15:14:04,2025-12-29 14:33:52,United Kingdom,218.91727272727275,712,5,1,1,511,New / Promising,0,3215.761426824297
10896,37,11,2543.2999999999997,104,2024-02-18 13:24:41,2025-11-25 23:23:07,United Kingdom,231.2090909090909,646,2,1,2,212,Hibernating,0,3215.761426824297
10897,2,11,2391.09,106,2024-01-09 04:38:44,2025-12-30 15:33:58,United Kingdom,217.37181818181818,721,5,1,1,511,New / Promising,0,3215.761426824297
10898,66,11,3444.89,120,2024-01-09 13:33:48,2025-10-27 13:08:35,United Kingdom,313.1718181818182,656,1,1,4,114,Hibernating,0,3215.761426824297
10899,4,11,2421.11,116,2024-01-03 08:03:20,2025-12-28 20:01:19,United Kingdom,220.1009090909091,725,5,1,1,511,New / Promising,0,3215.761426824297
10900,118,11,2946.48,124,2024-01-02 21:45:04,2025-09-05 12:34:03,United Kingdom,267.8618181818182,611,1,1,3,113,Hibernating,0,3215.761426824297
10901,28,11,1909.89,101,2024-01-11 04:55:05,2025-12-04 17:01:51,United Kingdom,173.62636363636364,693,2,1,1,211,Hibernating,0,3215.761426824297
10902,49,11,2507.29,116,2024-02-02 08:35:26,2025-11-13 19:10:14,United Kingdom,227.93545454545455,650,1,1,2,112,Hibernating,0,3215.761426824297
10903,50,11,3126.44,110,2024-01-02 02:40:00,2025-11-12 09:44:33,United Kingdom,284.2218181818182,680,1,1,3,113,Hibernating,0,3215.761426824297
10904,7,11,3912.92,149,2024-01-09 08:58:31,2025-12-25 10:21:05,United Kingdom,355.72,716,4,1,5,415,New / Promising,0,3215.761426824297
10905,5,11,2859.68,108,2024-02-25 04:32:42,2025-12-27 18:29:15,United Kingdom,259.97090909090906,671,5,1,3,513,New / Promising,0,3215.761426824297
10906,18,11,3687.11,127,2024-01-03 02:10:22,2025-12-14 16:49:52,United Kingdom,335.1918181818182,711,3,1,4,314,Need Attention,0,3215.761426824297
10907,3,11,2776.59,126,2024-02-17 14:16:19,2025-12-29 06:00:44,United Kingdom,252.41727272727275,680,5,1,2,512,New / Promising,0,3215.761426824297
10908,6,11,4406.99,132,2024-03-21 15:28:40,2025-12-26 18:30:25,United Kingdom,400.63545454545454,645,5,1,5,515,New / Promising,0,3215.761426824297
10909,27,11,2529.61,106,2024-01-23 14:26:13,2025-12-05 13:02:12,United Kingdom,229.96454545454546,681,2,1,2,212,Hibernating,0,3215.761426824297
10910,12,11,2756.58,111,2024-01-08 17:38:58,2025-12-20 06:25:28,United Kingdom,250.5981818181818,711,4,1,2,412,New / Promising,0,3215.761426824297
10911,49,11,2639.94,102,2024-04-11 00:38:39,2025-11-13 10:49:02,United Kingdom,239.99454545454546,581,1,1,2,112,Hibernating,0,3215.761426824297
10912,30,11,2967.88,119,2024-01-25 03:43:53,2025-12-02 06:44:44,United Kingdom,269.80727272727273,677,2,1,3,213,Hibernating,0,3215.761426824297
10913,24,11,2176.21,109,2024-01-22 08:47:08,2025-12-08 01:40:32,United Kingdom,197.83727272727273,685,2,1,1,211,Hibernating,0,3215.761426824297
10914,7,11,2495.57,102,2024-02-10 02:23:12,2025-12-25 16:47:04,United Kingdom,226.87,684,4,1,2,412,New / Promising,0,3215.761426824297
10915,24,11,2986.36,124,2024-01-03 10:59:22,2025-12-08 13:50:33,United Kingdom,271.48727272727274,705,2,1,3,213,Hibernating,0,3215.761426824297
10916,9,11,2404.8,112,2024-01-23 04:51:02,2025-12-23 07:22:51,United Kingdom,218.61818181818182,700,4,1,1,411,New / Promising,0,3215.761426824297
10917,4,11,2675.11,107,2024-01-13 23:47:38,2025-12-28 23:08:09,United Kingdom,243.1918181818182,714,5,1,2,512,New / Promising,0,3215.761426824297
10918,25,11,3127.51,116,2024-01-05 11:39:44,2025-12-07 17:55:29,United Kingdom,284.3190909090909,702,2,1,3,213,Hibernating,0,3215.761426824297
10919,22,11,3369.81,124,2024-02-01 15:17:32,2025-12-10 03:38:56,United Kingdom,306.3463636363636,677,3,1,4,314,Need Attention,0,3215.761426824297
10920,2,11,3776.83,124,2024-04-11 11:25:53,2025-12-30 14:12:11,United Kingdom,343.3481818181818,628,5,1,4,514,New / Promising,0,3215.761426824297
10921,33,11,4372.05,131,2024-01-08 13:26:04,2025-11-29 14:06:54,United Kingdom,397.45909090909095,691,2,2,5,225,Hibernating,0,3215.761426824297
10922,25,11,2322.43,117,2024-01-15 00:20:19,2025-12-07 12:50:17,United Kingdom,211.13,692,2,2,1,221,Hibernating,0,3215.761426824297
10923,10,11,4564.76,126,2024-02-10 23:27:31,2025-12-22 01:11:40,United Kingdom,414.97818181818184,680,4,2,5,425,New / Promising,0,3215.761426824297
10924,24,11,2507.86,100,2024-01-13 21:20:27,2025-12-08 08:31:22,United Kingdom,227.98727272727274,694,2,2,2,222,Hibernating,0,3215.761426824297
10925,3,11,3046.85,121,2024-03-20 03:45:10,2025-12-29 21:23:20,United Kingdom,276.98636363636365,649,5,2,3,523,New / Promising,0,3215.761426824297
10926,32,11,3906.84,117,2024-01-13 01:27:38,2025-11-30 13:14:51,United Kingdom,355.16727272727275,687,2,2,5,225,Hibernating,0,3215.761426824297
10927,35,11,3745.22,120,2024-01-07 02:30:21,2025-11-27 14:06:24,United Kingdom,340.4745454545454,690,2,2,4,224,Hibernating,0,3215.761426824297
10928,29,11,3301.0099999999998,119,2024-01-04 17:11:06,2025-12-03 03:11:28,United Kingdom,300.09181818181816,698,2,2,4,224,Hibernating,0,3215.761426824297
10929,20,11,4039.5,135,2024-01-13 03:28:13,2025-12-11 23:53:40,United Kingdom,367.22727272727275,698,3,2,5,325,Need Attention,0,3215.761426824297
10930,33,11,2459.29,120,2024-01-25 02:33:59,2025-11-29 14:13:47,United Kingdom,223.57181818181817,674,2,2,2,222,Hibernating,0,3215.761426824297
10931,4,11,2372.26,103,2024-01-25 19:59:33,2025-12-28 10:45:33,United Kingdom,215.66000000000003,702,5,2,1,521,New / Promising,0,3215.761426824297
10932,10,11,2618.12,123,2024-04-02 01:47:37,2025-12-22 21:18:06,United Kingdom,238.01090909090908,629,4,2,2,422,New / Promising,0,3215.761426824297
10933,1,10,4845.71,146,2024-02-02 08:59:22,2025-12-31 12:37:13,United Kingdom,484.571,698,5,1,5,515,New / Promising,1,3109.399468085106
10934,1,11,2362.63,107,2024-01-21 04:31:05,2025-12-31 08:15:47,United Kingdom,214.78454545454545,710,5,2,1,521,New / Promising,0,3215.761426824297
10935,22,11,5383.94,141,2024-02-10 12:52:41,2025-12-10 13:19:27,United Kingdom,489.4490909090909,669,3,2,5,325,Need Attention,0,3215.761426824297
10936,17,11,2101.34,99,2024-02-04 15:50:10,2025-12-15 02:35:40,United Kingdom,191.0309090909091,679,3,2,1,321,Need Attention,0,3215.761426824297
10937,20,11,3176.61,125,2024-02-12 21:12:22,2025-12-12 23:35:30,United Kingdom,288.7827272727273,669,3,2,3,323,Need Attention,0,3215.761426824297
10938,32,11,3059.57,114,2024-01-08 04:30:00,2025-11-30 22:15:27,United Kingdom,278.1427272727273,692,2,2,3,223,Hibernating,0,3215.761426824297
10939,17,11,3577.91,123,2024-01-27 07:17:01,2025-12-15 13:04:59,United Kingdom,325.26454545454544,688,3,2,4,324,Need Attention,0,3215.761426824297
10940,10,11,2478.4700000000003,101,2024-01-06 13:21:16,2025-12-22 00:14:57,United Kingdom,225.31545454545457,715,4,2,2,422,New / Promising,0,3215.761426824297
10941,31,11,2149.74,97,2024-02-25 18:49:44,2025-12-01 02:08:10,United Kingdom,195.43090909090907,644,2,2,1,221,Hibernating,0,3215.761426824297
10942,37,11,2371.91,104,2024-02-20 09:21:04,2025-11-25 23:17:59,United Kingdom,215.62818181818182,644,2,2,1,221,Hibernating,0,3215.761426824297
10943,25,11,3152.16,123,2024-01-16 12:14:29,2025-12-07 22:38:13,United Kingdom,286.56,691,2,2,3,223,Hibernating,0,3215.761426824297
10944,5,11,1873.91,100,2024-01-15 08:55:35,2025-12-27 21:23:16,United Kingdom,170.35545454545456,712,5,2,1,521,New / Promising,0,3215.761426824297
10945,19,11,4823.25,139,2024-02-28 03:43:40,2025-12-13 22:44:16,United Kingdom,438.47727272727275,654,3,2,5,325,Need Attention,0,3215.761426824297
10946,24,11,3219.6,118,2024-01-06 00:28:11,2025-12-08 04:43:08,United Kingdom,292.6909090909091,702,2,2,4,224,Hibernating,0,3215.761426824297
10947,14,11,2987.17,106,2024-01-26 14:31:07,2025-12-18 09:23:16,United Kingdom,271.5609090909091,691,3,2,3,323,Need Attention,0,3215.761426824297
10948,20,11,3433.54,114,2024-03-03 01:58:59,2025-12-12 15:25:54,United Kingdom,312.14,649,3,2,4,324,Need Attention,0,3215.761426824297
10949,34,11,2979.57,109,2024-01-02 00:36:32,2025-11-28 05:22:04,United Kingdom,270.87,696,2,2,3,223,Hibernating,0,3215.761426824297
10950,8,11,4602.24,134,2024-02-02 11:28:02,2025-12-24 15:14:35,United Kingdom,418.38545454545454,691,4,2,5,425,New / Promising,0,3215.761426824297
10951,17,11,3890.6,141,2024-01-07 20:02:50,2025-12-15 17:00:07,United Kingdom,353.6909090909091,707,3,2,5,325,Need Attention,0,3215.761426824297
10952,4,11,2511.16,104,2024-03-04 16:09:58,2025-12-28 22:30:21,United Kingdom,228.28727272727272,664,5,2,2,522,New / Promising,0,3215.761426824297
10953,26,11,3964.1800000000003,135,2024-01-11 02:36:16,2025-12-06 16:44:30,United Kingdom,360.38000000000005,695,2,2,5,225,Hibernating,0,3215.761426824297
10954,15,11,4017.95,142,2024-01-30 14:11:35,2025-12-17 20:58:34,United Kingdom,365.2681818181818,687,3,2,5,325,Need Attention,0,3215.761426824297
10955,67,11,2255.86,101,2024-01-20 03:03:43,2025-10-26 02:47:32,United Kingdom,205.07818181818183,644,1,2,1,121,Hibernating,0,3215.761426824297
10956,36,11,2255.41,111,2024-02-27 04:08:23,2025-11-26 22:51:30,United Kingdom,205.03727272727272,638,2,2,1,221,Hibernating,0,3215.761426824297
10957,5,11,3521.77,128,2024-01-01 13:25:30,2025-12-27 06:30:29,United Kingdom,320.1609090909091,725,5,2,4,524,New / Promising,0,3215.761426824297
10958,8,11,3455.62,123,2024-02-02 14:02:53,2025-12-24 13:28:42,United Kingdom,314.1472727272727,690,4,2,4,424,New / Promising,0,3215.761426824297
10959,16,11,4753.49,143,2024-03-14 07:47:20,2025-12-16 09:07:59,United Kingdom,432.13545454545454,642,3,2,5,325,Need Attention,0,3215.761426824297
10960,1,11,4692.1,137,2024-01-22 18:43:18,2025-12-31 05:41:28,United Kingdom,426.55454545454546,708,5,2,5,525,New / Promising,0,3215.761426824297
10961,11,11,2340.7599999999998,107,2024-01-31 05:19:44,2025-12-21 12:02:54,United Kingdom,212.79636363636362,690,4,2,1,421,New / Promising,0,3215.761426824297
10962,36,11,2203.27,119,2024-01-09 10:02:18,2025-11-26 13:54:50,United Kingdom,200.2972727272727,687,2,2,1,221,Hibernating,0,3215.761426824297
10963,4,11,3207.59,127,2024-01-05 09:14:32,2025-12-28 11:55:31,United Kingdom,291.59909090909093,723,5,2,3,523,New / Promising,0,3215.761426824297
10964,10,11,2627.42,109,2024-01-17 18:03:44,2025-12-22 22:37:05,United Kingdom,238.85636363636365,705,4,2,2,422,New / Promising,0,3215.761426824297
10965,4,11,2115.4,101,2024-02-03 18:07:07,2025-12-28 20:38:53,United Kingdom,192.3090909090909,694,5,2,1,521,New / Promising,0,3215.761426824297
10966,19,11,2681.61,112,2024-01-11 16:41:49,2025-12-13 03:21:42,United Kingdom,243.78272727272727,701,3,2,2,322,Need Attention,0,3215.761426824297
10967,59,11,6370.48,142,2024-01-03 23:06:09,2025-11-03 10:54:47,United Kingdom,579.1345454545454,669,1,2,5,125,Hibernating,0,3215.761426824297
10968,6,11,3300.98,126,2024-01-08 17:17:50,2025-12-26 01:19:50,United Kingdom,300.0890909090909,717,5,2,4,524,New / Promising,0,3215.761426824297
10969,51,11,2704.97,120,2024-01-06 14:14:25,2025-11-11 23:04:04,United Kingdom,245.9063636363636,675,1,2,2,122,Hibernating,0,3215.761426824297
10970,32,11,2380.4100000000003,103,2024-02-20 13:05:52,2025-11-30 17:21:39,United Kingdom,216.40090909090912,649,2,2,1,221,Hibernating,0,3215.761426824297
10971,105,11,2350.76,101,2024-01-18 17:17:44,2025-09-18 10:36:49,United Kingdom,213.70545454545456,608,1,2,1,121,Hibernating,0,3215.761426824297
10972,9,11,2502.33,114,2024-03-04 00:36:01,2025-12-23 13:22:57,United Kingdom,227.48454545454544,659,4,2,2,422,New / Promising,0,3215.761426824297
10973,16,11,1840.13,96,2024-01-01 05:59:04,2025-12-16 21:36:29,United Kingdom,167.28454545454545,715,3,2,1,321,Need Attention,0,3215.761426824297
10974,71,11,2623.02,113,2024-02-06 21:55:28,2025-10-22 10:40:49,United Kingdom,238.45636363636365,623,1,2,2,122,Hibernating,0,3215.761426824297
10975,3,11,4348.2,132,2024-01-06 07:53:34,2025-12-29 09:48:52,United Kingdom,395.29090909090905,723,5,2,5,525,New / Promising,0,3215.761426824297
10976,35,11,2619.2200000000003,128,2024-01-03 20:43:03,2025-11-27 02:00:07,United Kingdom,238.1109090909091,693,2,2,2,222,Hibernating,0,3215.761426824297
10977,42,11,4121.58,137,2024-01-20 06:37:02,2025-11-20 10:48:43,United Kingdom,374.6890909090909,670,1,2,5,125,Hibernating,0,3215.761426824297
10978,37,11,2677.85,105,2024-01-23 05:19:28,2025-11-25 22:26:13,United Kingdom,243.4409090909091,672,2,2,2,222,Hibernating,0,3215.761426824297
10979,1,11,5126.41,162,2024-01-18 17:54:42,2025-12-31 00:04:11,United Kingdom,466.0372727272727,712,5,2,5,525,New / Promising,0,3215.761426824297
10980,7,11,3386.56,137,2024-01-08 06:23:49,2025-12-25 22:44:34,United Kingdom,307.8690909090909,717,4,2,4,424,New / Promising,0,3215.761426824297
10981,52,11,4314.7300000000005,144,2024-01-26 18:27:25,2025-11-10 09:06:28,United Kingdom,392.2481818181819,653,1,2,5,125,Hibernating,0,3215.761426824297
10982,18,11,3437.4,123,2024-01-02 22:52:32,2025-12-14 02:17:09,United Kingdom,312.4909090909091,711,3,2,4,324,Need Attention,0,3215.761426824297
10983,14,11,2916.25,118,2024-01-02 21:02:10,2025-12-18 12:46:08,United Kingdom,265.1136363636364,715,3,2,3,323,Need Attention,0,3215.761426824297
10984,5,11,2518.42,104,2024-01-05 20:20:11,2025-12-27 22:33:40,United Kingdom,228.94727272727275,722,5,2,2,522,New / Promising,0,3215.761426824297
10985,19,11,2537.45,123,2024-01-12 10:57:08,2025-12-13 17:48:09,United Kingdom,230.6772727272727,701,3,2,2,322,Need Attention,0,3215.761426824297
10986,21,11,2500.39,110,2024-01-04 03:48:05,2025-12-11 04:07:15,United Kingdom,227.3081818181818,707,3,2,2,322,Need Attention,0,3215.761426824297
10987,1,11,2107.91,97,2024-01-31 19:06:13,2025-12-31 19:23:56,United Kingdom,191.62818181818182,700,5,2,1,521,New / Promising,0,3215.761426824297
10988,35,11,3188.22,113,2024-01-18 04:43:51,2025-11-27 12:32:16,United Kingdom,289.8381818181818,679,2,2,3,223,Hibernating,0,3215.761426824297
10989,22,11,4062.66,136,2024-03-18 20:51:37,2025-12-10 21:31:40,United Kingdom,369.33272727272725,632,3,2,5,325,Need Attention,0,3215.761426824297
10990,23,11,3481.76,119,2024-02-21 02:10:23,2025-12-09 23:30:48,United Kingdom,316.5236363636364,657,2,2,4,224,Hibernating,0,3215.761426824297
10991,64,11,3399.46,120,2024-01-20 13:32:29,2025-10-29 19:18:26,United Kingdom,309.0418181818182,648,1,2,4,124,Hibernating,0,3215.761426824297
10992,13,11,5591.599999999999,151,2024-01-17 19:06:13,2025-12-19 03:37:24,United Kingdom,508.32727272727266,701,4,2,5,425,New / Promising,0,3215.761426824297
10993,29,11,2570.65,120,2024-01-11 13:26:49,2025-12-03 01:17:59,United Kingdom,233.69545454545457,691,2,2,2,222,Hibernating,0,3215.761426824297
10994,16,11,2847.56,108,2024-01-10 02:04:36,2025-12-16 22:01:59,United Kingdom,258.8690909090909,706,3,2,3,323,Need Attention,0,3215.761426824297
10995,12,10,3284.66,135,2024-01-20 21:48:24,2025-12-20 01:55:23,United Kingdom,328.466,699,4,1,4,414,New / Promising,1,3109.399468085106
10996,29,11,2259.04,110,2024-01-01 23:33:30,2025-12-03 05:20:37,United Kingdom,205.36727272727273,701,2,2,1,221,Hibernating,0,3215.761426824297
10997,25,11,3309.77,114,2024-01-22 22:43:45,2025-12-07 13:42:16,United Kingdom,300.8881818181818,684,2,2,4,224,Hibernating,0,3215.761426824297
10998,17,11,5509.53,145,2024-01-17 13:18:54,2025-12-15 22:05:52,United Kingdom,500.8663636363636,698,3,2,5,325,Need Attention,0,3215.761426824297
10999,35,11,2884.47,109,2024-01-20 16:41:03,2025-11-27 10:51:02,United Kingdom,262.2245454545454,676,2,2,3,223,Hibernating,0,3215.761426824297
11000,45,11,3350.34,111,2024-01-03 04:26:43,2025-11-17 07:59:19,United Kingdom,304.5763636363636,684,1,2,4,124,Hibernating,0,3215.761426824297
11001,27,11,2895.68,127,2024-01-11 10:03:21,2025-12-05 08:16:03,United Kingdom,263.24363636363637,693,2,2,3,223,Hibernating,0,3215.761426824297
11002,36,11,3603.36,142,2024-02-14 18:19:30,2025-11-26 11:39:30,United Kingdom,327.5781818181818,650,2,2,4,224,Hibernating,0,3215.761426824297
11003,1,11,2194.44,103,2024-01-23 23:35:42,2025-12-31 06:32:05,United Kingdom,199.49454545454546,707,5,2,1,521,New / Promising,0,3215.761426824297
11004,6,11,2859.29,120,2024-03-06 04:12:52,2025-12-26 16:44:20,United Kingdom,259.93545454545455,660,5,2,3,523,New / Promising,0,3215.761426824297
11005,20,11,2798.28,110,2024-01-21 15:37:32,2025-12-12 21:07:47,United Kingdom,254.38909090909092,691,3,2,2,322,Need Attention,0,3215.761426824297
11006,48,11,1784.85,91,2024-02-10 13:51:33,2025-11-14 03:20:11,United Kingdom,162.2590909090909,642,1,2,1,121,Hibernating,0,3215.761426824297
11007,38,11,2856.91,119,2024-01-13 03:44:03,2025-11-24 22:48:41,United Kingdom,259.7190909090909,681,2,2,3,223,Hibernating,0,3215.761426824297
11008,6,11,3209.17,119,2024-01-24 23:03:51,2025-12-26 04:29:27,United Kingdom,291.7427272727273,701,5,2,3,523,New / Promising,0,3215.761426824297
11009,31,11,3488.52,119,2024-01-12 18:27:42,2025-12-01 01:09:01,United Kingdom,317.1381818181818,688,2,2,4,224,Hibernating,0,3215.761426824297
11010,1,11,3537.45,121,2024-01-06 04:34:41,2025-12-31 06:09:57,United Kingdom,321.5863636363636,725,5,2,4,524,New / Promising,0,3215.761426824297
11011,12,11,4902.21,159,2024-01-01 11:54:55,2025-12-20 17:42:35,United Kingdom,445.6554545454546,719,4,2,5,425,New / Promising,0,3215.761426824297
11012,42,11,3001.35,120,2024-01-01 07:37:42,2025-11-20 04:45:02,United Kingdom,272.84999999999997,688,1,2,3,123,Hibernating,0,3215.761426824297
11013,9,11,3395.09,123,2024-01-01 22:02:21,2025-12-23 04:09:04,United Kingdom,308.6445454545455,721,4,2,4,424,New / Promising,0,3215.761426824297
11014,16,11,2217.48,112,2024-01-04 04:37:25,2025-12-16 06:29:05,United Kingdom,201.5890909090909,712,3,2,1,321,Need Attention,0,3215.761426824297
11015,8,11,2130.19,111,2024-01-01 20:29:24,2025-12-24 19:05:20,United Kingdom,193.65363636363637,722,4,2,1,421,New / Promising,0,3215.761426824297
11016,74,11,4469.79,123,2024-02-06 15:52:42,2025-10-19 05:59:05,United Kingdom,406.3445454545454,620,1,2,5,125,Hibernating,0,3215.761426824297
11017,24,11,3223.3199999999997,121,2024-01-10 06:36:22,2025-12-08 15:49:00,United Kingdom,293.0290909090909,698,2,2,4,224,Hibernating,0,3215.761426824297
11018,81,11,2198.71,109,2024-01-07 10:09:00,2025-10-12 19:24:07,United Kingdom,199.88272727272727,644,1,2,1,121,Hibernating,0,3215.761426824297
11019,40,11,9144.789999999999,167,2024-01-03 22:23:02,2025-11-22 12:31:39,United Kingdom,831.3445454545454,688,1,2,5,125,Hibernating,0,3215.761426824297
11020,11,11,3590.53,118,2024-01-24 08:52:09,2025-12-21 22:04:44,United Kingdom,326.4118181818182,697,4,2,4,424,New / Promising,0,3215.761426824297
11021,3,11,2494.06,93,2024-01-03 10:59:22,2025-12-29 13:16:02,United Kingdom,226.73272727272726,726,5,2,2,522,New / Promising,0,3215.761426824297
11022,90,11,2529.39,111,2024-01-20 20:29:02,2025-10-03 16:46:40,United Kingdom,229.94454545454545,621,1,2,2,122,Hibernating,0,3215.761426824297
11023,44,11,3379.66,112,2024-01-22 06:59:52,2025-11-18 19:29:43,United Kingdom,307.2418181818182,666,1,2,4,124,Hibernating,0,3215.761426824297
11024,5,11,3195.48,126,2024-01-08 17:07:11,2025-12-27 08:34:47,United Kingdom,290.4981818181818,718,5,2,3,523,New / Promising,0,3215.761426824297
11025,16,11,2634.17,110,2024-01-18 20:40:01,2025-12-16 20:11:12,United Kingdom,239.47,697,3,2,2,322,Need Attention,0,3215.761426824297
11026,15,11,5087.77,145,2024-03-13 18:58:44,2025-12-17 05:45:59,United Kingdom,462.5245454545455,643,3,2,5,325,Need Attention,0,3215.761426824297
11027,13,11,3937.87,126,2024-01-21 01:30:35,2025-12-19 04:11:19,United Kingdom,357.98818181818183,698,4,2,5,425,New / Promising,0,3215.761426824297
11028,45,11,3059.31,109,2024-01-26 06:37:35,2025-11-17 05:25:20,United Kingdom,278.1190909090909,660,1,2,3,123,Hibernating,0,3215.761426824297
11029,60,11,1660.37,95,2024-01-08 14:43:17,2025-11-02 17:14:01,United Kingdom,150.94272727272727,664,1,2,1,121,Hibernating,0,3215.761426824297
11030,55,11,2932.68,111,2024-02-05 08:37:35,2025-11-07 10:30:33,United Kingdom,266.6072727272727,641,1,2,3,123,Hibernating,0,3215.761426824297
11031,8,11,2860.78,107,2024-01-11 16:05:36,2025-12-24 14:08:17,United Kingdom,260.0709090909091,712,4,2,3,423,New / Promising,0,3215.761426824297
11032,2,11,2403.02,94,2024-01-06 08:48:51,2025-12-30 22:11:44,United Kingdom,218.45636363636365,724,5,2,1,521,New / Promising,0,3215.761426824297
11033,12,11,4171.19,149,2024-01-29 18:41:00,2025-12-20 04:06:33,United Kingdom,379.1990909090909,690,4,2,5,425,New / Promising,0,3215.761426824297
11034,36,11,1922.07,94,2024-01-08 22:11:12,2025-11-26 22:48:54,United Kingdom,174.73363636363635,688,2,2,1,221,Hibernating,0,3215.761426824297
11035,18,11,4575.25,136,2024-01-22 15:16:55,2025-12-14 20:05:09,United Kingdom,415.9318181818182,692,3,2,5,325,Need Attention,0,3215.761426824297
11036,11,11,2679.97,105,2024-01-16 17:57:56,2025-12-21 00:22:55,United Kingdom,243.63363636363636,704,4,2,2,422,New / Promising,0,3215.761426824297
11037,1,11,2335.2,107,2024-01-12 00:43:32,2025-12-31 03:44:46,United Kingdom,212.29090909090908,719,5,2,1,521,New / Promising,0,3215.761426824297
11038,2,11,2642.96,114,2024-01-06 05:27:08,2025-12-30 06:27:57,United Kingdom,240.26909090909092,724,5,2,2,522,New / Promising,0,3215.761426824297
11039,57,11,3216.81,118,2024-02-02 00:45:29,2025-11-05 19:41:36,United Kingdom,292.4372727272727,642,1,2,3,123,Hibernating,0,3215.761426824297
11040,23,11,3335.55,109,2024-02-21 02:25:52,2025-12-09 09:52:18,United Kingdom,303.2318181818182,657,2,2,4,224,Hibernating,0,3215.761426824297
11041,8,11,4482.02,150,2024-02-14 01:40:49,2025-12-24 03:06:10,United Kingdom,407.4563636363637,679,4,2,5,425,New / Promising,0,3215.761426824297
11042,37,11,3377.7200000000003,144,2024-01-22 04:47:37,2025-11-25 05:29:20,United Kingdom,307.06545454545454,673,2,2,4,224,Hibernating,0,3215.761426824297
11043,83,11,2515.92,116,2024-02-20 10:33:27,2025-10-10 17:17:17,United Kingdom,228.72,598,1,2,2,122,Hibernating,0,3215.761426824297
11044,10,11,3054.51,118,2024-02-10 02:11:42,2025-12-22 08:08:39,United Kingdom,277.6827272727273,681,4,2,3,423,New / Promising,0,3215.761426824297
11045,26,11,4413.07,134,2024-01-05 08:28:11,2025-12-06 12:23:49,United Kingdom,401.1881818181818,701,2,2,5,225,Hibernating,0,3215.761426824297
11046,2,11,2366.07,112,2024-01-09 17:39:23,2025-12-30 20:20:55,United Kingdom,215.09727272727275,721,5,2,1,521,New / Promising,0,3215.761426824297
11047,15,11,2893.89,128,2024-01-30 16:12:37,2025-12-17 20:20:59,United Kingdom,263.0809090909091,687,3,2,3,323,Need Attention,0,3215.761426824297
11048,7,11,3391.76,120,2024-01-04 06:15:41,2025-12-25 00:13:04,United Kingdom,308.3418181818182,720,4,2,4,424,New / Promising,0,3215.761426824297
11049,34,11,3400.77,132,2024-01-16 08:25:16,2025-11-28 16:46:51,United Kingdom,309.1609090909091,682,2,2,4,224,Hibernating,0,3215.761426824297
11050,4,11,2988.02,114,2024-01-26 10:02:22,2025-12-28 01:37:38,United Kingdom,271.6381818181818,701,5,2,3,523,New / Promising,0,3215.761426824297
11051,71,11,2727.54,116,2024-05-22 23:09:32,2025-10-22 01:33:30,United Kingdom,247.95818181818183,517,1,2,2,122,Hibernating,0,3215.761426824297
11052,7,11,3460.89,130,2024-01-05 04:52:23,2025-12-25 13:34:21,United Kingdom,314.62636363636364,720,4,2,4,424,New / Promising,0,3215.761426824297
11053,7,11,2514.05,117,2024-01-07 19:15:31,2025-12-25 18:22:15,United Kingdom,228.55,717,4,2,2,422,New / Promising,0,3215.761426824297
11054,30,11,2375.67,112,2024-02-10 08:35:01,2025-12-02 19:20:51,United Kingdom,215.97,661,2,2,1,221,Hibernating,0,3215.761426824297
11055,8,11,5337.21,170,2024-01-10 06:39:47,2025-12-24 20:10:11,United Kingdom,485.2009090909091,714,4,2,5,425,New / Promising,0,3215.761426824297
11056,138,11,2873.29,126,2024-01-04 19:42:21,2025-08-16 02:39:20,United Kingdom,261.2081818181818,589,1,2,3,123,Hibernating,0,3215.761426824297
11057,1,11,3150.14,127,2024-01-26 14:45:50,2025-12-31 05:56:51,United Kingdom,286.37636363636364,704,5,2,3,523,New / Promising,0,3215.761426824297
11058,35,11,2142.43,97,2024-01-30 14:02:52,2025-11-27 14:36:25,United Kingdom,194.76636363636362,667,2,2,1,221,Hibernating,0,3215.761426824297
11059,43,11,3193.56,123,2024-02-04 13:08:11,2025-11-19 22:41:49,United Kingdom,290.32363636363635,654,1,2,3,123,Hibernating,0,3215.761426824297
11060,25,11,2590.57,112,2024-03-23 20:51:07,2025-12-07 19:05:56,United Kingdom,235.50636363636366,623,2,2,2,222,Hibernating,0,3215.761426824297
11061,44,11,3191.19,124,2024-01-01 10:19:06,2025-11-18 01:38:51,United Kingdom,290.10818181818183,686,1,2,3,123,Hibernating,0,3215.761426824297
11062,1,11,2529.7599999999998,114,2024-01-10 08:04:25,2025-12-31 13:19:18,United Kingdom,229.9781818181818,721,5,2,2,522,New / Promising,0,3215.761426824297
11063,14,11,7761.9,164,2024-02-04 07:54:39,2025-12-18 02:19:15,United Kingdom,705.6272727272727,682,3,2,5,325,Need Attention,0,3215.761426824297
11064,3,11,2773.56,107,2024-01-12 04:45:00,2025-12-29 04:47:28,United Kingdom,252.14181818181817,717,5,2,2,522,New / Promising,0,3215.761426824297
11065,13,11,2166.39,117,2024-01-22 21:08:23,2025-12-19 14:59:50,United Kingdom,196.94454545454545,696,4,2,1,421,New / Promising,0,3215.761426824297
11066,63,11,2848.41,120,2024-02-04 09:30:47,2025-10-30 11:39:32,United Kingdom,258.9463636363636,634,1,2,3,123,Hibernating,0,3215.761426824297
11067,46,11,2847.94,112,2024-01-04 00:44:06,2025-11-16 16:04:37,United Kingdom,258.9036363636364,682,1,2,3,123,Hibernating,0,3215.761426824297
11068,12,11,2221.59,104,2024-01-06 06:47:09,2025-12-20 15:51:28,United Kingdom,201.96272727272728,714,4,2,1,421,New / Promising,0,3215.761426824297
11069,23,11,2907.12,121,2024-01-07 16:42:18,2025-12-09 05:38:27,United Kingdom,264.28363636363633,701,2,2,3,223,Hibernating,0,3215.761426824297
11070,29,11,3784.33,129,2024-01-18 02:17:55,2025-12-03 16:20:53,United Kingdom,344.03,685,2,2,4,224,Hibernating,0,3215.761426824297
11071,31,11,3900.7599999999998,141,2024-01-02 21:54:05,2025-12-01 12:17:06,United Kingdom,354.6145454545454,698,2,2,5,225,Hibernating,0,3215.761426824297
11072,15,10,2579.88,92,2024-02-28 09:49:47,2025-12-17 20:10:48,United Kingdom,257.988,658,3,1,2,312,Need Attention,1,3109.399468085106
11073,26,11,4260.03,128,2024-02-29 19:20:25,2025-12-06 13:23:00,United Kingdom,387.2754545454545,645,2,2,5,225,Hibernating,0,3215.761426824297
11074,47,11,2911.19,125,2024-02-13 14:56:45,2025-11-15 00:22:09,United Kingdom,264.6536363636364,640,1,2,3,123,Hibernating,0,3215.761426824297
11075,26,11,2731.16,124,2024-02-03 15:25:19,2025-12-06 16:04:34,United Kingdom,248.28727272727272,672,2,2,2,222,Hibernating,0,3215.761426824297
11076,5,11,2575.3,110,2024-01-20 05:10:50,2025-12-27 05:26:17,United Kingdom,234.11818181818182,707,5,2,2,522,New / Promising,0,3215.761426824297
11077,65,11,3380.0,117,2024-01-20 20:47:25,2025-10-28 20:45:03,United Kingdom,307.27272727272725,646,1,2,4,124,Hibernating,0,3215.761426824297
11078,4,11,3589.6,136,2024-01-08 13:31:36,2025-12-28 10:36:46,United Kingdom,326.3272727272727,719,5,2,4,524,New / Promising,0,3215.761426824297
11079,47,11,3144.63,126,2024-01-07 03:21:01,2025-11-15 14:44:19,United Kingdom,285.87545454545455,678,1,2,3,123,Hibernating,0,3215.761426824297
11080,7,11,2694.55,116,2024-01-24 15:08:46,2025-12-25 17:40:05,United Kingdom,244.95909090909092,701,4,2,2,422,New / Promising,0,3215.761426824297
11081,14,11,4708.62,159,2024-01-26 01:24:14,2025-12-18 12:46:30,United Kingdom,428.05636363636364,692,3,2,5,325,Need Attention,0,3215.761426824297
11082,5,11,2200.5,117,2024-01-09 23:09:52,2025-12-27 08:49:12,United Kingdom,200.04545454545453,717,5,2,1,521,New / Promising,0,3215.761426824297
11083,30,11,2427.33,108,2024-01-23 02:03:01,2025-12-02 23:08:50,United Kingdom,220.66636363636363,679,2,2,1,221,Hibernating,0,3215.761426824297
11084,13,11,6679.79,175,2024-03-05 03:50:15,2025-12-19 12:04:32,United Kingdom,607.2536363636364,654,4,2,5,425,New / Promising,0,3215.761426824297
11085,17,11,2703.1,118,2024-01-17 10:00:38,2025-12-15 02:21:21,United Kingdom,245.73636363636362,697,3,2,2,322,Need Attention,0,3215.761426824297
11086,9,11,1994.09,109,2024-01-29 22:56:54,2025-12-23 16:46:02,United Kingdom,181.2809090909091,693,4,2,1,421,New / Promising,0,3215.761426824297
11087,1,11,3332.9,120,2024-01-03 11:25:01,2025-12-31 08:42:04,United Kingdom,302.9909090909091,727,5,2,4,524,New / Promising,0,3215.761426824297
11088,1,11,2496.0,107,2024-01-05 01:07:12,2025-12-31 13:17:42,United Kingdom,226.9090909090909,726,5,2,2,522,New / Promising,0,3215.761426824297
11089,22,11,3322.69,118,2024-02-01 16:55:37,2025-12-10 02:08:20,United Kingdom,302.0627272727273,677,3,2,4,324,Need Attention,0,3215.761426824297
11090,5,11,3119.5,117,2024-01-17 08:06:41,2025-12-27 02:17:55,United Kingdom,283.59090909090907,709,5,2,3,523,New / Promising,0,3215.761426824297
11091,14,11,3345.84,117,2024-02-25 12:22:56,2025-12-18 04:12:43,United Kingdom,304.16727272727275,661,3,2,4,324,Need Attention,0,3215.761426824297
11092,40,11,4881.18,146,2024-01-14 19:35:51,2025-11-22 03:56:14,United Kingdom,443.74363636363637,677,1,2,5,125,Hibernating,0,3215.761426824297
11093,9,11,2836.5,111,2024-02-15 19:07:31,2025-12-23 03:08:14,United Kingdom,257.8636363636364,676,4,2,3,423,New / Promising,0,3215.761426824297
11094,2,11,5151.38,138,2024-03-29 14:05:03,2025-12-30 02:41:06,United Kingdom,468.30727272727273,640,5,2,5,525,New / Promising,0,3215.761426824297
11095,22,11,3763.09,145,2024-01-02 13:15:45,2025-12-10 13:25:28,United Kingdom,342.09909090909093,708,3,2,4,324,Need Attention,0,3215.761426824297
11096,4,11,4619.110000000001,130,2024-01-01 15:39:01,2025-12-28 13:02:27,United Kingdom,419.919090909091,726,5,2,5,525,New / Promising,0,3215.761426824297
11097,43,11,2357.17,98,2024-02-12 22:23:00,2025-11-19 10:13:50,United Kingdom,214.2881818181818,645,1,2,1,121,Hibernating,0,3215.761426824297
11098,65,11,3662.1600000000003,123,2024-02-08 06:40:24,2025-10-28 17:39:11,United Kingdom,332.9236363636364,628,1,2,4,124,Hibernating,0,3215.761426824297
11099,77,11,2455.75,111,2024-01-25 15:43:28,2025-10-16 13:45:18,United Kingdom,223.25,629,1,2,2,122,Hibernating,0,3215.761426824297
11100,2,11,2570.0299999999997,123,2024-01-03 02:27:09,2025-12-30 11:02:16,United Kingdom,233.6390909090909,727,5,2,2,522,New / Promising,0,3215.761426824297
11101,5,11,3285.51,121,2024-01-11 09:52:06,2025-12-27 23:39:18,United Kingdom,298.6827272727273,716,5,2,4,524,New / Promising,0,3215.761426824297
11102,50,11,2383.1,97,2024-01-21 14:20:16,2025-11-12 21:50:39,United Kingdom,216.64545454545453,661,1,2,1,121,Hibernating,0,3215.761426824297
11103,18,11,3019.27,106,2024-02-28 11:58:07,2025-12-14 23:04:38,United Kingdom,274.4790909090909,655,3,2,3,323,Need Attention,0,3215.761426824297
11104,34,11,5384.18,150,2024-02-24 01:01:07,2025-11-28 21:06:14,United Kingdom,489.4709090909091,643,2,2,5,225,Hibernating,0,3215.761426824297
11105,122,11,3571.85,127,2024-01-06 02:15:14,2025-09-01 03:39:56,United Kingdom,324.71363636363634,604,1,2,4,124,Hibernating,0,3215.761426824297
11106,60,11,2296.77,97,2024-02-21 12:39:56,2025-11-02 14:20:14,United Kingdom,208.7972727272727,620,1,2,1,121,Hibernating,0,3215.761426824297
11107,5,11,2427.0099999999998,114,2024-01-11 23:58:42,2025-12-27 03:46:23,United Kingdom,220.63727272727272,715,5,2,1,521,New / Promising,0,3215.761426824297
11108,10,11,2799.87,109,2024-01-19 07:33:44,2025-12-22 15:30:04,United Kingdom,254.53363636363636,703,4,2,2,422,New / Promising,0,3215.761426824297
11109,19,11,2325.2999999999997,114,2024-01-01 06:28:02,2025-12-13 08:44:16,United Kingdom,211.39090909090908,712,3,2,1,321,Need Attention,0,3215.761426824297
11110,124,11,4829.28,139,2024-01-22 12:57:47,2025-08-30 07:13:50,United Kingdom,439.0254545454545,585,1,2,5,125,Hibernating,0,3215.761426824297
11111,26,11,2593.78,109,2024-01-01 19:16:57,2025-12-06 13:01:38,United Kingdom,235.79818181818183,704,2,2,2,222,Hibernating,0,3215.761426824297
11112,5,11,3426.0099999999998,121,2024-01-19 20:53:15,2025-12-27 00:09:24,United Kingdom,311.45545454545453,707,5,2,4,524,New / Promising,0,3215.761426824297
11113,40,11,2799.77,118,2024-01-06 12:24:21,2025-11-22 01:52:36,United Kingdom,254.52454545454546,685,1,2,2,122,Hibernating,0,3215.761426824297
11114,5,11,2854.7799999999997,113,2024-01-26 07:20:22,2025-12-27 21:09:09,United Kingdom,259.5254545454545,701,5,2,3,523,New / Promising,0,3215.761426824297
11115,50,11,2542.18,117,2024-01-20 19:38:49,2025-11-12 03:13:33,United Kingdom,231.10727272727271,661,1,2,2,122,Hibernating,0,3215.761426824297
11116,4,11,3962.98,127,2024-01-27 02:57:34,2025-12-28 19:27:07,United Kingdom,360.2709090909091,701,5,2,5,525,New / Promising,0,3215.761426824297
11117,11,11,4452.7,143,2024-01-19 09:30:25,2025-12-21 02:43:52,United Kingdom,404.79090909090905,701,4,2,5,425,New / Promising,0,3215.761426824297
11118,9,11,3665.2000000000003,120,2024-01-01 12:19:07,2025-12-23 18:47:38,United Kingdom,333.20000000000005,722,4,2,4,424,New / Promising,0,3215.761426824297
11119,31,11,5287.15,127,2024-01-05 01:10:02,2025-12-01 21:29:29,United Kingdom,480.65,696,2,2,5,225,Hibernating,0,3215.761426824297
11120,20,11,1669.68,90,2024-01-18 06:05:49,2025-12-12 06:01:04,United Kingdom,151.7890909090909,693,3,2,1,321,Need Attention,0,3215.761426824297
11121,67,11,2515.67,112,2024-02-03 19:27:20,2025-10-26 06:26:20,United Kingdom,228.69727272727275,630,1,2,2,122,Hibernating,0,3215.761426824297
11122,19,11,3316.83,116,2024-01-05 12:00:50,2025-12-13 15:41:48,United Kingdom,301.53,708,3,2,4,324,Need Attention,0,3215.761426824297
11123,8,11,3663.3,127,2024-02-10 03:56:41,2025-12-24 19:29:20,United Kingdom,333.02727272727276,683,4,2,4,424,New / Promising,0,3215.761426824297
11124,94,11,3305.05,146,2024-02-02 12:54:55,2025-09-29 23:34:32,United Kingdom,300.45909090909095,605,1,2,4,124,Hibernating,0,3215.761426824297
11125,86,11,2897.29,118,2024-01-06 10:21:51,2025-10-07 08:17:02,United Kingdom,263.39,639,1,2,3,123,Hibernating,0,3215.761426824297
11126,21,11,3181.35,113,2024-01-17 07:51:14,2025-12-11 09:30:55,United Kingdom,289.21363636363634,694,3,2,3,323,Need Attention,0,3215.761426824297
11127,4,11,2463.09,108,2024-02-14 06:13:48,2025-12-28 03:12:47,United Kingdom,223.91727272727275,682,5,2,2,522,New / Promising,0,3215.761426824297
11128,16,11,2534.7,107,2024-01-11 02:18:23,2025-12-16 00:44:35,United Kingdom,230.4272727272727,704,3,2,2,322,Need Attention,0,3215.761426824297
11129,2,11,4240.08,143,2024-01-22 05:24:59,2025-12-30 23:23:45,United Kingdom,385.46181818181816,708,5,2,5,525,New / Promising,0,3215.761426824297
11130,5,11,4604.3099999999995,133,2024-02-05 06:04:30,2025-12-27 13:28:45,United Kingdom,418.5736363636363,691,5,2,5,525,New / Promising,0,3215.761426824297
11131,15,11,3786.0,130,2024-01-16 19:13:43,2025-12-16 23:57:07,United Kingdom,344.1818181818182,700,3,2,4,324,Need Attention,0,3215.761426824297
11132,9,11,4093.37,130,2024-01-30 03:36:58,2025-12-23 23:02:37,United Kingdom,372.12454545454545,693,4,2,5,425,New / Promising,0,3215.761426824297
11133,48,11,4045.32,129,2024-02-03 10:56:46,2025-11-14 15:17:46,United Kingdom,367.75636363636363,650,1,2,5,125,Hibernating,0,3215.761426824297
11134,18,11,4305.26,130,2024-01-05 13:06:47,2025-12-14 18:52:15,United Kingdom,391.3872727272728,709,3,2,5,325,Need Attention,0,3215.761426824297
11135,2,11,3812.74,119,2024-02-20 06:52:03,2025-12-30 08:46:56,United Kingdom,346.6127272727272,679,5,2,4,524,New / Promising,0,3215.761426824297
11136,12,11,4381.83,121,2024-02-12 17:05:38,2025-12-20 21:36:00,United Kingdom,398.3481818181818,677,4,2,5,425,New / Promising,0,3215.761426824297
11137,23,11,6237.31,162,2024-02-21 03:51:48,2025-12-09 19:53:07,United Kingdom,567.0281818181819,657,2,2,5,225,Hibernating,0,3215.761426824297
11138,12,11,2725.58,114,2024-01-13 11:39:22,2025-12-20 06:49:56,United Kingdom,247.78,706,4,2,2,422,New / Promising,0,3215.761426824297
11139,13,11,3217.88,112,2024-01-27 23:43:08,2025-12-19 18:35:43,United Kingdom,292.5345454545455,691,4,2,4,424,New / Promising,0,3215.761426824297
11140,5,11,2797.08,103,2024-02-02 20:20:58,2025-12-27 18:13:22,United Kingdom,254.28,693,5,2,2,522,New / Promising,0,3215.761426824297
11141,20,11,6919.84,144,2024-03-15 03:15:25,2025-12-12 20:11:38,United Kingdom,629.0763636363637,637,3,2,5,325,Need Attention,0,3215.761426824297
11142,24,11,4166.36,124,2024-01-02 08:07:50,2025-12-08 06:55:14,United Kingdom,378.76,705,2,2,5,225,Hibernating,0,3215.761426824297
11143,1,11,3784.29,140,2024-01-29 19:39:00,2025-12-31 11:05:46,United Kingdom,344.0263636363636,701,5,2,4,524,New / Promising,0,3215.761426824297
11144,22,11,4789.9400000000005,138,2024-01-15 20:13:36,2025-12-10 09:04:47,United Kingdom,435.44909090909096,694,3,2,5,325,Need Attention,0,3215.761426824297
11145,29,11,2997.06,113,2024-01-25 08:14:56,2025-12-03 23:12:01,United Kingdom,272.46,678,2,2,3,223,Hibernating,0,3215.761426824297
11146,13,11,2774.25,113,2024-01-17 01:46:05,2025-12-19 04:02:09,United Kingdom,252.20454545454547,702,4,2,2,422,New / Promising,0,3215.761426824297
11147,16,11,5553.89,147,2024-01-27 17:59:28,2025-12-16 08:23:21,United Kingdom,504.89909090909094,688,3,2,5,325,Need Attention,0,3215.761426824297
11148,14,11,3202.2000000000003,120,2024-01-23 03:51:25,2025-12-18 16:17:31,Germany,291.1090909090909,695,3,2,3,323,Need Attention,0,3215.761426824297
11149,20,11,3926.75,118,2024-01-10 23:06:52,2025-12-12 14:57:15,United Kingdom,356.97727272727275,701,3,2,5,325,Need Attention,0,3215.761426824297
11150,2,11,2153.16,101,2024-01-03 00:08:44,2025-12-30 08:02:04,United Kingdom,195.74181818181816,727,5,2,1,521,New / Promising,0,3215.761426824297
11151,15,11,2188.7400000000002,110,2024-01-10 06:44:43,2025-12-17 18:44:56,United Kingdom,198.97636363636366,707,3,2,1,321,Need Attention,0,3215.761426824297
11152,6,11,3616.55,114,2024-01-23 21:23:13,2025-12-26 00:36:35,United Kingdom,328.77727272727276,702,5,2,4,524,New / Promising,0,3215.761426824297
11153,8,11,2471.57,102,2024-01-19 13:41:35,2025-12-24 22:10:58,United Kingdom,224.68818181818185,705,4,2,2,422,New / Promising,0,3215.761426824297
11154,11,11,3062.81,112,2024-01-18 18:32:02,2025-12-21 14:07:28,United Kingdom,278.4372727272727,702,4,2,3,423,New / Promising,0,3215.761426824297
11155,13,11,2690.52,111,2024-01-30 17:33:38,2025-12-19 11:51:00,United Kingdom,244.59272727272727,688,4,2,2,422,New / Promising,0,3215.761426824297
11156,15,11,9241.29,188,2024-03-03 23:59:31,2025-12-17 12:29:37,United Kingdom,840.1172727272728,653,3,2,5,325,Need Attention,0,3215.761426824297
11157,87,11,3659.06,124,2024-01-24 16:52:53,2025-10-06 07:07:21,United Kingdom,332.64181818181817,620,1,2,4,124,Hibernating,0,3215.761426824297
11158,4,11,4573.389999999999,145,2024-01-15 18:24:42,2025-12-28 11:47:15,United Kingdom,415.7627272727272,712,5,2,5,525,New / Promising,0,3215.761426824297
11159,44,11,2417.75,106,2024-01-18 02:56:57,2025-11-18 08:46:45,United Kingdom,219.79545454545453,670,1,2,1,121,Hibernating,0,3215.761426824297
11160,3,11,3790.5699999999997,125,2024-03-03 06:24:06,2025-12-29 14:44:28,United Kingdom,344.5972727272727,666,5,2,4,524,New / Promising,0,3215.761426824297
11161,45,11,2884.01,116,2024-01-03 07:26:27,2025-11-17 23:41:00,United Kingdom,262.1827272727273,684,1,2,3,123,Hibernating,0,3215.761426824297
11162,3,11,4908.24,134,2024-01-22 20:29:06,2025-12-29 00:15:32,United Kingdom,446.20363636363635,706,5,2,5,525,New / Promising,0,3215.761426824297
11163,35,11,3433.96,117,2024-02-27 22:20:44,2025-11-27 13:26:35,United Kingdom,312.1781818181818,638,2,2,4,224,Hibernating,0,3215.761426824297
11164,20,11,3002.9300000000003,114,2024-03-12 09:06:16,2025-12-12 15:15:35,United Kingdom,272.99363636363637,640,3,2,3,323,Need Attention,0,3215.761426824297
11165,27,11,3041.01,102,2024-01-02 16:15:34,2025-12-05 12:45:01,United Kingdom,276.4554545454546,702,2,2,3,223,Hibernating,0,3215.761426824297
11166,3,11,3859.53,133,2024-01-28 05:39:19,2025-12-29 22:00:51,United Kingdom,350.86636363636364,701,5,2,5,525,New / Promising,0,3215.761426824297
11167,63,11,3465.27,123,2024-01-31 01:33:06,2025-10-30 20:59:23,United Kingdom,315.02454545454543,638,1,2,4,124,Hibernating,0,3215.761426824297
11168,10,11,4943.87,138,2024-01-08 07:03:22,2025-12-22 13:52:40,United Kingdom,449.44272727272727,714,4,2,5,425,New / Promising,0,3215.761426824297
11169,31,11,2947.48,111,2024-01-03 06:11:48,2025-12-01 00:01:09,United Kingdom,267.95272727272726,697,2,2,3,223,Hibernating,0,3215.761426824297
11170,1,11,6267.53,163,2024-02-02 10:29:30,2025-12-31 08:08:54,United Kingdom,569.7754545454545,697,5,2,5,525,New / Promising,0,3215.761426824297
11171,43,11,4871.09,142,2024-02-03 17:54:45,2025-11-19 13:21:57,United Kingdom,442.8263636363636,654,1,2,5,125,Hibernating,0,3215.761426824297
11172,57,11,2145.08,106,2024-01-10 21:48:18,2025-11-05 21:27:32,United Kingdom,195.00727272727272,664,1,2,1,121,Hibernating,0,3215.761426824297
11173,8,11,2241.78,108,2024-01-16 01:09:23,2025-12-24 23:22:55,United Kingdom,203.79818181818183,708,4,2,1,421,New / Promising,0,3215.761426824297
11174,31,11,2958.73,110,2024-02-18 13:46:23,2025-12-01 10:42:03,United Kingdom,268.97545454545457,651,2,2,3,223,Hibernating,0,3215.761426824297
11175,32,11,2588.37,114,2024-01-27 06:17:02,2025-11-30 11:43:14,United Kingdom,235.3063636363636,673,2,2,2,222,Hibernating,0,3215.761426824297
11176,12,11,3047.6,121,2024-01-18 23:33:05,2025-12-20 06:38:11,United Kingdom,277.05454545454546,701,4,2,3,423,New / Promising,0,3215.761426824297
11177,3,11,2786.39,109,2024-03-09 09:50:07,2025-12-29 09:14:09,United Kingdom,253.3081818181818,659,5,2,2,522,New / Promising,0,3215.761426824297
11178,14,11,2874.9,107,2024-01-10 09:00:09,2025-12-18 18:24:34,United Kingdom,261.3545454545455,708,3,2,3,323,Need Attention,0,3215.761426824297
11179,8,11,2299.69,104,2024-02-01 13:09:19,2025-12-24 05:03:01,United Kingdom,209.06272727272727,691,4,2,1,421,New / Promising,0,3215.761426824297
11180,23,11,3395.49,122,2024-01-27 20:14:13,2025-12-09 08:34:18,United Kingdom,308.6809090909091,681,2,2,4,224,Hibernating,0,3215.761426824297
11181,7,11,2601.82,96,2024-02-14 09:52:41,2025-12-25 02:53:30,United Kingdom,236.5290909090909,679,4,2,2,422,New / Promising,0,3215.761426824297
11182,52,11,4203.1,128,2024-01-18 02:39:27,2025-11-10 09:02:22,United Kingdom,382.1,662,1,2,5,125,Hibernating,0,3215.761426824297
11183,2,11,2396.63,107,2024-01-27 04:54:49,2025-12-30 09:43:49,United Kingdom,217.87545454545455,703,5,2,1,521,New / Promising,0,3215.761426824297
11184,60,11,2336.89,110,2024-01-08 02:56:09,2025-11-02 21:17:00,United Kingdom,212.44454545454545,664,1,2,1,121,Hibernating,0,3215.761426824297
11185,7,11,2521.28,112,2024-03-06 23:51:40,2025-12-25 01:32:21,United Kingdom,229.20727272727274,658,4,2,2,422,New / Promising,0,3215.761426824297
11186,48,11,2670.86,116,2024-01-11 23:08:53,2025-11-14 04:09:56,United Kingdom,242.80545454545455,672,1,2,2,122,Hibernating,0,3215.761426824297
11187,38,11,2748.21,107,2024-01-13 04:50:42,2025-11-24 05:49:33,United Kingdom,249.83727272727273,681,2,2,2,222,Hibernating,0,3215.761426824297
11188,39,11,3069.4,127,2024-01-22 19:29:59,2025-11-23 03:20:13,United Kingdom,279.03636363636366,670,1,2,3,123,Hibernating,0,3215.761426824297
11189,28,11,2986.4900000000002,99,2024-04-05 08:17:15,2025-12-04 03:54:57,United Kingdom,271.4990909090909,607,2,2,3,223,Hibernating,0,3215.761426824297
11190,27,11,2500.05,85,2024-01-25 06:34:17,2025-12-05 03:32:19,United Kingdom,227.27727272727273,679,2,2,2,222,Hibernating,0,3215.761426824297
11191,44,11,2972.7,119,2024-01-22 18:29:40,2025-11-18 16:53:54,United Kingdom,270.24545454545455,665,1,2,3,123,Hibernating,0,3215.761426824297
11192,5,11,1829.68,107,2024-01-10 21:27:58,2025-12-27 22:54:53,United Kingdom,166.33454545454546,717,5,2,1,521,New / Promising,0,3215.761426824297
11193,6,11,2084.63,104,2024-01-30 06:23:17,2025-12-26 14:56:45,United Kingdom,189.5118181818182,696,5,2,1,521,New / Promising,0,3215.761426824297
11194,20,11,2001.54,87,2024-01-16 05:14:35,2025-12-12 19:01:14,United Kingdom,181.95818181818183,696,3,2,1,321,Need Attention,0,3215.761426824297
11195,19,11,4903.99,147,2024-02-19 03:36:11,2025-12-13 07:48:38,United Kingdom,445.8172727272727,663,3,2,5,325,Need Attention,0,3215.761426824297
11196,9,11,2071.9,102,2024-03-28 12:14:35,2025-12-23 18:03:23,United Kingdom,188.35454545454547,635,4,2,1,421,New / Promising,0,3215.761426824297
11197,18,11,3471.07,122,2024-01-05 08:56:20,2025-12-14 10:23:22,United Kingdom,315.5518181818182,709,3,2,4,324,Need Attention,0,3215.761426824297
11198,23,11,1994.9,95,2024-02-07 15:21:20,2025-12-09 14:28:36,United Kingdom,181.35454545454547,670,2,2,1,221,Hibernating,0,3215.761426824297
11199,3,11,5189.15,158,2024-01-11 04:45:35,2025-12-29 22:49:19,United Kingdom,471.74090909090904,718,5,2,5,525,New / Promising,0,3215.761426824297
11200,24,11,2558.48,104,2024-01-31 08:57:39,2025-12-07 23:57:56,United Kingdom,232.5890909090909,676,2,2,2,222,Hibernating,0,3215.761426824297
11201,54,11,2618.91,114,2024-01-03 20:09:57,2025-11-08 16:28:18,United Kingdom,238.08272727272725,674,1,2,2,122,Hibernating,0,3215.761426824297
11202,25,11,2296.93,103,2024-01-23 17:57:00,2025-12-07 01:00:23,United Kingdom,208.81181818181815,683,2,2,1,221,Hibernating,0,3215.761426824297
11203,29,11,2588.68,109,2024-01-07 06:50:07,2025-12-03 21:59:06,United Kingdom,235.33454545454543,696,2,2,2,222,Hibernating,0,3215.761426824297
11204,16,11,2684.54,116,2024-01-01 19:35:27,2025-12-16 02:57:37,United Kingdom,244.0490909090909,714,3,2,2,322,Need Attention,0,3215.761426824297
11205,87,11,2716.27,118,2024-02-01 05:51:06,2025-10-06 13:08:03,United Kingdom,246.93363636363637,613,1,2,2,122,Hibernating,0,3215.761426824297
11206,21,11,3791.18,117,2024-03-16 05:15:46,2025-12-11 21:45:52,United Kingdom,344.65272727272725,635,3,2,4,324,Need Attention,0,3215.761426824297
11207,3,11,2933.85,135,2024-05-03 05:23:17,2025-12-29 02:09:43,United Kingdom,266.71363636363634,604,5,2,3,523,New / Promising,0,3215.761426824297
11208,47,11,2906.6,128,2024-02-08 22:16:30,2025-11-15 01:17:33,United Kingdom,264.23636363636365,645,1,2,3,123,Hibernating,0,3215.761426824297
11209,4,11,3910.25,134,2024-02-09 15:20:36,2025-12-28 21:13:27,United Kingdom,355.47727272727275,688,5,2,5,525,New / Promising,0,3215.761426824297
11210,67,11,3431.9700000000003,129,2024-01-16 09:48:28,2025-10-26 00:04:15,United Kingdom,311.99727272727273,648,1,2,4,124,Hibernating,0,3215.761426824297
11211,17,11,3914.07,139,2024-01-13 18:11:09,2025-12-15 16:32:20,United Kingdom,355.82454545454544,701,3,2,5,325,Need Attention,0,3215.761426824297
11212,5,11,2897.9,112,2024-01-17 23:29:25,2025-12-27 15:11:56,United Kingdom,263.44545454545454,709,5,2,3,523,New / Promising,0,3215.761426824297
11213,132,11,4612.57,124,2024-01-09 20:07:00,2025-08-22 19:18:19,United Kingdom,419.32454545454544,590,1,2,5,125,Hibernating,0,3215.761426824297
11214,8,11,2827.52,121,2024-03-07 08:00:18,2025-12-24 08:45:57,United Kingdom,257.04727272727274,657,4,2,3,423,New / Promising,0,3215.761426824297
11215,5,11,3978.57,129,2024-01-25 10:28:12,2025-12-27 15:12:12,United Kingdom,361.6881818181818,702,5,2,5,525,New / Promising,0,3215.761426824297
11216,5,11,2226.87,116,2024-01-28 17:56:30,2025-12-27 19:02:54,United Kingdom,202.44272727272727,699,5,2,1,521,New / Promising,0,3215.761426824297
11217,18,11,2281.7799999999997,108,2024-01-28 12:02:19,2025-12-14 20:26:49,United Kingdom,207.43454545454543,686,3,2,1,321,Need Attention,0,3215.761426824297
11218,76,11,2742.18,115,2024-01-12 21:57:44,2025-10-17 08:16:37,United Kingdom,249.2890909090909,643,1,2,2,122,Hibernating,0,3215.761426824297
11219,55,11,2567.43,111,2024-03-12 23:43:15,2025-11-07 06:03:10,United Kingdom,233.40272727272725,604,1,2,2,122,Hibernating,0,3215.761426824297
11220,100,11,2232.17,115,2024-01-19 20:29:39,2025-09-23 05:19:23,United Kingdom,202.92454545454547,612,1,2,1,121,Hibernating,0,3215.761426824297
11221,34,11,3583.39,124,2024-01-22 20:07:39,2025-11-28 14:11:33,United Kingdom,325.76272727272726,675,2,2,4,224,Hibernating,0,3215.761426824297
11222,14,11,3237.81,121,2024-02-02 09:25:07,2025-12-18 12:59:46,United Kingdom,294.3463636363636,685,3,2,4,324,Need Attention,0,3215.761426824297
11223,26,11,3758.2,123,2024-01-17 00:37:07,2025-12-06 20:33:22,United Kingdom,341.6545454545454,689,2,2,4,224,Hibernating,0,3215.761426824297
11224,52,11,3303.48,129,2024-01-04 23:50:12,2025-11-10 04:12:40,United Kingdom,300.31636363636363,675,1,2,4,124,Hibernating,0,3215.761426824297
11225,24,11,2487.47,102,2024-01-04 04:05:40,2025-12-08 17:30:31,United Kingdom,226.13363636363636,704,2,2,2,222,Hibernating,0,3215.761426824297
11226,23,11,4366.73,126,2024-01-22 08:18:49,2025-12-09 17:08:26,United Kingdom,396.9754545454545,687,2,2,5,225,Hibernating,0,3215.761426824297
11227,122,11,4989.89,142,2024-02-06 13:02:46,2025-09-01 12:51:31,United Kingdom,453.6263636363637,572,1,2,5,125,Hibernating,0,3215.761426824297
11228,27,11,2673.34,108,2024-01-14 07:56:36,2025-12-05 15:43:32,United Kingdom,243.0309090909091,691,2,2,2,222,Hibernating,0,3215.761426824297
11229,108,11,2793.58,119,2024-01-04 05:00:54,2025-09-15 14:05:18,United Kingdom,253.9618181818182,620,1,2,2,122,Hibernating,0,3215.761426824297
11230,33,11,2657.54,111,2024-01-31 18:54:28,2025-11-29 02:16:02,United Kingdom,241.59454545454545,667,2,2,2,222,Hibernating,0,3215.761426824297
11231,28,11,4047.48,142,2024-01-17 12:43:23,2025-12-04 18:41:58,United Kingdom,367.95272727272726,687,2,2,5,225,Hibernating,0,3215.761426824297
11232,13,11,3448.7400000000002,119,2024-01-06 11:41:27,2025-12-19 19:52:40,United Kingdom,313.5218181818182,713,4,2,4,424,New / Promising,0,3215.761426824297
11233,22,11,4153.49,147,2024-01-05 19:09:35,2025-12-10 02:30:13,United Kingdom,377.59,704,3,2,5,325,Need Attention,0,3215.761426824297
11234,15,11,3295.52,130,2024-01-11 10:39:34,2025-12-17 17:56:54,United Kingdom,299.59272727272725,706,3,2,4,324,Need Attention,0,3215.761426824297
11235,11,11,4277.7300000000005,127,2024-03-19 03:12:40,2025-12-21 19:02:11,United Kingdom,388.8845454545455,642,4,2,5,425,New / Promising,0,3215.761426824297
11236,15,11,3317.5899999999997,126,2024-01-30 04:07:31,2025-12-17 17:33:07,United Kingdom,301.5990909090909,687,3,2,4,324,Need Attention,0,3215.761426824297
11237,6,11,2649.19,114,2024-01-08 01:20:05,2025-12-26 21:08:58,United Kingdom,240.83545454545455,718,5,2,2,522,New / Promising,0,3215.761426824297
11238,26,11,2932.39,120,2024-01-07 07:57:40,2025-12-06 16:06:16,United Kingdom,266.5809090909091,699,2,2,3,223,Hibernating,0,3215.761426824297
11239,26,11,4204.26,141,2024-02-08 10:57:40,2025-12-06 01:39:31,United Kingdom,382.2054545454546,666,2,2,5,225,Hibernating,0,3215.761426824297
11240,35,11,3488.13,126,2024-01-02 07:58:01,2025-11-27 11:02:51,United Kingdom,317.1027272727273,695,2,2,4,224,Hibernating,0,3215.761426824297
11241,5,11,5332.26,140,2024-01-22 09:17:51,2025-12-27 07:34:18,United Kingdom,484.7509090909091,704,5,2,5,525,New / Promising,0,3215.761426824297
11242,6,11,2956.2200000000003,117,2024-02-10 23:46:19,2025-12-26 04:12:42,United Kingdom,268.74727272727273,684,5,2,3,523,New / Promising,0,3215.761426824297
11243,144,11,2453.17,112,2024-01-15 07:03:13,2025-08-10 10:13:24,United Kingdom,223.01545454545456,573,1,2,1,121,Hibernating,0,3215.761426824297
11244,76,11,3340.7,119,2024-01-03 13:58:34,2025-10-17 11:02:56,United Kingdom,303.7,652,1,2,4,124,Hibernating,0,3215.761426824297
11245,13,11,3337.06,117,2024-01-13 02:05:19,2025-12-19 04:18:41,United Kingdom,303.3690909090909,706,4,2,4,424,New / Promising,0,3215.761426824297
11246,31,11,2963.9300000000003,117,2024-01-17 15:41:30,2025-12-01 12:52:19,United Kingdom,269.44818181818187,683,2,2,3,223,Hibernating,0,3215.761426824297
11247,8,11,2863.37,125,2024-01-05 09:21:34,2025-12-24 07:12:12,United Kingdom,260.30636363636364,718,4,2,3,423,New / Promising,0,3215.761426824297
11248,17,11,2287.17,118,2024-01-12 02:29:35,2025-12-15 18:25:19,United Kingdom,207.92454545454547,703,3,2,1,321,Need Attention,0,3215.761426824297
11249,14,11,2625.03,91,2024-01-24 06:26:01,2025-12-18 02:09:14,United Kingdom,238.63909090909092,693,3,2,2,322,Need Attention,0,3215.761426824297
11250,23,11,5573.66,146,2024-01-17 15:22:54,2025-12-09 12:37:48,United Kingdom,506.6963636363636,691,2,2,5,225,Hibernating,0,3215.761426824297
11251,8,11,3211.91,137,2024-01-31 05:52:53,2025-12-24 17:24:25,United Kingdom,291.9918181818182,693,4,2,3,423,New / Promising,0,3215.761426824297
11252,70,11,3543.48,136,2024-01-18 11:07:18,2025-10-23 14:59:57,United Kingdom,322.13454545454545,644,1,2,4,124,Hibernating,0,3215.761426824297
11253,25,11,5424.86,153,2024-02-15 18:48:28,2025-12-07 04:59:14,United Kingdom,493.16909090909087,660,2,2,5,225,Hibernating,0,3215.761426824297
11254,18,11,2124.13,103,2024-01-01 00:23:12,2025-12-14 16:01:23,United Kingdom,193.1027272727273,713,3,2,1,321,Need Attention,0,3215.761426824297
11255,44,11,2343.15,108,2024-01-06 21:23:15,2025-11-18 12:04:51,United Kingdom,213.01363636363638,681,1,2,1,121,Hibernating,0,3215.761426824297
11256,10,11,2654.2,117,2024-03-15 02:47:27,2025-12-22 20:30:02,United Kingdom,241.29090909090908,647,4,2,2,422,New / Promising,0,3215.761426824297
11257,37,11,1606.36,88,2024-01-04 07:48:18,2025-11-25 11:29:10,United Kingdom,146.03272727272727,691,2,2,1,221,Hibernating,0,3215.761426824297
11258,13,11,4060.49,130,2024-02-18 01:43:15,2025-12-19 07:58:54,United Kingdom,369.13545454545454,670,4,2,5,425,New / Promising,0,3215.761426824297
11259,46,11,3550.68,134,2024-01-05 02:32:53,2025-11-16 14:34:42,United Kingdom,322.7890909090909,681,1,2,4,124,Hibernating,0,3215.761426824297
11260,4,11,3336.17,131,2024-02-19 08:04:35,2025-12-28 19:39:42,United Kingdom,303.28818181818184,678,5,2,4,524,New / Promising,0,3215.761426824297
11261,2,11,2303.7,104,2024-01-18 10:31:55,2025-12-30 06:08:17,United Kingdom,209.4272727272727,711,5,2,1,521,New / Promising,0,3215.761426824297
11262,32,11,6767.65,170,2024-01-04 08:07:01,2025-11-30 17:32:24,United Kingdom,615.2409090909091,696,2,2,5,225,Hibernating,0,3215.761426824297
11263,43,11,3418.36,132,2024-01-02 07:11:41,2025-11-19 06:59:12,United Kingdom,310.76,686,1,2,4,124,Hibernating,0,3215.761426824297
11264,49,11,3214.06,122,2024-02-04 21:47:33,2025-11-13 03:09:52,United Kingdom,292.1872727272727,647,1,2,3,123,Hibernating,0,3215.761426824297
11265,7,11,2267.54,90,2024-01-12 08:56:49,2025-12-25 19:59:07,United Kingdom,206.14,713,4,2,1,421,New / Promising,0,3215.761426824297
11266,6,11,2893.64,121,2024-01-24 02:51:12,2025-12-26 13:35:12,United Kingdom,263.0581818181818,702,5,2,3,523,New / Promising,0,3215.761426824297
11267,24,11,3716.25,135,2024-01-08 13:31:21,2025-12-08 19:32:31,United Kingdom,337.84090909090907,700,2,2,4,224,Hibernating,0,3215.761426824297
11268,14,11,5201.92,144,2024-01-11 22:04:39,2025-12-18 06:29:41,United Kingdom,472.9018181818182,706,3,2,5,325,Need Attention,0,3215.761426824297
11269,72,11,2420.25,114,2024-01-12 14:45:20,2025-10-21 23:26:40,United Kingdom,220.02272727272728,648,1,2,1,121,Hibernating,0,3215.761426824297
11270,4,11,5700.42,155,2024-02-24 00:28:07,2025-12-28 09:36:52,United Kingdom,518.22,673,5,2,5,525,New / Promising,0,3215.761426824297
11271,29,11,2145.4,101,2024-02-22 03:32:29,2025-12-03 12:07:21,United Kingdom,195.03636363636363,650,2,2,1,221,Hibernating,0,3215.761426824297
11272,36,11,2573.87,97,2024-01-08 21:25:25,2025-11-26 18:41:34,United Kingdom,233.9881818181818,687,2,2,2,222,Hibernating,0,3215.761426824297
11273,7,11,3213.75,131,2024-01-20 12:31:10,2025-12-25 08:39:56,United Kingdom,292.15909090909093,704,4,2,3,423,New / Promising,0,3215.761426824297
11274,5,11,3824.1,126,2024-01-17 18:22:26,2025-12-27 22:27:37,United Kingdom,347.6454545454545,710,5,2,4,524,New / Promising,0,3215.761426824297
11275,34,11,3183.26,120,2024-01-13 21:09:27,2025-11-28 18:59:47,United Kingdom,289.3872727272728,684,2,2,3,223,Hibernating,0,3215.761426824297
11276,4,11,2885.99,100,2024-01-24 19:21:59,2025-12-28 03:10:00,United Kingdom,262.3627272727272,703,5,2,3,523,New / Promising,0,3215.761426824297
11277,7,11,2321.89,99,2024-01-06 19:11:39,2025-12-25 06:01:10,United Kingdom,211.08090909090907,718,4,2,1,421,New / Promising,0,3215.761426824297
11278,26,11,4071.07,133,2024-03-31 20:47:18,2025-12-06 05:44:33,United Kingdom,370.09727272727275,614,2,2,5,225,Hibernating,0,3215.761426824297
11279,6,11,4268.78,126,2024-02-03 05:41:33,2025-12-26 07:27:03,United Kingdom,388.0709090909091,692,5,2,5,525,New / Promising,0,3215.761426824297
11280,7,11,3307.0299999999997,126,2024-01-05 12:50:28,2025-12-25 07:23:42,United Kingdom,300.6390909090909,719,4,2,4,424,New / Promising,0,3215.761426824297
11281,40,11,3858.46,126,2024-01-12 14:15:06,2025-11-22 06:41:17,United Kingdom,350.7690909090909,679,1,2,5,125,Hibernating,0,3215.761426824297
11282,36,11,4484.55,128,2024-01-01 18:24:39,2025-11-26 03:00:30,United Kingdom,407.68636363636364,694,2,2,5,225,Hibernating,0,3215.761426824297
11283,6,11,3710.85,118,2024-01-16 12:20:22,2025-12-26 16:22:00,United Kingdom,337.34999999999997,710,5,2,4,524,New / Promising,0,3215.761426824297
11284,27,11,7424.58,168,2024-03-08 09:12:06,2025-12-05 07:54:43,United Kingdom,674.9618181818182,636,2,2,5,225,Hibernating,0,3215.761426824297
11285,9,11,2775.71,123,2024-01-14 11:48:23,2025-12-23 04:05:47,United Kingdom,252.33727272727273,708,4,2,2,422,New / Promising,0,3215.761426824297
11286,5,11,2435.5,105,2024-01-01 04:36:47,2025-12-27 11:31:43,United Kingdom,221.4090909090909,726,5,2,1,521,New / Promising,0,3215.761426824297
11287,9,11,3688.41,139,2024-01-01 01:27:54,2025-12-23 23:47:38,United Kingdom,335.31,722,4,2,4,424,New / Promising,0,3215.761426824297
11288,7,11,4428.77,147,2024-01-03 12:17:57,2025-12-25 13:49:39,United Kingdom,402.6154545454546,722,4,2,5,425,New / Promising,0,3215.761426824297
11289,7,11,4143.89,139,2024-02-16 20:16:09,2025-12-25 07:00:25,United Kingdom,376.71727272727276,677,4,2,5,425,New / Promising,0,3215.761426824297
11290,3,11,3877.89,117,2024-01-09 12:27:41,2025-12-29 17:47:31,United Kingdom,352.5354545454545,720,5,2,5,525,New / Promising,0,3215.761426824297
11291,5,11,2144.4,106,2024-01-17 21:54:30,2025-12-27 09:39:26,United Kingdom,194.94545454545457,709,5,2,1,521,New / Promising,0,3215.761426824297
11292,23,11,2183.91,101,2024-03-04 08:18:48,2025-12-09 01:40:18,United Kingdom,198.53727272727272,644,2,2,1,221,Hibernating,0,3215.761426824297
11293,5,11,2641.2000000000003,106,2024-01-02 16:30:47,2025-12-27 20:02:28,United Kingdom,240.10909090909092,725,5,2,2,522,New / Promising,0,3215.761426824297
11294,1,11,3629.04,109,2024-03-07 05:38:51,2025-12-31 14:48:36,United Kingdom,329.9127272727273,664,5,2,4,524,New / Promising,0,3215.761426824297
11295,9,11,2110.24,101,2024-01-04 00:58:59,2025-12-23 08:38:52,United Kingdom,191.83999999999997,719,4,2,1,421,New / Promising,0,3215.761426824297
11296,27,11,2649.4,134,2024-01-15 00:27:53,2025-12-05 17:25:17,United Kingdom,240.85454545454547,690,2,2,2,222,Hibernating,0,3215.761426824297
11297,14,11,5245.28,122,2024-01-23 16:36:13,2025-12-18 17:21:09,United Kingdom,476.84363636363634,695,3,2,5,325,Need Attention,0,3215.761426824297
11298,7,11,5822.71,164,2024-02-19 07:50:49,2025-12-25 08:10:00,United Kingdom,529.3372727272728,675,4,2,5,425,New / Promising,0,3215.761426824297
11299,48,11,2519.12,111,2024-01-07 17:44:17,2025-11-14 13:45:17,United Kingdom,229.01090909090908,676,1,2,2,122,Hibernating,0,3215.761426824297
11300,19,11,4752.84,137,2024-02-08 02:30:48,2025-12-13 21:57:27,United Kingdom,432.0763636363636,674,3,2,5,325,Need Attention,0,3215.761426824297
11301,6,11,2464.65,108,2024-02-23 19:57:23,2025-12-26 00:30:34,United Kingdom,224.0590909090909,671,5,2,2,522,New / Promising,0,3215.761426824297
11302,3,11,4369.69,139,2024-01-06 18:15:58,2025-12-29 14:45:19,United Kingdom,397.2445454545454,722,5,2,5,525,New / Promising,0,3215.761426824297
11303,57,11,2566.13,121,2024-01-18 05:00:58,2025-11-05 18:20:48,United Kingdom,233.28454545454545,657,1,2,2,122,Hibernating,0,3215.761426824297
11304,70,11,3304.11,121,2024-01-13 01:15:25,2025-10-23 17:37:52,United Kingdom,300.37363636363636,649,1,2,4,124,Hibernating,0,3215.761426824297
11305,12,11,3181.92,103,2024-01-04 02:43:27,2025-12-20 11:27:56,United Kingdom,289.26545454545453,716,4,2,3,423,New / Promising,0,3215.761426824297
11306,23,11,4267.84,132,2024-02-25 22:20:45,2025-12-09 17:35:33,United Kingdom,387.98545454545456,652,2,2,5,225,Hibernating,0,3215.761426824297
11307,65,11,2607.34,111,2024-01-13 22:35:50,2025-10-28 13:48:45,United Kingdom,237.0309090909091,653,1,2,2,122,Hibernating,0,3215.761426824297
11308,5,11,2608.24,107,2024-01-07 19:02:35,2025-12-27 17:04:08,United Kingdom,237.11272727272726,719,5,2,2,522,New / Promising,0,3215.761426824297
11309,34,11,3353.8,124,2024-01-02 19:19:44,2025-11-28 21:35:47,United Kingdom,304.89090909090913,696,2,2,4,224,Hibernating,0,3215.761426824297
11310,9,11,2597.85,113,2024-01-07 05:51:43,2025-12-23 02:02:48,United Kingdom,236.1681818181818,715,4,2,2,422,New / Promising,0,3215.761426824297
11311,74,11,2513.74,116,2024-01-17 20:49:09,2025-10-19 06:13:30,United Kingdom,228.52181818181816,640,1,2,2,122,Hibernating,0,3215.761426824297
11312,22,11,2761.14,106,2024-01-06 14:46:28,2025-12-10 10:33:04,United Kingdom,251.01272727272726,703,3,2,2,322,Need Attention,0,3215.761426824297
11313,8,11,5603.7300000000005,167,2024-01-14 20:33:08,2025-12-24 23:05:17,United Kingdom,509.43000000000006,710,4,2,5,425,New / Promising,0,3215.761426824297
11314,12,11,2733.17,115,2024-01-12 00:09:49,2025-12-20 16:25:29,United Kingdom,248.47,708,4,2,2,422,New / Promising,0,3215.761426824297
11315,1,11,2097.9,108,2024-01-16 11:23:42,2025-12-31 20:28:32,United Kingdom,190.71818181818182,715,5,2,1,521,New / Promising,0,3215.761426824297
11316,1,11,2331.39,105,2024-01-12 21:58:03,2025-12-31 02:08:18,United Kingdom,211.94454545454545,718,5,2,1,521,New / Promising,0,3215.761426824297
11317,24,11,3003.64,112,2024-03-23 07:58:30,2025-12-08 15:56:27,United Kingdom,273.0581818181818,625,2,2,3,223,Hibernating,0,3215.761426824297
11318,8,11,2814.44,114,2024-01-01 16:36:23,2025-12-24 21:48:39,United Kingdom,255.85818181818183,723,4,2,2,422,New / Promising,0,3215.761426824297
11319,10,11,2605.89,117,2024-01-01 05:59:13,2025-12-22 23:16:27,United Kingdom,236.8990909090909,721,4,2,2,422,New / Promising,0,3215.761426824297
11320,3,11,2633.63,117,2024-01-16 06:00:06,2025-12-29 01:57:47,United Kingdom,239.4209090909091,712,5,2,2,522,New / Promising,0,3215.761426824297
11321,10,11,3289.4300000000003,132,2024-01-02 00:51:55,2025-12-22 12:53:41,United Kingdom,299.03909090909093,720,4,2,4,424,New / Promising,0,3215.761426824297
11322,9,10,2956.5299999999997,118,2024-01-14 15:07:22,2025-12-23 09:21:26,United Kingdom,295.65299999999996,708,4,1,3,413,New / Promising,1,3109.399468085106
11323,28,11,2709.09,121,2024-03-04 07:04:31,2025-12-04 18:19:20,United Kingdom,246.2809090909091,640,2,2,2,222,Hibernating,0,3215.761426824297
11324,49,11,4349.83,125,2024-01-08 15:51:30,2025-11-13 05:29:13,United Kingdom,395.4390909090909,674,1,2,5,125,Hibernating,0,3215.761426824297
11325,16,11,3470.58,132,2024-01-05 11:23:42,2025-12-16 01:33:15,United Kingdom,315.5072727272727,710,3,2,4,324,Need Attention,0,3215.761426824297
11326,4,11,3104.86,123,2024-01-05 23:52:55,2025-12-28 17:16:31,United Kingdom,282.26,722,5,2,3,523,New / Promising,0,3215.761426824297
11327,6,11,3131.22,120,2024-03-14 17:40:12,2025-12-26 22:07:37,United Kingdom,284.6563636363636,652,5,2,3,523,New / Promising,0,3215.761426824297
11328,30,11,3577.76,134,2024-01-10 07:34:15,2025-12-02 00:58:22,United Kingdom,325.2509090909091,691,2,2,4,224,Hibernating,0,3215.761426824297
11329,10,11,2423.6800000000003,118,2024-01-07 16:16:17,2025-12-22 17:34:51,United Kingdom,220.3345454545455,715,4,2,1,421,New / Promising,0,3215.761426824297
11330,27,11,3182.87,112,2024-01-04 09:20:59,2025-12-05 23:37:02,United Kingdom,289.35181818181815,701,2,2,3,223,Hibernating,0,3215.761426824297
11331,22,11,3471.36,120,2024-01-12 10:03:26,2025-12-10 05:48:22,United Kingdom,315.5781818181818,697,3,2,4,324,Need Attention,0,3215.761426824297
11332,57,11,2438.04,95,2024-01-20 08:16:50,2025-11-05 01:30:58,United Kingdom,221.64,654,1,2,1,121,Hibernating,0,3215.761426824297
11333,28,11,2791.2,120,2024-01-12 03:05:28,2025-12-04 13:48:42,United Kingdom,253.74545454545452,692,2,2,2,222,Hibernating,0,3215.761426824297
11334,33,11,2005.73,109,2024-01-05 01:54:53,2025-11-29 13:27:06,United Kingdom,182.3390909090909,694,2,2,1,221,Hibernating,0,3215.761426824297
11335,19,11,3213.57,114,2024-01-07 20:02:49,2025-12-13 12:39:57,United Kingdom,292.1427272727273,705,3,2,3,323,Need Attention,0,3215.761426824297
11336,17,11,3988.19,126,2024-01-05 16:34:46,2025-12-15 18:29:07,United Kingdom,362.5627272727273,710,3,2,5,325,Need Attention,0,3215.761426824297
11337,9,11,2795.77,102,2024-01-01 09:19:39,2025-12-23 16:36:52,United Kingdom,254.1609090909091,722,4,2,2,422,New / Promising,0,3215.761426824297
11338,35,11,2579.4100000000003,132,2024-01-13 04:43:56,2025-11-27 16:25:11,United Kingdom,234.49181818181822,684,2,2,2,222,Hibernating,0,3215.761426824297
11339,29,11,2449.89,111,2024-01-12 08:01:21,2025-12-03 07:31:03,United Kingdom,222.71727272727273,690,2,2,1,221,Hibernating,0,3215.761426824297
11340,29,11,3856.42,129,2024-02-05 19:30:00,2025-12-03 11:02:54,United Kingdom,350.58363636363634,666,2,2,5,225,Hibernating,0,3215.761426824297
11341,61,11,2872.22,113,2024-02-11 10:48:44,2025-11-01 09:58:17,United Kingdom,261.11090909090905,628,1,2,3,123,Hibernating,0,3215.761426824297
11342,19,11,2146.25,98,2024-01-02 00:46:55,2025-12-13 01:59:05,United Kingdom,195.11363636363637,711,3,2,1,321,Need Attention,0,3215.761426824297
11343,15,11,2697.56,95,2024-01-12 15:28:04,2025-12-17 01:11:04,United Kingdom,245.23272727272726,704,3,2,2,322,Need Attention,0,3215.761426824297
11344,27,11,3345.36,122,2024-01-29 14:08:16,2025-12-05 04:16:29,United Kingdom,304.12363636363636,675,2,2,4,224,Hibernating,0,3215.761426824297
11345,46,11,2475.4900000000002,101,2024-01-12 19:26:36,2025-11-16 22:32:23,United Kingdom,225.04454545454547,674,1,2,2,122,Hibernating,0,3215.761426824297
11346,7,11,1856.1,95,2024-01-18 02:41:45,2025-12-25 00:05:53,United Kingdom,168.73636363636362,706,4,2,1,421,New / Promising,0,3215.761426824297
11347,76,11,2889.0,109,2024-02-19 21:14:31,2025-10-17 23:23:01,United Kingdom,262.6363636363636,606,1,2,3,123,Hibernating,0,3215.761426824297
11348,16,11,2404.84,108,2024-03-30 01:35:43,2025-12-16 00:12:02,United Kingdom,218.62181818181818,625,3,2,1,321,Need Attention,0,3215.761426824297
11349,13,11,4121.45,140,2024-02-06 06:41:40,2025-12-19 09:44:40,United Kingdom,374.67727272727274,682,4,2,5,425,New / Promising,0,3215.761426824297
11350,17,11,2475.69,102,2024-01-10 12:26:18,2025-12-15 18:32:41,United Kingdom,225.06272727272727,705,3,2,2,322,Need Attention,0,3215.761426824297
11351,42,11,2891.73,113,2024-01-25 14:13:45,2025-11-20 09:29:24,United Kingdom,262.88454545454545,664,1,2,3,123,Hibernating,0,3215.761426824297
11352,1,11,2622.05,117,2024-03-31 04:44:58,2025-12-31 01:39:26,United Kingdom,238.36818181818182,639,5,2,2,522,New / Promising,0,3215.761426824297
11353,26,11,1762.17,88,2024-01-20 02:10:23,2025-12-06 07:42:07,United Kingdom,160.19727272727275,686,2,2,1,221,Hibernating,0,3215.761426824297
11354,48,11,2436.13,109,2024-01-19 12:25:58,2025-11-14 08:11:31,United Kingdom,221.46636363636364,664,1,2,1,121,Hibernating,0,3215.761426824297
11355,11,11,2179.44,97,2024-01-14 10:27:58,2025-12-21 09:21:29,United Kingdom,198.13090909090909,706,4,2,1,421,New / Promising,0,3215.761426824297
11356,5,11,2489.91,111,2024-01-03 04:04:43,2025-12-27 17:54:04,United Kingdom,226.35545454545453,724,5,2,2,522,New / Promising,0,3215.761426824297
11357,16,11,2910.87,122,2024-01-29 05:51:11,2025-12-16 17:36:08,United Kingdom,264.62454545454545,687,3,2,3,323,Need Attention,0,3215.761426824297
11358,17,11,3479.8399999999997,136,2024-01-28 13:14:00,2025-12-15 18:57:53,United Kingdom,316.3490909090909,687,3,2,4,324,Need Attention,0,3215.761426824297
11359,42,11,3543.38,131,2024-02-14 21:18:39,2025-11-20 10:55:39,United Kingdom,322.12545454545455,644,1,2,4,124,Hibernating,0,3215.761426824297
11360,18,11,2694.8,117,2024-02-03 02:03:52,2025-12-14 11:26:07,United Kingdom,244.9818181818182,680,3,2,2,322,Need Attention,0,3215.761426824297
11361,58,11,4064.0099999999998,138,2024-02-19 01:03:51,2025-11-04 17:10:37,United Kingdom,369.45545454545453,624,1,2,5,125,Hibernating,0,3215.761426824297
11362,48,11,2581.12,115,2024-02-01 02:48:36,2025-11-14 04:00:42,United Kingdom,234.6472727272727,652,1,2,2,122,Hibernating,0,3215.761426824297
11363,9,11,3607.18,134,2024-01-01 14:42:02,2025-12-23 08:26:33,United Kingdom,327.92545454545456,721,4,2,4,424,New / Promising,0,3215.761426824297
11364,2,11,2329.71,106,2024-01-07 04:15:44,2025-12-30 12:41:14,United Kingdom,211.79181818181817,723,5,2,1,521,New / Promising,0,3215.761426824297
11365,49,11,3631.98,114,2024-01-16 15:51:02,2025-11-13 01:49:45,United Kingdom,330.18,666,1,2,4,124,Hibernating,0,3215.761426824297
11366,24,11,2459.4,100,2024-01-08 10:55:34,2025-12-08 01:25:54,United Kingdom,223.5818181818182,699,2,2,2,222,Hibernating,0,3215.761426824297
11367,32,11,2326.9900000000002,96,2024-01-23 21:55:03,2025-11-30 00:31:23,United Kingdom,211.54454545454547,676,2,2,1,221,Hibernating,0,3215.761426824297
11368,2,11,4443.88,145,2024-01-21 16:47:31,2025-12-30 20:51:28,United Kingdom,403.9890909090909,709,5,2,5,525,New / Promising,0,3215.761426824297
11369,13,11,2504.21,109,2024-01-02 18:19:10,2025-12-19 07:34:13,United Kingdom,227.65545454545455,716,4,2,2,422,New / Promising,0,3215.761426824297
11370,9,11,4105.86,120,2024-01-03 23:26:48,2025-12-23 18:14:26,United Kingdom,373.26,719,4,2,5,425,New / Promising,0,3215.761426824297
11371,22,11,2522.73,105,2024-01-27 01:41:28,2025-12-10 00:03:58,United Kingdom,229.3390909090909,682,3,2,2,322,Need Attention,0,3215.761426824297
11372,20,11,4749.849999999999,151,2024-03-29 13:06:11,2025-12-12 18:51:42,United Kingdom,431.8045454545454,623,3,2,5,325,Need Attention,0,3215.761426824297
11373,89,11,2828.62,113,2024-01-11 14:55:59,2025-10-04 10:30:53,United Kingdom,257.1472727272727,631,1,2,3,123,Hibernating,0,3215.761426824297
11374,4,11,4083.52,149,2024-01-02 21:43:56,2025-12-28 11:48:41,United Kingdom,371.2290909090909,725,5,2,5,525,New / Promising,0,3215.761426824297
11375,9,11,3406.93,129,2024-01-09 15:43:40,2025-12-23 09:30:41,United Kingdom,309.72090909090906,713,4,2,4,424,New / Promising,0,3215.761426824297
11376,8,11,6963.95,166,2024-01-28 11:01:54,2025-12-24 23:10:10,United Kingdom,633.0863636363637,696,4,2,5,425,New / Promising,0,3215.761426824297
11377,6,11,2920.29,118,2024-01-22 16:17:39,2025-12-26 16:43:32,United Kingdom,265.4809090909091,704,5,2,3,523,New / Promising,0,3215.761426824297
11378,1,11,2576.97,113,2024-01-23 03:45:56,2025-12-31 18:34:08,United Kingdom,234.26999999999998,708,5,2,2,522,New / Promising,0,3215.761426824297
11379,14,11,2769.65,130,2024-01-24 04:08:09,2025-12-18 20:53:19,United Kingdom,251.78636363636363,694,3,2,2,322,Need Attention,0,3215.761426824297
11380,1,11,3728.79,135,2024-03-04 07:57:37,2025-12-31 10:02:42,United Kingdom,338.9809090909091,667,5,2,4,524,New / Promising,0,3215.761426824297
11381,24,11,2453.71,108,2024-01-11 22:51:10,2025-12-08 02:46:34,Germany,223.06454545454545,696,2,2,1,221,Hibernating,0,3215.761426824297
11382,2,11,2800.87,120,2024-01-02 08:52:47,2025-12-30 01:30:35,United Kingdom,254.62454545454545,727,5,2,2,522,New / Promising,0,3215.761426824297
11383,24,11,2570.25,108,2024-01-04 07:11:42,2025-12-08 10:29:06,United Kingdom,233.6590909090909,704,2,2,2,222,Hibernating,0,3215.761426824297
11384,3,11,3266.1800000000003,130,2024-01-20 19:49:27,2025-12-29 02:59:24,United Kingdom,296.92545454545456,708,5,2,4,524,New / Promising,0,3215.761426824297
11385,5,11,2530.82,111,2024-01-16 22:44:02,2025-12-27 17:02:33,United Kingdom,230.07454545454547,710,5,2,2,522,New / Promising,0,3215.761426824297
11386,22,11,3765.85,120,2024-03-24 09:30:53,2025-12-10 05:59:19,United Kingdom,342.34999999999997,625,3,2,4,324,Need Attention,0,3215.761426824297
11387,7,11,2989.11,121,2024-02-05 12:46:35,2025-12-25 06:14:37,United Kingdom,271.73727272727274,688,4,2,3,423,New / Promising,0,3215.761426824297
11388,14,11,2026.21,101,2024-01-04 19:06:49,2025-12-18 07:19:29,United Kingdom,184.2009090909091,713,3,2,1,321,Need Attention,0,3215.761426824297
11389,10,11,3215.62,115,2024-01-07 01:11:09,2025-12-22 13:54:54,United Kingdom,292.3290909090909,715,4,2,3,423,New / Promising,0,3215.761426824297
11390,14,11,2194.61,103,2024-01-08 03:03:09,2025-12-18 12:05:17,United Kingdom,199.51000000000002,710,3,2,1,321,Need Attention,0,3215.761426824297
11391,8,11,4630.889999999999,149,2024-01-06 02:32:44,2025-12-24 16:48:41,United Kingdom,420.98999999999995,718,4,2,5,425,New / Promising,0,3215.761426824297
11392,8,11,2181.79,105,2024-02-09 18:44:29,2025-12-24 20:46:26,United Kingdom,198.34454545454545,684,4,2,1,421,New / Promising,0,3215.761426824297
11393,4,11,2079.19,100,2024-03-30 02:03:20,2025-12-28 13:25:11,United Kingdom,189.01727272727274,638,5,2,1,521,New / Promising,0,3215.761426824297
11394,30,11,3492.83,119,2024-01-08 05:44:19,2025-12-02 23:13:47,United Kingdom,317.53,694,2,2,4,224,Hibernating,0,3215.761426824297
11395,47,11,2930.55,107,2024-01-22 00:11:45,2025-11-15 17:36:58,United Kingdom,266.4136363636364,663,1,2,3,123,Hibernating,0,3215.761426824297
11396,6,11,2227.62,102,2024-01-01 19:19:41,2025-12-26 22:56:08,United Kingdom,202.51090909090908,725,5,2,1,521,New / Promising,0,3215.761426824297
11397,43,11,2947.08,124,2024-01-16 10:35:10,2025-11-19 10:09:36,United Kingdom,267.91636363636366,672,1,2,3,123,Hibernating,0,3215.761426824297
11398,19,11,3409.99,120,2024-03-19 20:36:12,2025-12-13 09:34:56,United Kingdom,309.9990909090909,633,3,2,4,324,Need Attention,0,3215.761426824297
11399,11,11,3046.32,118,2024-01-08 22:26:50,2025-12-21 12:10:20,United Kingdom,276.9381818181818,712,4,2,3,423,New / Promising,0,3215.761426824297
11400,46,11,2299.69,100,2024-02-02 18:35:08,2025-11-16 18:41:49,United Kingdom,209.06272727272727,653,1,2,1,121,Hibernating,0,3215.761426824297
11401,43,11,2793.39,121,2024-03-11 23:11:11,2025-11-19 11:54:03,United Kingdom,253.94454545454545,617,1,2,2,122,Hibernating,0,3215.761426824297
11402,16,11,6668.4800000000005,172,2024-01-10 09:27:32,2025-12-16 12:33:40,United Kingdom,606.2254545454546,706,3,2,5,325,Need Attention,0,3215.761426824297
11403,23,11,6205.15,135,2024-02-06 21:54:30,2025-12-09 18:49:14,United Kingdom,564.1045454545455,671,2,2,5,225,Hibernating,0,3215.761426824297
11404,8,11,2673.06,116,2024-01-24 06:27:07,2025-12-24 06:40:00,United Kingdom,243.00545454545454,700,4,2,2,422,New / Promising,0,3215.761426824297
11405,11,11,2182.08,101,2024-02-15 09:02:09,2025-12-21 00:12:01,United Kingdom,198.3709090909091,674,4,2,1,421,New / Promising,0,3215.761426824297
11406,57,11,3793.9100000000003,121,2024-01-24 18:09:14,2025-11-05 21:58:35,United Kingdom,344.9009090909091,651,1,2,4,124,Hibernating,0,3215.761426824297
11407,96,11,2414.35,105,2024-01-19 08:37:04,2025-09-27 17:24:47,United Kingdom,219.48636363636362,617,1,2,1,121,Hibernating,0,3215.761426824297
11408,4,11,2899.17,108,2024-01-03 19:16:05,2025-12-28 12:19:48,United Kingdom,263.5609090909091,724,5,2,3,523,New / Promising,0,3215.761426824297
11409,11,11,4417.94,132,2024-01-28 17:41:34,2025-12-21 19:36:22,United Kingdom,401.63090909090903,693,4,2,5,425,New / Promising,0,3215.761426824297
11410,10,11,2973.43,119,2024-03-05 17:41:21,2025-12-22 01:26:08,United Kingdom,270.3118181818182,656,4,2,3,423,New / Promising,0,3215.761426824297
11411,37,11,2287.0,106,2024-01-14 08:59:51,2025-11-25 18:19:32,United Kingdom,207.9090909090909,681,2,2,1,221,Hibernating,0,3215.761426824297
11412,18,11,2829.66,115,2024-01-22 15:01:58,2025-12-14 14:42:19,United Kingdom,257.2418181818182,691,3,2,3,323,Need Attention,0,3215.761426824297
11413,1,11,3758.07,107,2024-01-24 03:03:45,2025-12-31 17:21:09,United Kingdom,341.6427272727273,707,5,2,4,524,New / Promising,0,3215.761426824297
11414,91,10,4522.54,143,2024-01-19 00:14:27,2025-10-02 01:50:39,United Kingdom,452.254,622,1,1,5,115,Hibernating,1,3109.399468085106
11415,18,11,3646.29,120,2024-01-12 16:47:11,2025-12-14 01:34:49,United Kingdom,331.4809090909091,701,3,2,4,324,Need Attention,0,3215.761426824297
11416,31,11,3915.42,133,2024-02-13 21:39:49,2025-12-01 12:54:55,United Kingdom,355.9472727272727,656,2,2,5,225,Hibernating,0,3215.761426824297
11417,41,11,4024.7599999999998,126,2024-01-24 01:44:54,2025-11-21 01:07:46,United Kingdom,365.8872727272727,666,1,2,5,125,Hibernating,0,3215.761426824297
11418,17,10,2128.32,110,2024-02-13 08:31:54,2025-12-15 20:43:15,United Kingdom,212.83200000000002,671,3,1,1,311,Need Attention,1,3109.399468085106
11419,11,11,3806.09,141,2024-01-01 22:16:38,2025-12-21 06:54:51,United Kingdom,346.0081818181818,719,4,2,4,424,New / Promising,0,3215.761426824297
11420,27,11,8153.33,194,2024-01-10 02:37:17,2025-12-05 07:28:13,United Kingdom,741.2118181818182,695,2,2,5,225,Hibernating,0,3215.761426824297
11421,35,11,2964.62,119,2024-01-27 02:37:39,2025-11-27 17:12:40,United Kingdom,269.5109090909091,670,2,2,3,223,Hibernating,0,3215.761426824297
11422,4,11,4105.55,134,2024-02-01 01:32:49,2025-12-28 11:04:03,United Kingdom,373.2318181818182,696,5,2,5,525,New / Promising,0,3215.761426824297
11423,5,11,3106.3,122,2024-01-17 18:38:11,2025-12-27 11:27:19,United Kingdom,282.39090909090913,709,5,2,3,523,New / Promising,0,3215.761426824297
11424,76,11,2330.78,116,2024-01-10 19:52:42,2025-10-17 15:01:27,United Kingdom,211.88909090909092,645,1,2,1,121,Hibernating,0,3215.761426824297
11425,16,11,1933.47,106,2024-01-29 06:41:40,2025-12-16 01:44:18,United Kingdom,175.77,686,3,2,1,321,Need Attention,0,3215.761426824297
11426,15,11,1777.92,101,2024-01-10 02:21:08,2025-12-17 04:15:18,United Kingdom,161.6290909090909,707,3,2,1,321,Need Attention,0,3215.761426824297
11427,87,11,2605.93,100,2024-01-15 13:03:27,2025-10-06 13:39:42,United Kingdom,236.90272727272725,630,1,2,2,122,Hibernating,0,3215.761426824297
11428,24,11,2642.93,103,2024-01-01 07:45:26,2025-12-08 16:07:12,United Kingdom,240.26636363636362,707,2,2,2,222,Hibernating,0,3215.761426824297
11429,2,11,3213.9,120,2024-01-03 00:34:09,2025-12-30 21:09:23,United Kingdom,292.1727272727273,727,5,2,3,523,New / Promising,0,3215.761426824297
11430,20,11,4276.34,145,2024-01-14 00:45:06,2025-12-12 23:15:53,United Kingdom,388.7581818181818,698,3,2,5,325,Need Attention,0,3215.761426824297
11431,68,11,3565.82,114,2024-01-14 04:40:35,2025-10-25 21:30:05,Germany,324.16545454545457,650,1,2,4,124,Hibernating,0,3215.761426824297
11432,12,11,2829.5299999999997,116,2024-01-06 09:11:18,2025-12-20 03:42:46,United Kingdom,257.22999999999996,713,4,2,3,423,New / Promising,0,3215.761426824297
11433,14,11,2992.47,115,2024-01-09 12:44:38,2025-12-18 17:57:33,United Kingdom,272.04272727272723,709,3,2,3,323,Need Attention,0,3215.761426824297
11434,6,11,3165.06,104,2024-01-16 10:37:29,2025-12-26 09:47:35,United Kingdom,287.7327272727273,709,5,2,3,523,New / Promising,0,3215.761426824297
11435,37,11,1715.3899999999999,98,2024-01-06 02:50:19,2025-11-25 22:32:01,United Kingdom,155.94454545454545,689,2,2,1,221,Hibernating,0,3215.761426824297
11436,4,11,2381.98,122,2024-03-04 15:57:25,2025-12-28 12:35:29,United Kingdom,216.54363636363635,663,5,2,1,521,New / Promising,0,3215.761426824297
11437,42,11,2977.86,121,2024-01-05 23:18:48,2025-11-20 20:37:34,United Kingdom,270.7145454545455,684,1,2,3,123,Hibernating,0,3215.761426824297
11438,18,11,3777.84,117,2024-01-09 12:32:46,2025-12-14 17:29:21,United Kingdom,343.44,705,3,2,4,324,Need Attention,0,3215.761426824297
11439,18,11,2411.22,101,2024-03-02 15:12:15,2025-12-14 06:53:20,United Kingdom,219.20181818181817,651,3,2,1,321,Need Attention,0,3215.761426824297
11440,29,11,2414.43,100,2024-01-02 18:15:01,2025-12-03 18:54:26,United Kingdom,219.49363636363634,701,2,2,1,221,Hibernating,0,3215.761426824297
11441,26,11,3170.0,110,2024-03-24 04:02:02,2025-12-06 09:04:58,United Kingdom,288.1818181818182,622,2,2,3,223,Hibernating,0,3215.761426824297
11442,9,11,3079.95,111,2024-01-03 01:17:22,2025-12-23 02:42:53,United Kingdom,279.99545454545455,720,4,2,3,423,New / Promising,0,3215.761426824297
11443,25,11,4014.88,125,2024-02-25 12:33:27,2025-12-07 21:28:29,United Kingdom,364.9890909090909,651,2,2,5,225,Hibernating,0,3215.761426824297
11444,7,11,6874.85,157,2024-01-21 11:59:07,2025-12-25 03:31:37,United Kingdom,624.9863636363636,703,4,2,5,425,New / Promising,0,3215.761426824297
11445,12,11,2318.12,99,2024-02-05 07:14:19,2025-12-20 01:27:58,United Kingdom,210.7381818181818,683,4,2,1,421,New / Promising,0,3215.761426824297
11446,3,11,4754.29,156,2024-03-07 07:26:12,2025-12-29 17:56:47,United Kingdom,432.2081818181818,662,5,2,5,525,New / Promising,0,3215.761426824297
11447,3,11,4313.16,118,2024-02-23 12:50:32,2025-12-29 17:21:56,United Kingdom,392.1054545454545,675,5,2,5,525,New / Promising,0,3215.761426824297
11448,4,11,3406.5699999999997,126,2024-02-14 11:12:16,2025-12-28 01:20:11,United Kingdom,309.6881818181818,682,5,2,4,524,New / Promising,0,3215.761426824297
11449,25,11,3266.5699999999997,115,2024-02-13 22:02:49,2025-12-07 07:08:21,United Kingdom,296.96090909090907,662,2,2,4,224,Hibernating,0,3215.761426824297
11450,2,11,2987.98,117,2024-01-11 04:58:28,2025-12-30 06:15:30,United Kingdom,271.63454545454545,719,5,2,3,523,New / Promising,0,3215.761426824297
11451,23,11,4139.45,133,2024-01-18 14:17:21,2025-12-09 18:32:01,United Kingdom,376.31363636363636,691,2,2,5,225,Hibernating,0,3215.761426824297
11452,12,11,3121.87,126,2024-01-26 06:37:36,2025-12-20 14:53:35,United Kingdom,283.80636363636364,694,4,2,3,423,New / Promising,0,3215.761426824297
11453,36,11,2882.13,108,2024-03-10 18:23:51,2025-11-26 20:30:08,United Kingdom,262.01181818181817,626,2,2,3,223,Hibernating,0,3215.761426824297
11454,16,11,4195.18,141,2024-01-23 21:28:58,2025-12-16 12:34:19,United Kingdom,381.38000000000005,692,3,2,5,325,Need Attention,0,3215.761426824297
11455,13,10,4585.34,121,2024-01-01 13:20:01,2025-12-19 16:24:16,United Kingdom,458.534,718,4,1,5,415,New / Promising,1,3109.399468085106
11456,69,11,3923.64,129,2024-02-11 02:58:36,2025-10-24 20:10:04,United Kingdom,356.69454545454545,621,1,2,5,125,Hibernating,0,3215.761426824297
11457,22,11,2534.01,114,2024-01-21 05:06:34,2025-12-10 19:27:37,United Kingdom,230.36454545454546,689,3,2,2,322,Need Attention,0,3215.761426824297
11458,12,11,4049.0,120,2024-01-31 04:38:04,2025-12-20 03:21:05,United Kingdom,368.09090909090907,688,4,2,5,425,New / Promising,0,3215.761426824297
11459,2,11,2866.86,116,2024-01-22 02:25:04,2025-12-30 02:06:01,United Kingdom,260.62363636363636,707,5,2,3,523,New / Promising,0,3215.761426824297
11460,10,11,2706.75,103,2024-01-15 03:19:37,2025-12-22 02:52:26,United Kingdom,246.0681818181818,706,4,2,2,422,New / Promising,0,3215.761426824297
11461,27,11,3726.2,114,2024-01-19 01:00:50,2025-12-05 14:50:35,United Kingdom,338.74545454545455,686,2,2,4,224,Hibernating,0,3215.761426824297
11462,27,11,4391.38,142,2024-01-07 17:15:08,2025-12-05 14:12:38,United Kingdom,399.21636363636367,697,2,2,5,225,Hibernating,0,3215.761426824297
11463,30,11,3509.98,130,2024-01-04 08:48:08,2025-12-02 01:48:48,United Kingdom,319.0890909090909,697,2,2,4,224,Hibernating,0,3215.761426824297
11464,18,11,2900.05,117,2024-01-23 11:06:12,2025-12-14 18:50:02,United Kingdom,263.64090909090913,691,3,2,3,323,Need Attention,0,3215.761426824297
11465,27,11,2118.6,94,2024-02-02 09:15:49,2025-12-05 01:15:50,United Kingdom,192.6,671,2,2,1,221,Hibernating,0,3215.761426824297
11466,46,11,3035.83,130,2024-02-07 01:41:11,2025-11-16 21:51:40,United Kingdom,275.98454545454547,648,1,2,3,123,Hibernating,0,3215.761426824297
11467,76,11,3648.46,127,2024-01-03 06:49:13,2025-10-17 22:08:32,United Kingdom,331.6781818181818,653,1,2,4,124,Hibernating,0,3215.761426824297
11468,20,11,3158.28,112,2024-01-22 22:48:48,2025-12-12 14:03:03,United Kingdom,287.11636363636364,689,3,2,3,323,Need Attention,0,3215.761426824297
11469,16,11,3190.69,114,2024-01-04 10:45:12,2025-12-16 14:27:10,United Kingdom,290.0627272727273,712,3,2,3,323,Need Attention,0,3215.761426824297
11470,38,11,3688.75,128,2024-01-03 15:57:12,2025-11-24 12:50:11,United Kingdom,335.34090909090907,690,2,2,4,224,Hibernating,0,3215.761426824297
11471,9,11,5681.1,136,2024-01-09 16:51:10,2025-12-23 05:34:11,United Kingdom,516.4636363636364,713,4,2,5,425,New / Promising,0,3215.761426824297
11472,15,11,3712.23,141,2024-01-03 09:46:40,2025-12-17 17:30:57,United Kingdom,337.47545454545457,714,3,2,4,324,Need Attention,0,3215.761426824297
11473,35,11,3263.68,129,2024-01-23 23:55:02,2025-11-27 00:52:54,United Kingdom,296.6981818181818,673,2,2,4,224,Hibernating,0,3215.761426824297
11474,24,11,2474.14,110,2024-02-20 07:33:57,2025-12-08 04:34:11,United Kingdom,224.92181818181817,656,2,2,2,222,Hibernating,0,3215.761426824297
11475,24,11,3808.07,120,2024-01-09 20:15:07,2025-12-08 22:29:43,United Kingdom,346.1881818181818,699,2,2,4,224,Hibernating,0,3215.761426824297
11476,15,11,2182.52,108,2024-01-31 09:00:02,2025-12-17 22:05:13,United Kingdom,198.4109090909091,686,3,2,1,321,Need Attention,0,3215.761426824297
11477,29,11,2795.61,111,2024-01-12 05:05:38,2025-12-03 16:03:20,United Kingdom,254.14636363636365,691,2,2,2,222,Hibernating,0,3215.761426824297
11478,29,11,2781.97,113,2024-02-07 06:12:48,2025-12-03 13:23:54,United Kingdom,252.9063636363636,665,2,2,2,222,Hibernating,0,3215.761426824297
11479,23,11,2531.94,114,2024-01-23 13:34:00,2025-12-09 10:00:48,United Kingdom,230.17636363636365,685,2,2,2,222,Hibernating,0,3215.761426824297
11480,19,11,2556.54,113,2024-01-07 04:33:28,2025-12-13 12:13:04,United Kingdom,232.41272727272727,706,3,2,2,322,Need Attention,0,3215.761426824297
11481,8,11,3948.92,125,2024-02-03 09:56:37,2025-12-24 05:14:59,United Kingdom,358.9927272727273,689,4,2,5,425,New / Promising,0,3215.761426824297
11482,3,11,5249.65,140,2024-01-23 01:43:41,2025-12-29 10:36:11,United Kingdom,477.24090909090904,706,5,2,5,525,New / Promising,0,3215.761426824297
11483,13,11,4977.92,170,2024-01-10 06:33:40,2025-12-19 04:48:22,United Kingdom,452.53818181818184,708,4,2,5,425,New / Promising,0,3215.761426824297
11484,23,11,4711.04,132,2024-01-26 04:58:04,2025-12-09 08:31:16,United Kingdom,428.2763636363636,683,2,2,5,225,Hibernating,0,3215.761426824297
11485,2,11,5449.92,151,2024-01-17 06:29:48,2025-12-30 22:27:09,United Kingdom,495.4472727272727,713,5,2,5,525,New / Promising,0,3215.761426824297
11486,23,11,2599.55,111,2024-01-01 17:04:08,2025-12-09 12:01:43,United Kingdom,236.3227272727273,707,2,2,2,222,Hibernating,0,3215.761426824297
11487,3,11,4950.07,144,2024-02-24 12:04:10,2025-12-29 03:38:00,United Kingdom,450.00636363636363,673,5,2,5,525,New / Promising,0,3215.761426824297
11488,12,11,2826.55,102,2024-01-09 01:22:28,2025-12-20 15:57:40,United Kingdom,256.95909090909095,711,4,2,3,423,New / Promising,0,3215.761426824297
11489,12,11,3615.07,136,2024-01-04 09:09:00,2025-12-20 15:47:47,United Kingdom,328.6427272727273,716,4,2,4,424,New / Promising,0,3215.761426824297
11490,12,11,2403.03,120,2024-01-26 08:18:15,2025-12-20 21:18:58,United Kingdom,218.45727272727274,694,4,2,1,421,New / Promising,0,3215.761426824297
11491,48,11,3250.42,130,2024-01-17 20:13:34,2025-11-14 04:20:07,United Kingdom,295.4927272727273,666,1,2,4,124,Hibernating,0,3215.761426824297
11492,41,11,4297.88,127,2024-01-19 03:46:14,2025-11-21 10:17:27,United Kingdom,390.71636363636367,672,1,2,5,125,Hibernating,0,3215.761426824297
11493,44,11,3648.88,128,2024-01-11 10:11:19,2025-11-18 01:41:59,United Kingdom,331.71636363636367,676,1,2,4,124,Hibernating,0,3215.761426824297
11494,31,11,2556.88,119,2024-03-02 15:14:16,2025-12-01 09:36:15,United Kingdom,232.4436363636364,638,2,2,2,222,Hibernating,0,3215.761426824297
11495,29,11,3517.5,121,2024-01-05 21:20:23,2025-12-03 17:26:56,United Kingdom,319.77272727272725,697,2,2,4,224,Hibernating,0,3215.761426824297
11496,57,11,2317.77,109,2024-01-24 16:54:15,2025-11-05 03:14:05,United Kingdom,210.70636363636365,650,1,2,1,121,Hibernating,0,3215.761426824297
11497,40,11,4037.78,131,2024-01-17 16:08:42,2025-11-22 15:29:28,United Kingdom,367.0709090909091,674,1,2,5,125,Hibernating,0,3215.761426824297
11498,33,11,4861.32,144,2024-01-06 00:25:52,2025-11-29 10:05:21,United Kingdom,441.9381818181818,693,2,2,5,225,Hibernating,0,3215.761426824297
11499,11,11,3054.24,103,2024-01-06 08:15:05,2025-12-21 03:15:35,United Kingdom,277.6581818181818,714,4,2,3,423,New / Promising,0,3215.761426824297
11500,28,11,3038.97,123,2024-01-07 01:05:04,2025-12-04 19:39:40,United Kingdom,276.27,697,2,2,3,223,Hibernating,0,3215.761426824297
11501,44,11,1799.89,80,2024-02-24 22:22:44,2025-11-18 18:32:30,United Kingdom,163.62636363636364,632,1,2,1,121,Hibernating,0,3215.761426824297
11502,6,11,3487.93,119,2024-02-23 12:53:47,2025-12-26 19:18:52,United Kingdom,317.08454545454543,672,5,2,4,524,New / Promising,0,3215.761426824297
11503,37,11,3701.26,123,2024-03-03 08:07:36,2025-11-25 22:32:40,United Kingdom,336.47818181818184,632,2,2,4,224,Hibernating,0,3215.761426824297
11504,27,11,4023.6299999999997,125,2024-01-17 00:49:28,2025-12-05 10:07:11,United Kingdom,365.7845454545454,688,2,2,5,225,Hibernating,0,3215.761426824297
11505,11,11,4804.86,132,2024-01-21 03:18:08,2025-12-21 02:00:23,United Kingdom,436.8054545454545,699,4,2,5,425,New / Promising,0,3215.761426824297
11506,5,11,2800.85,106,2024-01-14 14:04:51,2025-12-27 11:12:25,United Kingdom,254.62272727272727,712,5,2,2,522,New / Promising,0,3215.761426824297
11507,15,10,2333.13,107,2024-02-14 19:13:04,2025-12-17 13:26:39,United Kingdom,233.31300000000002,671,3,1,1,311,Need Attention,1,3109.399468085106
11508,5,10,2325.68,107,2024-01-08 22:08:54,2025-12-27 15:06:54,France,232.56799999999998,718,5,1,1,511,New / Promising,1,3109.399468085106
11509,9,11,2882.1400000000003,117,2024-01-07 09:36:25,2025-12-23 01:18:27,United Kingdom,262.0127272727273,715,4,2,3,423,New / Promising,0,3215.761426824297
11510,30,11,2337.89,99,2024-01-04 09:34:09,2025-12-02 01:44:45,United Kingdom,212.53545454545454,697,2,2,1,221,Hibernating,0,3215.761426824297
11511,2,11,3278.57,144,2024-02-28 18:32:22,2025-12-30 14:35:36,United Kingdom,298.0518181818182,670,5,2,4,524,New / Promising,0,3215.761426824297
11512,30,11,3332.85,128,2024-01-01 18:09:38,2025-12-02 20:01:45,United Kingdom,302.98636363636365,701,2,2,4,224,Hibernating,0,3215.761426824297
11513,6,11,1902.11,97,2024-01-14 13:05:23,2025-12-26 12:20:07,United Kingdom,172.9190909090909,711,5,2,1,521,New / Promising,0,3215.761426824297
11514,13,11,2954.11,120,2024-01-24 23:54:03,2025-12-19 22:41:12,United Kingdom,268.55545454545455,694,4,2,3,423,New / Promising,0,3215.761426824297
11515,8,11,2333.29,114,2024-01-31 05:15:59,2025-12-24 03:59:56,United Kingdom,212.11727272727273,692,4,2,1,421,New / Promising,0,3215.761426824297
11516,27,11,2326.43,112,2024-01-13 22:26:47,2025-12-05 17:28:30,United Kingdom,211.49363636363634,691,2,2,1,221,Hibernating,0,3215.761426824297
11517,41,11,2508.1,111,2024-01-02 07:36:49,2025-11-21 03:50:27,United Kingdom,228.0090909090909,688,1,2,2,122,Hibernating,0,3215.761426824297
11518,11,11,3449.56,123,2024-01-09 00:41:52,2025-12-21 02:29:36,United Kingdom,313.5963636363636,712,4,2,4,424,New / Promising,0,3215.761426824297
11519,19,11,2865.89,111,2024-01-28 18:54:40,2025-12-13 03:51:21,United Kingdom,260.5354545454545,684,3,2,3,323,Need Attention,0,3215.761426824297
11520,1,11,2965.14,115,2024-01-09 15:45:18,2025-12-31 22:13:10,United Kingdom,269.5581818181818,722,5,2,3,523,New / Promising,0,3215.761426824297
11521,11,11,2806.11,118,2024-01-05 21:13:31,2025-12-21 13:14:59,United Kingdom,255.1009090909091,715,4,2,2,422,New / Promising,0,3215.761426824297
11522,1,11,3139.66,129,2024-02-05 16:25:52,2025-12-31 02:18:29,United Kingdom,285.4236363636364,694,5,2,3,523,New / Promising,0,3215.761426824297
11523,103,11,2716.57,118,2024-01-09 22:16:56,2025-09-20 09:46:22,United Kingdom,246.9609090909091,619,1,2,2,122,Hibernating,0,3215.761426824297
11524,1,11,2963.57,129,2024-01-20 00:50:31,2025-12-31 22:34:25,United Kingdom,269.41545454545457,711,5,2,3,523,New / Promising,0,3215.761426824297
11525,69,11,2609.4,115,2024-01-04 08:01:11,2025-10-24 02:24:38,United Kingdom,237.21818181818182,658,1,2,2,122,Hibernating,0,3215.761426824297
11526,15,11,3200.96,110,2024-02-18 19:24:41,2025-12-17 12:25:52,United Kingdom,290.99636363636364,667,3,2,3,323,Need Attention,0,3215.761426824297
11527,10,11,3494.25,117,2024-01-26 22:06:35,2025-12-22 00:50:23,United Kingdom,317.65909090909093,695,4,2,4,424,New / Promising,0,3215.761426824297
11528,44,11,3005.04,125,2024-01-01 12:42:37,2025-11-18 03:13:22,United Kingdom,273.18545454545455,686,1,2,3,123,Hibernating,0,3215.761426824297
11529,13,11,2551.29,119,2024-02-12 23:19:17,2025-12-19 06:50:32,United Kingdom,231.93545454545455,675,4,2,2,422,New / Promising,0,3215.761426824297
11530,31,11,3040.07,133,2024-02-23 09:18:02,2025-12-01 13:23:26,United Kingdom,276.37,647,2,2,3,223,Hibernating,0,3215.761426824297
11531,3,11,2762.57,117,2024-01-12 06:28:22,2025-12-29 01:02:40,United Kingdom,251.14272727272729,716,5,2,2,522,New / Promising,0,3215.761426824297
11532,69,11,4398.34,125,2024-01-06 17:37:42,2025-10-24 21:23:51,United Kingdom,399.84909090909093,657,1,2,5,125,Hibernating,0,3215.761426824297
11533,4,11,2339.87,114,2024-01-13 13:51:43,2025-12-28 12:27:22,United Kingdom,212.71545454545455,714,5,2,1,521,New / Promising,0,3215.761426824297
11534,2,11,2360.32,93,2024-02-15 13:25:53,2025-12-30 00:25:06,United Kingdom,214.57454545454547,683,5,2,1,521,New / Promising,0,3215.761426824297
11535,13,11,3281.9,118,2024-02-21 16:20:34,2025-12-19 13:41:38,United Kingdom,298.3545454545455,666,4,2,4,424,New / Promising,0,3215.761426824297
11536,17,11,2362.91,99,2024-01-23 10:53:27,2025-12-15 16:28:11,United Kingdom,214.80999999999997,692,3,2,1,321,Need Attention,0,3215.761426824297
11537,10,11,3238.64,120,2024-01-31 22:07:42,2025-12-22 10:47:41,United Kingdom,294.4218181818182,690,4,2,4,424,New / Promising,0,3215.761426824297
11538,50,11,2473.65,124,2024-01-18 23:16:13,2025-11-12 11:23:52,United Kingdom,224.87727272727273,663,1,2,2,122,Hibernating,0,3215.761426824297
11539,54,11,2936.07,120,2024-02-03 04:02:57,2025-11-08 06:36:12,United Kingdom,266.91545454545457,644,1,2,3,123,Hibernating,0,3215.761426824297
11540,13,11,2497.19,119,2024-01-01 11:47:13,2025-12-19 04:06:43,United Kingdom,227.01727272727274,717,4,2,2,422,New / Promising,0,3215.761426824297
11541,1,11,2666.26,116,2024-01-05 22:55:51,2025-12-31 20:19:10,United Kingdom,242.38727272727274,725,5,2,2,522,New / Promising,0,3215.761426824297
11542,3,11,2900.71,110,2024-01-15 05:24:58,2025-12-29 20:03:02,United Kingdom,263.7009090909091,714,5,2,3,523,New / Promising,0,3215.761426824297
11543,27,11,3236.05,119,2024-01-20 04:49:23,2025-12-05 19:08:44,United Kingdom,294.18636363636364,685,2,2,4,224,Hibernating,0,3215.761426824297
11544,4,11,4232.87,124,2024-01-19 12:30:58,2025-12-28 20:48:34,United Kingdom,384.80636363636364,709,5,2,5,525,New / Promising,0,3215.761426824297
11545,13,11,3133.0,133,2024-04-20 08:24:36,2025-12-19 13:58:18,United Kingdom,284.8181818181818,608,4,2,3,423,New / Promising,0,3215.761426824297
11546,38,11,2532.22,101,2024-02-16 09:40:16,2025-11-24 00:08:28,United Kingdom,230.20181818181817,646,2,2,2,222,Hibernating,0,3215.761426824297
11547,72,11,2179.72,100,2024-01-26 08:00:29,2025-10-21 02:55:48,United Kingdom,198.1563636363636,633,1,2,1,121,Hibernating,0,3215.761426824297
11548,9,11,2897.06,123,2024-02-26 09:47:31,2025-12-23 16:35:40,United Kingdom,263.3690909090909,666,4,2,3,423,New / Promising,0,3215.761426824297
11549,4,11,2880.04,118,2024-01-25 06:05:26,2025-12-28 00:15:27,United Kingdom,261.8218181818182,702,5,2,3,523,New / Promising,0,3215.761426824297
11550,37,11,3472.84,130,2024-03-15 21:28:18,2025-11-25 03:29:16,United Kingdom,315.7127272727273,619,2,2,4,224,Hibernating,0,3215.761426824297
11551,19,11,3091.68,116,2024-01-03 12:48:13,2025-12-13 00:43:55,United Kingdom,281.0618181818182,709,3,2,3,323,Need Attention,0,3215.761426824297
11552,18,11,3997.2,113,2024-02-21 20:01:40,2025-12-14 02:53:32,United Kingdom,363.3818181818182,661,3,2,5,325,Need Attention,0,3215.761426824297
11553,44,11,2896.59,120,2024-01-31 03:52:58,2025-11-18 23:25:03,United Kingdom,263.3263636363636,657,1,2,3,123,Hibernating,0,3215.761426824297
11554,40,11,2672.87,109,2024-01-11 14:38:35,2025-11-22 12:39:38,United Kingdom,242.9881818181818,680,1,2,2,122,Hibernating,0,3215.761426824297
11555,14,10,2593.14,118,2024-01-20 06:15:38,2025-12-18 13:27:48,United Kingdom,259.31399999999996,698,3,1,2,312,Need Attention,1,3109.399468085106
11556,15,11,3548.71,120,2024-01-01 10:08:05,2025-12-17 03:12:38,United Kingdom,322.61,715,3,2,4,324,Need Attention,0,3215.761426824297
11557,25,11,4940.15,141,2024-01-27 11:02:02,2025-12-07 01:38:28,United Kingdom,449.1045454545454,679,2,2,5,225,Hibernating,0,3215.761426824297
11558,50,11,10762.69,178,2024-01-01 20:15:12,2025-11-12 11:16:54,United Kingdom,978.4263636363637,680,1,2,5,125,Hibernating,0,3215.761426824297
11559,94,11,2764.01,106,2024-01-14 06:42:10,2025-09-29 13:23:44,United Kingdom,251.27363636363637,624,1,2,2,122,Hibernating,0,3215.761426824297
11560,7,11,2693.67,110,2024-01-07 09:47:02,2025-12-25 17:07:30,United Kingdom,244.8790909090909,718,4,2,2,422,New / Promising,0,3215.761426824297
11561,38,11,2362.81,112,2024-01-14 08:58:27,2025-11-24 09:48:53,United Kingdom,214.80090909090907,680,2,2,1,221,Hibernating,0,3215.761426824297
11562,45,11,2779.35,123,2024-01-10 18:21:14,2025-11-17 10:13:14,United Kingdom,252.6681818181818,676,1,2,2,122,Hibernating,0,3215.761426824297
11563,34,11,2638.3,115,2024-01-04 12:55:54,2025-11-28 12:46:36,United Kingdom,239.84545454545457,693,2,2,2,222,Hibernating,0,3215.761426824297
11564,30,11,3060.84,112,2024-01-01 09:55:06,2025-12-02 22:17:17,United Kingdom,278.2581818181818,701,2,2,3,223,Hibernating,0,3215.761426824297
11565,10,11,2363.0,102,2024-03-17 00:51:27,2025-12-22 16:33:43,United Kingdom,214.8181818181818,645,4,2,1,421,New / Promising,0,3215.761426824297
11566,17,11,2748.21,105,2024-01-01 16:35:58,2025-12-15 13:01:42,United Kingdom,249.83727272727273,713,3,2,2,322,Need Attention,0,3215.761426824297
11567,17,11,3034.07,130,2024-01-26 12:52:36,2025-12-15 23:51:06,United Kingdom,275.82454545454544,689,3,2,3,323,Need Attention,0,3215.761426824297
11568,16,11,3601.59,132,2024-01-09 07:45:57,2025-12-16 00:29:14,United Kingdom,327.41727272727275,706,3,2,4,324,Need Attention,0,3215.761426824297
11569,4,11,3917.79,124,2024-01-04 12:12:05,2025-12-28 14:52:35,United Kingdom,356.1627272727273,724,5,2,5,525,New / Promising,0,3215.761426824297
11570,4,11,2705.65,132,2024-02-19 01:36:19,2025-12-28 12:50:34,United Kingdom,245.96818181818182,678,5,2,2,522,New / Promising,0,3215.761426824297
11571,22,11,2332.32,109,2024-01-24 22:48:12,2025-12-10 14:45:50,United Kingdom,212.0290909090909,685,3,2,1,321,Need Attention,0,3215.761426824297
11572,29,11,2180.91,102,2024-01-30 00:10:59,2025-12-03 04:52:12,United Kingdom,198.26454545454544,673,2,2,1,221,Hibernating,0,3215.761426824297
11573,3,11,3385.3199999999997,134,2024-01-15 18:48:58,2025-12-29 21:04:01,United Kingdom,307.75636363636363,714,5,2,4,524,New / Promising,0,3215.761426824297
11574,11,11,2384.08,117,2024-01-22 03:51:36,2025-12-21 15:49:06,United Kingdom,216.73454545454544,699,4,2,1,421,New / Promising,0,3215.761426824297
11575,2,11,2332.06,95,2024-02-14 04:59:19,2025-12-30 06:56:05,United Kingdom,212.00545454545454,685,5,2,1,521,New / Promising,0,3215.761426824297
11576,18,11,2582.04,114,2024-01-14 09:10:25,2025-12-14 16:11:25,United Kingdom,234.73090909090908,700,3,2,2,322,Need Attention,0,3215.761426824297
11577,26,11,4451.25,141,2024-01-07 21:50:14,2025-12-06 18:06:35,United Kingdom,404.65909090909093,698,2,2,5,225,Hibernating,0,3215.761426824297
11578,71,11,2038.1399999999999,97,2024-01-23 00:03:05,2025-10-22 04:04:21,United Kingdom,185.28545454545454,638,1,2,1,121,Hibernating,0,3215.761426824297
11579,24,11,2851.74,114,2024-01-06 04:48:49,2025-12-08 16:02:50,United Kingdom,259.2490909090909,702,2,2,3,223,Hibernating,0,3215.761426824297
11580,11,11,2846.3,107,2024-01-13 13:49:04,2025-12-21 03:34:34,United Kingdom,258.75454545454545,707,4,2,3,423,New / Promising,0,3215.761426824297
11581,21,11,2517.26,105,2024-01-20 05:53:15,2025-12-11 11:30:29,United Kingdom,228.8418181818182,691,3,2,2,322,Need Attention,0,3215.761426824297
11582,24,11,2144.7200000000003,100,2024-01-28 02:00:48,2025-12-08 00:52:23,United Kingdom,194.97454545454548,679,2,2,1,221,Hibernating,0,3215.761426824297
11583,40,11,1796.91,97,2024-01-07 23:02:40,2025-11-22 15:18:30,United Kingdom,163.35545454545456,684,1,2,1,121,Hibernating,0,3215.761426824297
11584,24,11,3423.22,124,2024-01-07 13:23:35,2025-12-08 05:33:14,United Kingdom,311.20181818181817,700,2,2,4,224,Hibernating,0,3215.761426824297
11585,67,11,4386.11,128,2024-02-14 03:01:07,2025-10-26 08:53:57,United Kingdom,398.7372727272727,620,1,2,5,125,Hibernating,0,3215.761426824297
11586,17,11,2792.71,107,2024-02-15 13:43:15,2025-12-15 07:56:30,United Kingdom,253.88272727272727,668,3,2,2,322,Need Attention,0,3215.761426824297
11587,9,11,2203.18,106,2024-01-03 20:05:40,2025-12-23 11:22:04,United Kingdom,200.2890909090909,719,4,2,1,421,New / Promising,0,3215.761426824297
11588,3,11,3019.83,139,2024-01-09 15:33:46,2025-12-29 17:43:33,United Kingdom,274.53,720,5,2,3,523,New / Promising,0,3215.761426824297
11589,68,11,3884.1800000000003,136,2024-01-06 13:18:51,2025-10-25 23:44:40,United Kingdom,353.10727272727274,658,1,2,5,125,Hibernating,0,3215.761426824297
11590,3,11,2699.85,113,2024-03-17 18:36:16,2025-12-29 09:14:56,United Kingdom,245.4409090909091,651,5,2,2,522,New / Promising,0,3215.761426824297
11591,3,11,3764.3,122,2024-01-19 08:07:14,2025-12-29 11:18:43,United Kingdom,342.20909090909095,710,5,2,4,524,New / Promising,0,3215.761426824297
11592,13,11,3503.87,118,2024-01-04 03:21:12,2025-12-19 08:58:04,United Kingdom,318.53363636363633,715,4,2,4,424,New / Promising,0,3215.761426824297
11593,28,11,2309.59,106,2024-02-16 02:31:03,2025-12-04 14:02:17,United Kingdom,209.96272727272728,657,2,2,1,221,Hibernating,0,3215.761426824297
11594,76,10,1838.84,93,2024-01-12 06:05:15,2025-10-17 08:41:52,United Kingdom,183.884,644,1,1,1,111,Hibernating,1,3109.399468085106
11595,21,11,3182.12,101,2024-01-13 13:45:28,2025-12-11 07:23:30,United Kingdom,289.28363636363633,697,3,2,3,323,Need Attention,0,3215.761426824297
11596,60,11,4951.89,140,2024-03-12 04:48:56,2025-11-02 21:56:04,United Kingdom,450.1718181818182,600,1,2,5,125,Hibernating,0,3215.761426824297
11597,9,11,4357.12,127,2024-02-19 18:45:51,2025-12-23 11:34:21,United Kingdom,396.10181818181815,672,4,2,5,425,New / Promising,0,3215.761426824297
11598,7,11,2835.43,115,2024-03-17 06:03:57,2025-12-25 03:30:01,United Kingdom,257.7663636363636,647,4,2,3,423,New / Promising,0,3215.761426824297
11599,67,11,2110.29,90,2024-01-10 18:49:04,2025-10-26 09:09:06,United Kingdom,191.84454545454545,654,1,2,1,121,Hibernating,0,3215.761426824297
11600,11,11,2999.83,111,2024-01-04 16:42:56,2025-12-21 15:09:38,United Kingdom,272.71181818181816,716,4,2,3,423,New / Promising,0,3215.761426824297
11601,8,11,2960.49,133,2024-01-01 09:47:09,2025-12-24 23:08:07,United Kingdom,269.13545454545454,723,4,2,3,423,New / Promising,0,3215.761426824297
11602,27,11,2507.27,112,2024-02-26 14:42:53,2025-12-05 16:20:32,United Kingdom,227.93363636363637,648,2,2,2,222,Hibernating,0,3215.761426824297
11603,4,11,2447.67,117,2024-02-27 10:34:59,2025-12-28 21:06:42,United Kingdom,222.51545454545456,670,5,2,1,521,New / Promising,0,3215.761426824297
11604,26,11,3620.01,132,2024-02-12 06:48:48,2025-12-06 08:30:20,United Kingdom,329.0918181818182,663,2,2,4,224,Hibernating,0,3215.761426824297
11605,19,11,3906.07,128,2024-02-14 00:28:55,2025-12-13 09:19:16,United Kingdom,355.09727272727275,668,3,2,5,325,Need Attention,0,3215.761426824297
11606,27,11,2812.98,129,2024-01-06 13:16:26,2025-12-05 21:43:06,United Kingdom,255.72545454545454,699,2,2,2,222,Hibernating,0,3215.761426824297
11607,55,11,4042.88,148,2024-01-23 01:35:43,2025-11-07 08:22:22,United Kingdom,367.5345454545455,654,1,2,5,125,Hibernating,0,3215.761426824297
11608,18,11,3133.47,111,2024-02-02 10:07:32,2025-12-14 18:14:45,United Kingdom,284.86090909090905,681,3,2,3,323,Need Attention,0,3215.761426824297
11609,26,11,2900.81,112,2024-03-01 09:46:49,2025-12-06 03:09:08,United Kingdom,263.71,644,2,2,3,223,Hibernating,0,3215.761426824297
11610,63,11,3586.56,124,2024-01-06 06:21:19,2025-10-30 06:55:28,United Kingdom,326.0509090909091,663,1,2,4,124,Hibernating,0,3215.761426824297
11611,12,11,2746.57,111,2024-01-04 22:33:52,2025-12-20 09:26:27,United Kingdom,249.68818181818185,715,4,2,2,422,New / Promising,0,3215.761426824297
11612,1,11,2232.67,108,2024-01-03 07:42:45,2025-12-31 00:32:16,United Kingdom,202.97,727,5,2,1,521,New / Promising,0,3215.761426824297
11613,44,11,2536.84,104,2024-01-18 15:30:18,2025-11-18 14:08:03,United Kingdom,230.62181818181818,669,1,2,2,122,Hibernating,0,3215.761426824297
11614,9,11,2346.69,100,2024-02-26 20:45:59,2025-12-23 15:23:20,United Kingdom,213.33545454545455,665,4,2,1,421,New / Promising,0,3215.761426824297
11615,6,11,4074.96,126,2024-01-02 00:29:27,2025-12-26 00:54:35,United Kingdom,370.4509090909091,724,5,2,5,525,New / Promising,0,3215.761426824297
11616,14,11,3532.06,119,2024-01-10 08:30:06,2025-12-18 13:59:18,United Kingdom,321.0963636363636,708,3,2,4,324,Need Attention,0,3215.761426824297
11617,4,11,6013.37,156,2024-01-08 00:17:12,2025-12-28 07:33:43,United Kingdom,546.67,720,5,2,5,525,New / Promising,0,3215.761426824297
11618,77,11,2007.06,98,2024-01-16 10:21:05,2025-10-16 17:18:19,United Kingdom,182.46,639,1,2,1,121,Hibernating,0,3215.761426824297
11619,44,11,2922.34,117,2024-01-06 13:06:50,2025-11-18 17:43:21,United Kingdom,265.66727272727275,682,1,2,3,123,Hibernating,0,3215.761426824297
11620,9,11,4180.02,136,2024-01-15 08:00:31,2025-12-23 19:25:55,United Kingdom,380.00181818181824,708,4,2,5,425,New / Promising,0,3215.761426824297
11621,13,11,3268.97,118,2024-01-06 19:40:23,2025-12-19 17:45:25,United Kingdom,297.1790909090909,712,4,2,4,424,New / Promising,0,3215.761426824297
11622,63,11,2879.17,129,2024-01-16 08:52:39,2025-10-30 01:36:27,United Kingdom,261.7427272727273,652,1,2,3,123,Hibernating,0,3215.761426824297
11623,29,11,3479.1800000000003,118,2024-01-19 22:10:53,2025-12-03 18:33:34,United Kingdom,316.28909090909093,683,2,2,4,224,Hibernating,0,3215.761426824297
11624,69,11,2520.07,96,2024-01-23 14:42:03,2025-10-24 12:12:25,United Kingdom,229.09727272727275,639,1,2,2,122,Hibernating,0,3215.761426824297
11625,32,11,2831.38,114,2024-01-08 07:11:42,2025-11-30 09:20:31,United Kingdom,257.39818181818185,692,2,2,3,223,Hibernating,0,3215.761426824297
11626,92,11,2129.53,100,2024-01-24 23:29:08,2025-10-01 04:10:48,United Kingdom,193.5936363636364,615,1,2,1,121,Hibernating,0,3215.761426824297
11627,13,11,1892.57,95,2024-01-04 13:23:19,2025-12-18 23:59:14,United Kingdom,172.05181818181816,714,4,2,1,421,New / Promising,0,3215.761426824297
11628,24,11,2763.53,117,2024-01-14 09:54:43,2025-12-08 20:53:12,United Kingdom,251.23000000000002,694,2,2,2,222,Hibernating,0,3215.761426824297
11629,49,11,3566.69,138,2024-01-20 03:17:53,2025-11-13 05:15:52,United Kingdom,324.24454545454546,663,1,2,4,124,Hibernating,0,3215.761426824297
11630,11,11,4416.15,145,2024-01-19 14:57:55,2025-12-21 18:31:29,United Kingdom,401.4681818181818,702,4,2,5,425,New / Promising,0,3215.761426824297
11631,5,11,3044.94,125,2024-01-21 17:02:45,2025-12-27 13:02:10,United Kingdom,276.8127272727273,705,5,2,3,523,New / Promising,0,3215.761426824297
11632,1,11,4433.3,119,2024-01-04 13:17:34,2025-12-31 06:51:31,United Kingdom,403.02727272727276,726,5,2,5,525,New / Promising,0,3215.761426824297
11633,34,11,3709.9,132,2024-01-15 15:41:44,2025-11-28 22:31:10,United Kingdom,337.26363636363635,683,2,2,4,224,Hibernating,0,3215.761426824297
11634,50,11,2250.04,106,2024-01-14 15:12:58,2025-11-12 02:08:46,United Kingdom,204.5490909090909,667,1,2,1,121,Hibernating,0,3215.761426824297
11635,62,11,3760.06,133,2024-01-17 21:02:53,2025-10-30 23:52:38,United Kingdom,341.82363636363635,652,1,2,4,124,Hibernating,0,3215.761426824297
11636,24,11,3916.81,118,2024-02-09 16:01:27,2025-12-08 16:51:47,United Kingdom,356.07363636363635,668,2,2,5,225,Hibernating,0,3215.761426824297
11637,18,11,2362.42,100,2024-01-04 20:24:21,2025-12-14 17:06:22,United Kingdom,214.76545454545456,709,3,2,1,321,Need Attention,0,3215.761426824297
11638,3,11,2680.25,117,2024-01-15 15:21:26,2025-12-29 09:03:00,United Kingdom,243.6590909090909,713,5,2,2,522,New / Promising,0,3215.761426824297
11639,9,11,4095.2200000000003,137,2024-02-06 09:11:05,2025-12-23 08:09:31,United Kingdom,372.2927272727273,685,4,2,5,425,New / Promising,0,3215.761426824297
11640,10,11,3465.9300000000003,111,2024-01-05 06:05:27,2025-12-22 07:16:51,United Kingdom,315.0845454545455,717,4,2,4,424,New / Promising,0,3215.761426824297
11641,36,11,3197.47,110,2024-01-31 19:02:38,2025-11-26 22:49:09,United Kingdom,290.6790909090909,665,2,2,3,223,Hibernating,0,3215.761426824297
11642,12,11,2763.0499999999997,115,2024-01-22 18:45:24,2025-12-20 18:05:34,United Kingdom,251.1863636363636,697,4,2,2,422,New / Promising,0,3215.761426824297
11643,35,11,2390.45,130,2024-01-11 12:35:17,2025-11-27 07:20:51,United Kingdom,217.31363636363633,685,2,2,1,221,Hibernating,0,3215.761426824297
11644,26,11,2997.41,116,2024-03-19 10:06:27,2025-12-06 00:00:52,United Kingdom,272.4918181818182,626,2,2,3,223,Hibernating,0,3215.761426824297
11645,17,11,4483.57,133,2024-01-29 16:21:48,2025-12-15 00:26:05,United Kingdom,407.5972727272727,685,3,2,5,325,Need Attention,0,3215.761426824297
11646,4,11,2820.82,117,2024-01-27 13:51:08,2025-12-28 16:28:38,United Kingdom,256.4381818181818,701,5,2,3,523,New / Promising,0,3215.761426824297
11647,15,11,3797.2400000000002,118,2024-02-22 22:30:17,2025-12-17 22:36:53,United Kingdom,345.2036363636364,664,3,2,4,324,Need Attention,0,3215.761426824297
11648,5,11,2901.86,114,2024-02-13 11:45:23,2025-12-27 23:32:09,United Kingdom,263.80545454545455,683,5,2,3,523,New / Promising,0,3215.761426824297
11649,11,11,3422.86,120,2024-01-30 16:14:01,2025-12-21 01:36:30,United Kingdom,311.1690909090909,690,4,2,4,424,New / Promising,0,3215.761426824297
11650,9,11,2993.34,127,2024-01-16 21:11:22,2025-12-23 23:05:15,United Kingdom,272.1218181818182,707,4,2,3,423,New / Promising,0,3215.761426824297
11651,27,11,3691.87,121,2024-03-27 18:59:49,2025-12-05 18:13:45,United Kingdom,335.62454545454545,617,2,2,4,224,Hibernating,0,3215.761426824297
11652,1,11,2952.81,109,2024-01-05 08:40:30,2025-12-31 12:34:53,United Kingdom,268.4372727272727,726,5,2,3,523,New / Promising,0,3215.761426824297
11653,8,11,2949.87,110,2024-02-06 13:06:38,2025-12-24 02:58:09,United Kingdom,268.17,686,4,2,3,423,New / Promising,0,3215.761426824297
11654,4,11,2576.17,98,2024-02-21 06:14:10,2025-12-28 21:52:58,United Kingdom,234.19727272727275,676,5,2,2,522,New / Promising,0,3215.761426824297
11655,22,11,2807.92,111,2024-02-25 11:54:42,2025-12-10 12:21:03,United Kingdom,255.26545454545456,654,3,2,2,322,Need Attention,0,3215.761426824297
11656,72,11,3358.01,131,2024-01-01 03:44:41,2025-10-21 16:42:41,United Kingdom,305.2736363636364,659,1,2,4,124,Hibernating,0,3215.761426824297
11657,3,11,2377.2799999999997,97,2024-01-03 19:43:25,2025-12-29 09:16:42,United Kingdom,216.11636363636362,725,5,2,1,521,New / Promising,0,3215.761426824297
11658,50,11,3838.67,132,2024-01-03 19:32:48,2025-11-12 01:31:25,United Kingdom,348.97,678,1,2,4,124,Hibernating,0,3215.761426824297
11659,37,11,4140.42,135,2024-02-15 11:56:41,2025-11-25 06:50:12,United Kingdom,376.4018181818182,648,2,2,5,225,Hibernating,0,3215.761426824297
11660,4,11,2666.15,110,2024-01-10 03:08:37,2025-12-28 00:13:43,United Kingdom,242.37727272727273,717,5,2,2,522,New / Promising,0,3215.761426824297
11661,66,11,3344.71,131,2024-01-02 17:58:27,2025-10-27 02:56:14,United Kingdom,304.06454545454545,663,1,2,4,124,Hibernating,0,3215.761426824297
11662,4,11,1769.27,103,2024-01-16 02:49:35,2025-12-28 14:28:45,United Kingdom,160.84272727272727,712,5,2,1,521,New / Promising,0,3215.761426824297
11663,19,11,2995.69,129,2024-01-03 08:13:48,2025-12-13 19:12:06,United Kingdom,272.3354545454545,710,3,2,3,323,Need Attention,0,3215.761426824297
11664,16,11,2794.56,111,2024-02-03 20:39:56,2025-12-16 04:01:42,United Kingdom,254.05090909090907,681,3,2,2,322,Need Attention,0,3215.761426824297
11665,56,11,2114.32,96,2024-01-23 00:14:15,2025-11-06 18:20:21,United Kingdom,192.2109090909091,653,1,2,1,121,Hibernating,0,3215.761426824297
11666,6,11,4521.04,148,2024-01-12 05:44:26,2025-12-26 17:12:43,United Kingdom,411.00363636363636,714,5,2,5,525,New / Promising,0,3215.761426824297
11667,3,11,2379.77,111,2024-01-19 05:55:39,2025-12-29 05:36:17,United Kingdom,216.34272727272727,709,5,2,1,521,New / Promising,0,3215.761426824297
11668,12,11,2481.81,111,2024-01-12 01:42:16,2025-12-20 18:26:28,United Kingdom,225.61909090909091,708,4,2,2,422,New / Promising,0,3215.761426824297
11669,10,11,2413.5,111,2024-01-17 21:29:04,2025-12-22 03:27:57,United Kingdom,219.4090909090909,704,4,2,1,421,New / Promising,0,3215.761426824297
11670,22,11,2973.39,122,2024-04-01 09:39:15,2025-12-10 19:21:29,United Kingdom,270.3081818181818,618,3,2,3,323,Need Attention,0,3215.761426824297
11671,2,11,3557.89,110,2024-01-05 23:54:28,2025-12-30 12:07:01,United Kingdom,323.44454545454545,724,5,2,4,524,New / Promising,0,3215.761426824297
11672,25,11,3447.4900000000002,115,2024-01-04 05:25:16,2025-12-07 12:39:06,United Kingdom,313.40818181818184,703,2,2,4,224,Hibernating,0,3215.761426824297
11673,42,11,3348.01,109,2024-02-13 16:16:23,2025-11-20 22:26:57,United Kingdom,304.36454545454546,646,1,2,4,124,Hibernating,0,3215.761426824297
11674,47,11,2399.2,111,2024-01-01 18:58:55,2025-11-15 02:18:31,United Kingdom,218.1090909090909,683,1,2,1,121,Hibernating,0,3215.761426824297
11675,10,11,3310.35,129,2024-01-14 16:33:51,2025-12-22 05:32:52,United Kingdom,300.9409090909091,707,4,2,4,424,New / Promising,0,3215.761426824297
11676,23,11,2885.67,129,2024-01-17 04:39:17,2025-12-09 22:34:58,United Kingdom,262.33363636363634,692,2,2,3,223,Hibernating,0,3215.761426824297
11677,61,11,2308.66,103,2024-02-16 08:36:54,2025-11-01 09:39:59,United Kingdom,209.87818181818182,624,1,2,1,121,Hibernating,0,3215.761426824297
11678,157,10,3285.62,115,2024-01-11 22:59:57,2025-07-28 03:36:45,United Kingdom,328.562,563,1,1,4,114,Hibernating,1,3109.399468085106
11679,5,11,5664.92,154,2024-02-10 22:07:18,2025-12-27 02:02:17,United Kingdom,514.9927272727273,685,5,2,5,525,New / Promising,0,3215.761426824297
11680,16,11,2269.64,104,2024-01-03 11:51:27,2025-12-16 23:20:57,United Kingdom,206.33090909090907,713,3,2,1,321,Need Attention,0,3215.761426824297
11681,8,11,3352.58,115,2024-01-05 02:33:38,2025-12-24 12:22:32,United Kingdom,304.78,719,4,2,4,424,New / Promising,0,3215.761426824297
11682,13,11,2597.34,102,2024-02-03 18:24:02,2025-12-19 14:22:40,United Kingdom,236.12181818181818,684,4,2,2,422,New / Promising,0,3215.761426824297
11683,118,11,2917.7799999999997,121,2024-03-12 17:12:08,2025-09-05 06:28:43,United Kingdom,265.25272727272727,541,1,2,3,123,Hibernating,0,3215.761426824297
11684,13,11,2312.67,104,2024-02-23 21:33:43,2025-12-19 21:27:31,United Kingdom,210.24272727272728,664,3,2,1,321,Need Attention,0,3215.761426824297
11685,26,11,3201.77,114,2024-01-25 21:44:05,2025-12-06 01:32:06,United Kingdom,291.07,680,2,2,3,223,Hibernating,0,3215.761426824297
11686,37,11,2038.67,101,2024-01-26 22:07:24,2025-11-25 12:49:07,United Kingdom,185.33363636363637,668,2,2,1,221,Hibernating,0,3215.761426824297
11687,35,11,3369.74,122,2024-01-09 04:46:03,2025-11-27 00:40:02,United Kingdom,306.34,687,2,2,4,224,Hibernating,0,3215.761426824297
11688,10,11,2659.78,126,2024-01-04 15:53:18,2025-12-22 06:57:09,United Kingdom,241.79818181818183,717,4,2,2,422,New / Promising,0,3215.761426824297
11689,21,11,2550.44,93,2024-01-04 21:05:07,2025-12-11 23:38:33,United Kingdom,231.85818181818183,707,3,2,2,322,Need Attention,0,3215.761426824297
11690,27,11,3675.4900000000002,119,2024-01-04 10:09:00,2025-12-05 23:01:13,United Kingdom,334.1354545454546,701,2,2,4,224,Hibernating,0,3215.761426824297
11691,29,11,2895.66,120,2024-01-09 09:25:01,2025-12-03 05:05:36,United Kingdom,263.2418181818182,693,2,2,3,223,Hibernating,0,3215.761426824297
11692,75,11,4081.64,140,2024-01-26 19:09:23,2025-10-18 15:28:28,United Kingdom,371.0581818181818,630,1,2,5,125,Hibernating,0,3215.761426824297
11693,37,11,2234.22,105,2024-01-06 23:37:32,2025-11-25 15:27:04,United Kingdom,203.11090909090908,688,2,2,1,221,Hibernating,0,3215.761426824297
11694,2,11,2457.67,103,2024-01-02 18:19:15,2025-12-30 13:05:28,United Kingdom,223.42454545454547,727,5,2,2,522,New / Promising,0,3215.761426824297
11695,3,11,3249.89,129,2024-01-26 19:05:41,2025-12-29 06:07:58,United Kingdom,295.44454545454545,702,5,2,4,524,New / Promising,0,3215.761426824297
11696,27,11,2472.19,118,2024-01-31 03:19:09,2025-12-05 15:14:17,United Kingdom,224.74454545454546,674,2,2,2,222,Hibernating,0,3215.761426824297
11697,28,11,2723.3,110,2024-01-05 11:00:37,2025-12-04 21:10:37,United Kingdom,247.5727272727273,699,2,2,2,222,Hibernating,0,3215.761426824297
11698,16,11,3460.03,122,2024-01-05 03:31:30,2025-12-16 17:06:13,United Kingdom,314.54818181818183,711,3,2,4,324,Need Attention,0,3215.761426824297
11699,21,11,3204.59,110,2024-05-22 09:43:01,2025-12-11 11:31:19,Germany,291.3263636363636,568,3,2,3,323,Need Attention,0,3215.761426824297
11700,8,11,4207.03,128,2024-03-01 22:41:17,2025-12-24 06:06:31,United Kingdom,382.4572727272727,662,4,2,5,425,New / Promising,0,3215.761426824297
11701,5,11,2979.7,115,2024-01-05 18:17:46,2025-12-27 05:02:24,United Kingdom,270.8818181818182,721,5,2,3,523,New / Promising,0,3215.761426824297
11702,30,11,4880.89,158,2024-01-15 10:57:10,2025-12-02 17:57:34,United Kingdom,443.71727272727276,687,2,2,5,225,Hibernating,0,3215.761426824297
11703,5,11,2924.3399999999997,121,2024-01-09 14:37:16,2025-12-27 23:38:05,United Kingdom,265.8490909090909,718,5,2,3,523,New / Promising,0,3215.761426824297
11704,51,11,2500.68,114,2024-01-19 21:01:27,2025-11-11 23:51:00,United Kingdom,227.33454545454543,662,1,2,2,122,Hibernating,0,3215.761426824297
11705,6,11,2254.89,110,2024-01-07 22:44:51,2025-12-26 12:08:05,United Kingdom,204.98999999999998,718,5,2,1,521,New / Promising,0,3215.761426824297
11706,3,11,2369.37,110,2024-02-24 06:40:31,2025-12-29 03:58:54,United Kingdom,215.3972727272727,673,5,2,1,521,New / Promising,0,3215.761426824297
11707,4,11,6355.31,161,2024-02-04 14:11:44,2025-12-28 07:27:13,United Kingdom,577.7554545454545,692,5,2,5,525,New / Promising,0,3215.761426824297
11708,7,11,2769.94,114,2024-01-11 16:59:24,2025-12-25 04:38:16,United Kingdom,251.81272727272727,713,4,2,2,422,New / Promising,0,3215.761426824297
11709,10,11,3491.59,130,2024-03-11 11:10:51,2025-12-22 23:37:13,United Kingdom,317.41727272727275,651,4,2,4,424,New / Promising,0,3215.761426824297
11710,11,11,3005.28,111,2024-01-03 23:14:55,2025-12-21 06:42:14,United Kingdom,273.20727272727277,717,4,2,3,423,New / Promising,0,3215.761426824297
11711,35,10,2275.04,126,2024-01-13 13:51:53,2025-11-27 07:18:47,United Kingdom,227.504,683,2,1,1,211,Hibernating,1,3109.399468085106
11712,30,11,2839.27,112,2024-01-01 05:20:52,2025-12-02 09:14:34,United Kingdom,258.11545454545455,701,2,2,3,223,Hibernating,0,3215.761426824297
11713,24,11,5001.82,158,2024-01-25 05:12:20,2025-12-08 08:52:54,United Kingdom,454.71090909090907,683,2,2,5,225,Hibernating,0,3215.761426824297
11714,37,11,5270.3099999999995,140,2024-01-06 01:03:37,2025-11-25 02:14:34,United Kingdom,479.11909090909086,689,2,2,5,225,Hibernating,0,3215.761426824297
11715,124,11,3014.36,128,2024-02-06 06:43:40,2025-08-30 11:15:48,United Kingdom,274.0327272727273,571,1,2,3,123,Hibernating,0,3215.761426824297
11716,5,11,3347.14,136,2024-01-03 16:13:33,2025-12-27 16:10:05,United Kingdom,304.2854545454545,723,5,2,4,524,New / Promising,0,3215.761426824297
11717,16,11,3305.42,134,2024-01-30 11:22:32,2025-12-16 09:00:57,United Kingdom,300.4927272727273,685,3,2,4,324,Need Attention,0,3215.761426824297
11718,8,11,2718.34,96,2024-01-20 22:13:16,2025-12-24 14:48:33,United Kingdom,247.12181818181818,703,4,2,2,422,New / Promising,0,3215.761426824297
11719,32,11,3978.58,120,2024-01-10 07:44:26,2025-11-30 16:47:38,United Kingdom,361.6890909090909,690,2,2,5,225,Hibernating,0,3215.761426824297
11720,4,11,4724.74,122,2024-01-08 20:19:58,2025-12-28 05:51:48,United Kingdom,429.52181818181816,719,5,2,5,525,New / Promising,0,3215.761426824297
11721,2,11,3471.79,145,2024-01-09 14:30:58,2025-12-30 07:08:38,United Kingdom,315.61727272727273,720,5,2,4,524,New / Promising,0,3215.761426824297
11722,1,11,2512.96,117,2024-01-19 09:06:46,2025-12-31 08:13:58,United Kingdom,228.4509090909091,711,5,2,2,522,New / Promising,0,3215.761426824297
11723,30,10,3730.28,117,2024-01-21 23:32:39,2025-12-02 02:25:28,United Kingdom,373.028,680,2,1,4,214,Hibernating,1,3109.399468085106
11724,1,11,2461.78,113,2024-01-25 17:50:02,2025-12-31 08:29:24,United Kingdom,223.79818181818183,705,5,2,2,522,New / Promising,0,3215.761426824297
11725,16,11,2116.7400000000002,100,2024-01-12 23:48:07,2025-12-16 23:14:05,United Kingdom,192.43090909090913,703,3,2,1,321,Need Attention,0,3215.761426824297
11726,29,11,4145.53,138,2024-03-13 04:32:05,2025-12-03 22:14:05,United Kingdom,376.8663636363636,630,2,2,5,225,Hibernating,0,3215.761426824297
11727,14,11,2295.71,104,2024-02-19 23:29:57,2025-12-18 17:37:13,United Kingdom,208.7009090909091,667,3,2,1,321,Need Attention,0,3215.761426824297
11728,45,11,3321.77,124,2024-01-09 08:18:39,2025-11-17 09:52:25,United Kingdom,301.9790909090909,678,1,2,4,124,Hibernating,0,3215.761426824297
11729,10,11,4600.7,138,2024-02-14 22:11:12,2025-12-22 13:28:42,United Kingdom,418.24545454545455,676,4,2,5,425,New / Promising,0,3215.761426824297
11730,5,11,3288.02,126,2024-01-11 04:07:23,2025-12-27 08:35:07,United Kingdom,298.9109090909091,716,5,2,4,524,New / Promising,0,3215.761426824297
11731,5,11,2419.7,119,2024-01-05 23:13:47,2025-12-27 16:50:39,United Kingdom,219.97272727272727,721,5,2,1,521,New / Promising,0,3215.761426824297
11732,41,11,2555.21,122,2024-01-17 04:05:25,2025-11-21 17:14:23,United Kingdom,232.29181818181817,674,1,2,2,122,Hibernating,0,3215.761426824297
11733,6,11,2135.5699999999997,103,2024-01-08 05:55:24,2025-12-26 15:51:52,United Kingdom,194.14272727272726,718,5,2,1,521,New / Promising,0,3215.761426824297
11734,13,11,4652.24,131,2024-01-24 11:29:42,2025-12-19 11:26:10,United Kingdom,422.9309090909091,694,3,2,5,325,Need Attention,0,3215.761426824297
11735,14,11,3271.77,120,2024-01-03 14:50:18,2025-12-18 21:20:15,United Kingdom,297.43363636363637,715,3,2,4,324,Need Attention,0,3215.761426824297
11736,6,11,2434.15,100,2024-01-01 03:58:39,2025-12-26 03:36:49,United Kingdom,221.28636363636363,724,5,2,1,521,New / Promising,0,3215.761426824297
11737,20,11,2703.78,109,2024-03-04 09:14:55,2025-12-11 23:56:36,United Kingdom,245.79818181818183,647,3,2,2,322,Need Attention,0,3215.761426824297
11738,13,11,4168.62,127,2024-02-01 11:14:37,2025-12-19 11:54:40,United Kingdom,378.9654545454545,687,3,2,5,325,Need Attention,0,3215.761426824297
11739,3,11,2980.09,121,2024-02-07 11:41:26,2025-12-29 02:35:45,United Kingdom,270.91727272727275,690,5,2,3,523,New / Promising,0,3215.761426824297
11740,14,11,3084.86,125,2024-01-02 19:37:05,2025-12-18 22:57:59,United Kingdom,280.4418181818182,716,3,2,3,323,Need Attention,0,3215.761426824297
11741,33,11,2493.0299999999997,129,2024-02-02 02:04:45,2025-11-29 13:05:17,United Kingdom,226.6390909090909,666,2,2,2,222,Hibernating,0,3215.761426824297
11742,4,11,2731.19,127,2024-01-22 15:42:58,2025-12-28 22:15:12,United Kingdom,248.29,706,5,2,2,522,New / Promising,0,3215.761426824297
11743,26,11,2565.66,110,2024-01-05 22:03:56,2025-12-06 11:07:36,United Kingdom,233.24181818181816,700,2,2,2,222,Hibernating,0,3215.761426824297
11744,40,11,3503.9500000000003,125,2024-01-22 19:10:26,2025-11-22 11:16:22,United Kingdom,318.5409090909091,669,1,2,4,124,Hibernating,0,3215.761426824297
11745,28,11,3510.58,119,2024-01-12 20:20:51,2025-12-04 02:37:33,United Kingdom,319.14363636363635,691,2,2,4,224,Hibernating,0,3215.761426824297
11746,14,11,2997.5,132,2024-01-23 05:27:28,2025-12-18 12:22:17,United Kingdom,272.5,695,3,2,3,323,Need Attention,0,3215.761426824297
11747,2,11,2410.33,115,2024-02-03 05:24:18,2025-12-30 02:19:01,United Kingdom,219.1209090909091,695,5,2,1,521,New / Promising,0,3215.761426824297
11748,23,11,2858.86,109,2024-01-29 03:56:16,2025-12-09 09:02:34,United Kingdom,259.8963636363637,680,2,2,3,223,Hibernating,0,3215.761426824297
11749,79,11,2753.73,126,2024-01-22 01:52:28,2025-10-14 14:07:27,United Kingdom,250.3390909090909,631,1,2,2,122,Hibernating,0,3215.761426824297
11750,2,11,3224.43,126,2024-01-08 11:23:03,2025-12-30 23:29:38,United Kingdom,293.13,722,5,2,4,524,New / Promising,0,3215.761426824297
11751,106,11,2167.94,99,2024-01-06 10:53:01,2025-09-17 14:40:30,United Kingdom,197.08545454545455,620,1,2,1,121,Hibernating,0,3215.761426824297
11752,119,11,4123.04,145,2024-01-11 01:25:44,2025-09-04 20:28:33,United Kingdom,374.8218181818182,602,1,2,5,125,Hibernating,0,3215.761426824297
11753,31,11,4765.91,129,2024-01-31 14:53:01,2025-12-01 16:02:52,United Kingdom,433.26454545454544,670,2,2,5,225,Hibernating,0,3215.761426824297
11754,12,11,3390.48,122,2024-01-04 08:52:44,2025-12-20 02:46:57,United Kingdom,308.22545454545457,715,4,2,4,424,New / Promising,0,3215.761426824297
11755,9,11,2827.67,121,2024-01-03 22:53:54,2025-12-23 18:06:03,United Kingdom,257.0609090909091,719,4,2,3,423,New / Promising,0,3215.761426824297
11756,13,11,4482.13,121,2024-01-04 09:46:37,2025-12-19 19:33:22,United Kingdom,407.46636363636367,715,3,2,5,325,Need Attention,0,3215.761426824297
11757,39,11,2528.21,110,2024-01-05 20:22:00,2025-11-23 20:37:49,United Kingdom,229.83727272727273,688,1,2,2,122,Hibernating,0,3215.761426824297
11758,45,11,3615.61,116,2024-04-04 18:30:53,2025-11-17 15:10:29,United Kingdom,328.6918181818182,591,1,2,4,124,Hibernating,0,3215.761426824297
11759,34,11,2972.28,114,2024-03-10 00:39:18,2025-11-28 11:40:19,United Kingdom,270.20727272727277,628,2,2,3,223,Hibernating,0,3215.761426824297
11760,5,11,3449.42,137,2024-01-16 12:04:40,2025-12-27 09:08:55,United Kingdom,313.58363636363634,710,5,2,4,524,New / Promising,0,3215.761426824297
11761,23,11,2732.88,113,2024-01-11 14:49:11,2025-12-09 01:32:43,United Kingdom,248.4436363636364,697,2,2,2,222,Hibernating,0,3215.761426824297
11762,1,11,2189.13,89,2024-02-27 10:37:59,2025-12-31 14:25:00,United Kingdom,199.0118181818182,673,5,2,1,521,New / Promising,0,3215.761426824297
11763,9,11,4248.62,130,2024-02-09 08:50:29,2025-12-23 08:48:55,Ireland,386.23818181818183,682,4,2,5,425,New / Promising,0,3215.761426824297
11764,6,11,4000.66,137,2024-01-20 01:41:21,2025-12-26 15:16:09,United Kingdom,363.6963636363636,706,5,2,5,525,New / Promising,0,3215.761426824297
11765,4,11,3026.4,118,2024-02-24 02:08:11,2025-12-28 13:52:26,United Kingdom,275.1272727272727,673,5,2,3,523,New / Promising,0,3215.761426824297
11766,13,11,3467.42,145,2024-01-08 22:12:53,2025-12-19 20:18:15,United Kingdom,315.22,710,3,2,4,324,Need Attention,0,3215.761426824297
11767,6,11,3389.11,128,2024-01-31 20:09:58,2025-12-26 00:20:33,United Kingdom,308.1009090909091,694,5,2,4,524,New / Promising,0,3215.761426824297
11768,49,11,2127.53,111,2024-04-05 16:36:58,2025-11-13 13:36:35,United Kingdom,193.4118181818182,586,1,2,1,121,Hibernating,0,3215.761426824297
11769,8,11,4859.09,130,2024-01-22 22:41:51,2025-12-24 19:01:08,United Kingdom,441.73545454545456,701,4,2,5,425,New / Promising,0,3215.761426824297
11770,25,11,3537.08,128,2024-01-14 19:47:11,2025-12-07 19:36:21,United Kingdom,321.5527272727273,692,2,2,4,224,Hibernating,0,3215.761426824297
11771,27,11,3565.46,136,2024-02-05 17:07:39,2025-12-05 10:02:59,United Kingdom,324.13272727272727,668,2,2,4,224,Hibernating,0,3215.761426824297
11772,18,11,3968.4700000000003,135,2024-01-05 12:23:08,2025-12-14 07:09:39,United Kingdom,360.77000000000004,708,3,2,5,325,Need Attention,0,3215.761426824297
11773,28,11,2425.7,104,2024-01-22 13:56:48,2025-12-04 13:44:50,United Kingdom,220.5181818181818,681,2,2,1,221,Hibernating,0,3215.761426824297
11774,14,11,3413.17,121,2024-02-08 07:37:13,2025-12-18 06:24:09,United Kingdom,310.28818181818184,678,3,2,4,324,Need Attention,0,3215.761426824297
11775,69,11,4187.139999999999,139,2024-01-16 01:10:59,2025-10-24 02:54:03,United Kingdom,380.64909090909083,647,1,2,5,125,Hibernating,0,3215.761426824297
11776,38,11,2632.76,118,2024-01-04 10:28:37,2025-11-24 11:07:09,United Kingdom,239.3418181818182,690,2,2,2,222,Hibernating,0,3215.761426824297
11777,21,11,5189.1900000000005,144,2024-01-08 12:08:31,2025-12-11 12:38:10,United Kingdom,471.7445454545455,703,3,2,5,325,Need Attention,0,3215.761426824297
11778,17,11,3361.02,130,2024-04-23 11:45:54,2025-12-15 12:23:26,United Kingdom,305.54727272727274,601,3,2,4,324,Need Attention,0,3215.761426824297
11779,3,11,6899.36,164,2024-01-13 07:50:49,2025-12-29 01:35:56,United Kingdom,627.2145454545454,715,5,2,5,525,New / Promising,0,3215.761426824297
11780,27,11,3116.68,113,2024-02-15 15:01:17,2025-12-05 17:38:16,United Kingdom,283.33454545454543,659,2,2,3,223,Hibernating,0,3215.761426824297
11781,39,11,2482.63,117,2024-01-26 11:48:37,2025-11-23 08:56:45,United Kingdom,225.6936363636364,666,1,2,2,122,Hibernating,0,3215.761426824297
11782,9,11,4368.69,139,2024-01-07 23:34:23,2025-12-23 16:57:52,United Kingdom,397.15363636363634,715,4,2,5,425,New / Promising,0,3215.761426824297
11783,11,11,4228.95,141,2024-01-03 10:01:51,2025-12-21 10:04:13,United Kingdom,384.45,718,4,2,5,425,New / Promising,0,3215.761426824297
11784,4,11,6515.54,157,2024-01-02 22:24:09,2025-12-28 13:52:54,United Kingdom,592.3218181818182,725,5,2,5,525,New / Promising,0,3215.761426824297
11785,14,11,3008.7799999999997,132,2024-01-16 20:56:14,2025-12-18 13:33:02,United Kingdom,273.5254545454545,701,3,2,3,323,Need Attention,0,3215.761426824297
11786,8,11,4874.63,125,2024-01-25 20:07:41,2025-12-24 21:27:12,United Kingdom,443.14818181818185,699,4,2,5,425,New / Promising,0,3215.761426824297
11787,30,10,4130.42,139,2024-01-08 14:51:15,2025-12-02 01:34:06,United Kingdom,413.04200000000003,693,2,1,5,215,Hibernating,1,3109.399468085106
11788,64,11,4776.6,136,2024-02-02 18:39:12,2025-10-29 18:50:18,United Kingdom,434.23636363636365,635,1,2,5,125,Hibernating,0,3215.761426824297
11789,36,11,5102.38,154,2024-01-02 07:20:06,2025-11-26 20:31:48,United Kingdom,463.8527272727273,694,2,2,5,225,Hibernating,0,3215.761426824297
11790,3,11,2327.2799999999997,100,2024-01-28 06:25:14,2025-12-29 02:40:07,United Kingdom,211.57090909090905,700,5,2,1,521,New / Promising,0,3215.761426824297
11791,69,11,2687.16,100,2024-02-02 12:10:43,2025-10-24 21:15:37,United Kingdom,244.28727272727272,630,1,2,2,122,Hibernating,0,3215.761426824297
11792,21,11,2952.03,117,2024-02-27 15:14:00,2025-12-11 20:22:29,United Kingdom,268.36636363636364,653,3,2,3,323,Need Attention,0,3215.761426824297
11793,28,11,2807.29,108,2024-02-21 10:39:46,2025-12-04 20:15:30,United Kingdom,255.20818181818183,652,2,2,2,222,Hibernating,0,3215.761426824297
11794,47,11,3986.22,141,2024-01-22 00:43:19,2025-11-15 16:21:58,United Kingdom,362.38363636363636,663,1,2,5,125,Hibernating,0,3215.761426824297
11795,25,11,2960.35,118,2024-01-01 06:37:06,2025-12-07 02:40:17,United Kingdom,269.1227272727273,705,2,2,3,223,Hibernating,0,3215.761426824297
11796,4,11,2823.61,132,2024-01-17 07:11:42,2025-12-28 20:58:51,United Kingdom,256.6918181818182,711,5,2,3,523,New / Promising,0,3215.761426824297
11797,7,11,2265.49,98,2024-01-12 14:00:08,2025-12-25 16:42:05,United Kingdom,205.95363636363635,713,4,2,1,421,New / Promising,0,3215.761426824297
11798,4,11,3925.1600000000003,138,2024-01-25 22:34:17,2025-12-28 00:04:13,United Kingdom,356.8327272727273,702,5,2,5,525,New / Promising,0,3215.761426824297
11799,7,11,5803.030000000001,168,2024-03-14 23:09:50,2025-12-25 21:10:22,United Kingdom,527.5481818181819,650,4,2,5,425,New / Promising,0,3215.761426824297
11800,88,11,2601.65,105,2024-01-08 01:30:46,2025-10-05 13:16:10,United Kingdom,236.51363636363638,636,1,2,2,122,Hibernating,0,3215.761426824297
11801,37,11,4228.93,134,2024-01-17 19:06:01,2025-11-25 07:56:56,United Kingdom,384.44818181818187,677,2,2,5,225,Hibernating,0,3215.761426824297
11802,42,11,4617.09,131,2024-01-20 01:48:42,2025-11-20 10:56:26,United Kingdom,419.73545454545456,670,1,2,5,125,Hibernating,0,3215.761426824297
11803,6,11,2358.42,96,2024-02-04 07:36:26,2025-12-26 07:38:12,United Kingdom,214.4018181818182,691,5,2,1,521,New / Promising,0,3215.761426824297
11804,1,11,2025.07,105,2024-03-16 19:46:46,2025-12-31 09:08:34,United Kingdom,184.09727272727272,654,5,2,1,521,New / Promising,0,3215.761426824297
11805,92,11,4072.91,129,2024-01-24 18:37:00,2025-10-01 06:59:55,United Kingdom,370.26454545454544,615,1,2,5,125,Hibernating,0,3215.761426824297
11806,17,11,2089.94,106,2024-02-10 06:49:24,2025-12-15 23:13:56,United Kingdom,189.99454545454546,674,3,2,1,321,Need Attention,0,3215.761426824297
11807,98,11,5892.93,158,2024-01-20 21:25:24,2025-09-25 08:32:30,United Kingdom,535.7209090909091,613,1,2,5,125,Hibernating,0,3215.761426824297
11808,14,11,3209.43,118,2024-01-28 16:42:18,2025-12-18 06:15:15,United Kingdom,291.7663636363636,689,3,2,3,323,Need Attention,0,3215.761426824297
11809,1,11,2053.87,111,2024-01-06 15:10:55,2025-12-31 09:17:02,Germany,186.71545454545455,724,5,2,1,521,New / Promising,0,3215.761426824297
11810,20,11,2729.09,105,2024-01-05 18:21:01,2025-12-12 10:48:44,United Kingdom,248.09909090909093,706,3,2,2,322,Need Attention,0,3215.761426824297
11811,57,11,3498.58,118,2024-01-02 20:12:27,2025-11-05 20:01:56,United Kingdom,318.0527272727273,672,1,2,4,124,Hibernating,0,3215.761426824297
11812,37,11,2801.41,120,2024-02-27 16:38:31,2025-11-25 07:09:45,United Kingdom,254.67363636363635,636,2,2,2,222,Hibernating,0,3215.761426824297
11813,3,11,3522.36,116,2024-02-15 13:53:12,2025-12-29 07:07:39,Netherlands,320.2145454545455,682,5,2,4,524,New / Promising,0,3215.761426824297
11814,2,11,3580.18,122,2024-01-10 13:30:09,2025-12-30 01:23:13,United Kingdom,325.47090909090906,719,5,2,4,524,New / Promising,0,3215.761426824297
11815,64,11,4240.74,140,2024-02-06 08:52:24,2025-10-29 10:19:02,United Kingdom,385.52181818181816,631,1,2,5,125,Hibernating,0,3215.761426824297
11816,10,11,3240.87,126,2024-01-11 14:47:12,2025-12-22 15:57:35,United Kingdom,294.62454545454545,711,4,2,4,424,New / Promising,0,3215.761426824297
11817,28,11,3889.84,132,2024-01-27 17:39:10,2025-12-04 15:52:32,United Kingdom,353.6218181818182,676,2,2,5,225,Hibernating,0,3215.761426824297
11818,27,11,3125.0699999999997,104,2024-01-13 16:36:55,2025-12-05 21:41:39,United Kingdom,284.0972727272727,692,2,2,3,223,Hibernating,0,3215.761426824297
11819,7,11,1985.39,90,2024-01-24 05:45:58,2025-12-25 09:28:44,United Kingdom,180.49,701,4,2,1,421,New / Promising,0,3215.761426824297
11820,5,11,2364.67,103,2024-01-15 09:25:56,2025-12-27 12:19:10,United Kingdom,214.97,712,5,2,1,521,New / Promising,0,3215.761426824297
11821,4,11,3666.36,117,2024-01-12 03:45:24,2025-12-28 02:13:39,United Kingdom,333.30545454545455,715,5,2,4,524,New / Promising,0,3215.761426824297
11822,7,11,3147.97,115,2024-01-25 08:04:16,2025-12-25 23:18:55,United Kingdom,286.1790909090909,700,4,2,3,423,New / Promising,0,3215.761426824297
11823,71,11,2517.9700000000003,101,2024-01-27 01:45:11,2025-10-22 12:39:53,United Kingdom,228.90636363636366,634,1,2,2,122,Hibernating,0,3215.761426824297
11824,22,11,6123.67,175,2024-01-01 06:56:07,2025-12-10 07:23:08,United Kingdom,556.6972727272728,709,3,2,5,325,Need Attention,0,3215.761426824297
11825,73,11,3087.66,114,2024-01-10 18:10:29,2025-10-20 11:14:12,United Kingdom,280.6963636363636,648,1,2,3,123,Hibernating,0,3215.761426824297
11826,19,11,2579.14,110,2024-01-01 05:25:21,2025-12-13 01:30:57,United Kingdom,234.46727272727273,711,3,2,2,322,Need Attention,0,3215.761426824297
11827,12,11,3090.15,133,2024-01-05 03:36:31,2025-12-20 07:27:07,United Kingdom,280.9227272727273,715,4,2,3,423,New / Promising,0,3215.761426824297
11828,39,11,2778.04,107,2024-01-21 11:15:50,2025-11-23 04:48:21,United Kingdom,252.5490909090909,671,1,2,2,122,Hibernating,0,3215.761426824297
11829,4,11,2698.72,111,2024-01-11 03:01:18,2025-12-28 00:00:43,United Kingdom,245.3381818181818,716,5,2,2,522,New / Promising,0,3215.761426824297
11830,20,11,3489.87,128,2024-01-11 07:55:23,2025-12-12 05:44:43,United Kingdom,317.2609090909091,700,3,2,4,324,Need Attention,0,3215.761426824297
11831,29,11,4429.7699999999995,133,2024-01-12 23:39:40,2025-12-03 17:12:38,United Kingdom,402.7063636363636,690,2,2,5,225,Hibernating,0,3215.761426824297
11832,2,11,3141.2,121,2024-02-15 16:15:04,2025-12-30 19:24:09,United Kingdom,285.56363636363636,684,5,2,3,523,New / Promising,0,3215.761426824297
11833,28,11,2093.32,105,2024-01-12 12:37:42,2025-12-04 05:22:13,United Kingdom,190.3018181818182,691,2,2,1,221,Hibernating,0,3215.761426824297
11834,5,11,2538.86,120,2024-01-27 18:45:57,2025-12-27 11:07:39,United Kingdom,230.80545454545455,699,5,2,2,522,New / Promising,0,3215.761426824297
11835,57,11,2705.38,116,2024-01-22 11:07:32,2025-11-05 18:37:52,United Kingdom,245.9436363636364,653,1,2,2,122,Hibernating,0,3215.761426824297
11836,88,11,2190.86,94,2024-01-23 05:35:02,2025-10-05 13:25:17,United Kingdom,199.16909090909093,621,1,2,1,121,Hibernating,0,3215.761426824297
11837,60,11,2603.55,102,2024-02-23 15:28:58,2025-11-02 17:50:16,United Kingdom,236.68636363636367,618,1,2,2,122,Hibernating,0,3215.761426824297
11838,4,11,2676.77,124,2024-02-04 20:42:50,2025-12-28 11:25:36,United Kingdom,243.34272727272727,692,5,2,2,522,New / Promising,0,3215.761426824297
11839,19,11,3110.9,123,2024-01-15 21:33:08,2025-12-13 13:36:48,United Kingdom,282.8090909090909,697,3,2,3,323,Need Attention,0,3215.761426824297
11840,22,11,3546.11,122,2024-02-07 13:07:53,2025-12-10 02:03:00,United Kingdom,322.37363636363636,671,3,2,4,324,Need Attention,0,3215.761426824297
11841,4,11,2515.08,115,2024-01-04 02:17:03,2025-12-28 21:12:38,United Kingdom,228.64363636363635,724,5,2,2,522,New / Promising,0,3215.761426824297
11842,15,11,4143.2,129,2024-02-25 15:20:15,2025-12-17 17:48:17,United Kingdom,376.6545454545454,661,3,2,5,325,Need Attention,0,3215.761426824297
11843,2,11,2394.35,94,2024-01-30 05:09:55,2025-12-30 18:35:10,United Kingdom,217.6681818181818,700,5,2,1,521,New / Promising,0,3215.761426824297
11844,7,11,3066.43,108,2024-03-04 03:26:22,2025-12-25 16:20:20,United Kingdom,278.7663636363636,661,4,2,3,423,New / Promising,0,3215.761426824297
11845,10,11,2824.93,110,2024-01-02 15:26:11,2025-12-22 21:25:09,United Kingdom,256.8118181818182,720,4,2,3,423,New / Promising,0,3215.761426824297
11846,56,11,3255.62,132,2024-01-15 03:44:12,2025-11-06 21:57:45,United Kingdom,295.9654545454545,661,1,2,4,124,Hibernating,0,3215.761426824297
11847,4,11,3218.83,111,2024-02-02 08:21:13,2025-12-28 13:22:46,United Kingdom,292.6209090909091,695,5,2,4,524,New / Promising,0,3215.761426824297
11848,51,11,3647.29,126,2024-01-03 16:00:13,2025-11-11 14:46:10,United Kingdom,331.5718181818182,677,1,2,4,124,Hibernating,0,3215.761426824297
11849,10,11,3841.75,143,2024-01-13 17:15:01,2025-12-22 02:39:57,United Kingdom,349.25,708,4,2,4,424,New / Promising,0,3215.761426824297
11850,7,11,3958.49,128,2024-03-20 13:40:00,2025-12-25 01:53:40,United Kingdom,359.8627272727272,644,4,2,5,425,New / Promising,0,3215.761426824297
11851,4,11,3139.02,119,2024-02-20 05:49:31,2025-12-28 10:12:08,United Kingdom,285.36545454545455,677,5,2,3,523,New / Promising,0,3215.761426824297
11852,44,11,3361.8,129,2024-03-12 18:07:07,2025-11-18 20:45:28,United Kingdom,305.6181818181818,616,1,2,4,124,Hibernating,0,3215.761426824297
11853,4,11,2870.14,90,2024-02-22 22:17:07,2025-12-28 02:26:50,United Kingdom,260.9218181818182,674,5,2,3,523,New / Promising,0,3215.761426824297
11854,35,11,2779.52,110,2024-01-31 13:12:29,2025-11-27 18:28:45,United Kingdom,252.68363636363637,666,2,2,2,222,Hibernating,0,3215.761426824297
11855,25,11,4968.41,147,2024-02-25 23:11:01,2025-12-07 16:42:06,United Kingdom,451.6736363636364,650,2,2,5,225,Hibernating,0,3215.761426824297
11856,23,11,3161.15,112,2024-01-06 08:05:39,2025-12-09 20:49:08,United Kingdom,287.3772727272727,703,2,2,3,223,Hibernating,0,3215.761426824297
11857,46,11,2396.78,95,2024-02-21 19:51:24,2025-11-16 14:09:36,United Kingdom,217.88909090909092,633,1,2,1,121,Hibernating,0,3215.761426824297
11858,41,11,4056.13,121,2024-03-01 16:48:39,2025-11-21 22:33:13,United Kingdom,368.7390909090909,630,1,2,5,125,Hibernating,0,3215.761426824297
11859,5,11,1872.1,100,2024-01-12 20:42:08,2025-12-27 10:43:01,United Kingdom,170.1909090909091,714,5,2,1,521,New / Promising,0,3215.761426824297
11860,37,11,3100.73,117,2024-01-08 04:29:39,2025-11-25 08:00:15,United Kingdom,281.88454545454545,687,2,2,3,223,Hibernating,0,3215.761426824297
11861,31,11,3119.87,120,2024-01-21 22:21:06,2025-12-01 05:52:16,United Kingdom,283.62454545454545,679,2,2,3,223,Hibernating,0,3215.761426824297
11862,2,11,2616.9900000000002,120,2024-02-15 21:21:20,2025-12-30 16:31:36,United Kingdom,237.90818181818184,683,5,2,2,522,New / Promising,0,3215.761426824297
11863,9,11,4043.73,147,2024-01-25 22:27:29,2025-12-23 04:41:23,United Kingdom,367.6118181818182,697,4,2,5,425,New / Promising,0,3215.761426824297
11864,7,11,2833.1,118,2024-01-19 08:13:45,2025-12-25 10:41:48,Germany,257.55454545454546,706,4,2,3,423,New / Promising,0,3215.761426824297
11865,18,11,2329.33,114,2024-01-04 17:10:35,2025-12-14 13:29:11,United Kingdom,211.75727272727272,709,3,2,1,321,Need Attention,0,3215.761426824297
11866,24,11,3577.7400000000002,127,2024-02-04 22:18:16,2025-12-08 07:11:59,United Kingdom,325.2490909090909,672,2,2,4,224,Hibernating,0,3215.761426824297
11867,14,11,3775.7,123,2024-01-12 08:20:14,2025-12-18 14:22:49,United Kingdom,343.24545454545455,706,3,2,4,324,Need Attention,0,3215.761426824297
11868,32,11,2913.29,121,2024-01-12 06:09:05,2025-11-30 00:14:12,United Kingdom,264.8445454545454,687,2,2,3,223,Hibernating,0,3215.761426824297
11869,8,11,2651.32,110,2024-01-15 03:00:37,2025-12-24 17:42:49,United Kingdom,241.0290909090909,709,4,2,2,422,New / Promising,0,3215.761426824297
11870,9,11,3309.91,115,2024-01-02 15:31:26,2025-12-23 07:15:00,United Kingdom,300.90090909090907,720,4,2,4,424,New / Promising,0,3215.761426824297
11871,36,11,3945.9,128,2024-01-04 12:58:28,2025-11-26 05:53:48,United Kingdom,358.71818181818185,691,2,2,5,225,Hibernating,0,3215.761426824297
11872,66,11,3017.75,123,2024-01-05 04:51:21,2025-10-27 22:05:19,United Kingdom,274.34090909090907,661,1,2,3,123,Hibernating,0,3215.761426824297
11873,5,11,3325.33,123,2024-01-06 03:18:14,2025-12-27 11:20:00,United Kingdom,302.3027272727273,721,5,2,4,524,New / Promising,0,3215.761426824297
11874,26,11,3929.6099999999997,141,2024-02-14 03:11:19,2025-12-06 15:37:33,United Kingdom,357.2372727272727,661,2,2,5,225,Hibernating,0,3215.761426824297
11875,8,11,2815.0,107,2024-01-06 03:24:22,2025-12-24 18:22:00,United Kingdom,255.9090909090909,718,4,2,2,422,New / Promising,0,3215.761426824297
11876,31,11,3610.54,128,2024-01-12 01:09:26,2025-12-01 22:25:46,United Kingdom,328.2309090909091,689,2,2,4,224,Hibernating,0,3215.761426824297
11877,19,11,3198.14,128,2024-01-15 03:45:34,2025-12-13 03:28:19,United Kingdom,290.74,697,3,2,3,323,Need Attention,0,3215.761426824297
11878,7,11,2416.64,119,2024-02-10 03:00:08,2025-12-25 15:37:41,United Kingdom,219.69454545454545,684,4,2,1,421,New / Promising,0,3215.761426824297
11879,7,11,2286.96,117,2024-02-16 06:09:10,2025-12-25 10:26:49,United Kingdom,207.90545454545455,678,4,2,1,421,New / Promising,0,3215.761426824297
11880,2,11,4763.4800000000005,135,2024-03-07 05:49:00,2025-12-30 17:29:40,United Kingdom,433.0436363636364,663,5,2,5,525,New / Promising,0,3215.761426824297
11881,1,11,2487.7799999999997,103,2024-01-13 10:24:09,2025-12-31 13:04:07,United Kingdom,226.16181818181815,718,5,2,2,522,New / Promising,0,3215.761426824297
11882,11,11,3107.8,116,2024-01-15 05:03:33,2025-12-21 08:48:07,United Kingdom,282.52727272727276,706,4,2,3,423,New / Promising,0,3215.761426824297
11883,27,11,3991.6800000000003,130,2024-01-02 18:15:54,2025-12-05 19:37:01,United Kingdom,362.88000000000005,703,2,2,5,225,Hibernating,0,3215.761426824297
11884,23,11,2319.53,102,2024-03-28 03:58:20,2025-12-09 22:10:04,United Kingdom,210.86636363636364,621,2,2,1,221,Hibernating,0,3215.761426824297
11885,24,11,3268.5299999999997,131,2024-01-03 13:41:10,2025-12-08 09:36:23,United Kingdom,297.1390909090909,704,2,2,4,224,Hibernating,0,3215.761426824297
11886,38,11,2506.02,104,2024-01-12 16:30:08,2025-11-24 03:59:16,United Kingdom,227.82,681,2,2,2,222,Hibernating,0,3215.761426824297
11887,90,11,2912.27,115,2024-01-11 06:41:06,2025-10-03 17:28:42,United Kingdom,264.7518181818182,631,1,2,3,123,Hibernating,0,3215.761426824297
11888,42,11,1674.58,98,2024-01-05 06:02:47,2025-11-20 05:18:09,United Kingdom,152.23454545454544,684,1,2,1,121,Hibernating,0,3215.761426824297
11889,30,11,3049.03,110,2024-01-05 21:06:27,2025-12-02 05:55:10,United Kingdom,277.18454545454546,696,2,2,3,223,Hibernating,0,3215.761426824297
11890,2,11,3837.87,125,2024-01-06 19:23:35,2025-12-30 05:14:30,United Kingdom,348.8972727272727,723,5,2,4,524,New / Promising,0,3215.761426824297
11891,2,11,2913.9900000000002,113,2024-01-06 12:19:17,2025-12-30 09:26:56,United Kingdom,264.90818181818184,723,5,2,3,523,New / Promising,0,3215.761426824297
11892,36,11,2535.79,104,2024-01-24 12:24:44,2025-11-26 16:33:59,United Kingdom,230.52636363636364,672,2,2,2,222,Hibernating,0,3215.761426824297
11893,45,11,3784.65,136,2024-01-16 06:42:48,2025-11-17 21:14:35,United Kingdom,344.0590909090909,671,1,2,4,124,Hibernating,0,3215.761426824297
11894,1,11,3286.03,115,2024-01-11 02:38:27,2025-12-31 08:59:45,United Kingdom,298.73,720,5,2,4,524,New / Promising,0,3215.761426824297
11895,28,11,4391.48,147,2024-01-15 16:43:27,2025-12-04 04:25:12,United Kingdom,399.2254545454545,688,2,2,5,225,Hibernating,0,3215.761426824297
11896,3,11,3645.73,139,2024-01-08 21:19:55,2025-12-29 04:38:49,United Kingdom,331.43,720,5,2,4,524,New / Promising,0,3215.761426824297
11897,11,11,3729.17,130,2024-01-29 04:53:14,2025-12-21 04:02:50,United Kingdom,339.01545454545453,691,4,2,4,424,New / Promising,0,3215.761426824297
11898,2,11,2173.2,114,2024-02-04 10:38:41,2025-12-30 08:02:32,United Kingdom,197.56363636363633,694,5,2,1,521,New / Promising,0,3215.761426824297
11899,4,11,2967.38,122,2024-01-06 11:36:03,2025-12-28 02:20:48,United Kingdom,269.76181818181817,721,5,2,3,523,New / Promising,0,3215.761426824297
11900,19,11,3148.04,103,2024-01-08 12:59:27,2025-12-13 16:11:43,United Kingdom,286.18545454545455,705,3,2,3,323,Need Attention,0,3215.761426824297
11901,12,11,2240.66,98,2024-01-25 11:22:35,2025-12-20 02:59:39,United Kingdom,203.69636363636363,694,4,2,1,421,New / Promising,0,3215.761426824297
11902,21,11,2717.24,107,2024-01-04 20:32:05,2025-12-11 10:38:06,United Kingdom,247.02181818181816,706,3,2,2,322,Need Attention,0,3215.761426824297
11903,2,11,4285.01,146,2024-01-30 12:54:18,2025-12-30 18:18:36,United Kingdom,389.54636363636365,700,5,2,5,525,New / Promising,0,3215.761426824297
11904,27,11,4193.44,129,2024-01-11 04:36:29,2025-12-05 03:26:26,United Kingdom,381.22181818181815,693,2,2,5,225,Hibernating,0,3215.761426824297
11905,44,11,2840.2599999999998,111,2024-01-10 11:04:13,2025-11-18 06:09:15,United Kingdom,258.20545454545453,677,1,2,3,123,Hibernating,0,3215.761426824297
11906,47,11,2510.01,120,2024-01-04 11:49:22,2025-11-15 01:22:59,United Kingdom,228.1827272727273,680,1,2,2,122,Hibernating,0,3215.761426824297
11907,41,11,2811.78,121,2024-03-07 22:48:50,2025-11-21 10:29:43,United Kingdom,255.61636363636364,623,1,2,2,122,Hibernating,0,3215.761426824297
11908,2,11,2841.2599999999998,109,2024-03-13 07:28:28,2025-12-30 14:49:18,United Kingdom,258.2963636363636,657,5,2,3,523,New / Promising,0,3215.761426824297
11909,11,11,2668.76,122,2024-03-11 21:11:25,2025-12-21 06:10:44,United Kingdom,242.61454545454546,649,4,2,2,422,New / Promising,0,3215.761426824297
11910,50,11,2964.03,128,2024-01-05 22:10:24,2025-11-12 12:31:47,United Kingdom,269.45727272727277,676,1,2,3,123,Hibernating,0,3215.761426824297
11911,1,11,3232.31,123,2024-01-23 03:41:22,2025-12-31 23:14:25,United Kingdom,293.8463636363636,708,5,2,4,524,New / Promising,0,3215.761426824297
11912,8,11,2797.16,112,2024-02-07 17:08:10,2025-12-24 04:39:51,United Kingdom,254.28727272727272,685,4,2,2,422,New / Promising,0,3215.761426824297
11913,30,11,3246.32,127,2024-03-16 17:05:14,2025-12-02 12:02:45,United Kingdom,295.12,625,2,2,4,224,Hibernating,0,3215.761426824297
11914,67,11,2148.03,107,2024-01-18 19:41:48,2025-10-26 13:36:46,United Kingdom,195.27545454545455,646,1,2,1,121,Hibernating,0,3215.761426824297
11915,17,11,2347.41,102,2024-02-24 15:35:00,2025-12-15 06:16:42,United Kingdom,213.40090909090907,659,3,2,1,321,Need Attention,0,3215.761426824297
11916,55,11,1969.45,109,2024-01-14 05:59:54,2025-11-07 22:47:42,United Kingdom,179.04090909090908,663,1,2,1,121,Hibernating,0,3215.761426824297
11917,23,11,2949.4,120,2024-01-06 18:17:40,2025-12-09 01:28:14,United Kingdom,268.1272727272727,702,2,2,3,223,Hibernating,0,3215.761426824297
11918,23,11,3486.58,124,2024-02-24 06:02:04,2025-12-09 04:22:50,Germany,316.96181818181816,653,2,2,4,224,Hibernating,0,3215.761426824297
11919,111,11,2955.85,130,2024-01-21 06:57:49,2025-09-12 15:32:54,United Kingdom,268.71363636363634,600,1,2,3,123,Hibernating,0,3215.761426824297
11920,5,11,2810.29,121,2024-01-14 15:40:47,2025-12-27 06:51:14,Germany,255.48090909090908,712,5,2,2,522,New / Promising,0,3215.761426824297
11921,85,11,2904.49,109,2024-01-04 19:26:42,2025-10-08 17:02:50,United Kingdom,264.0445454545454,642,1,2,3,123,Hibernating,0,3215.761426824297
11922,16,11,2220.95,85,2024-01-11 11:02:15,2025-12-16 07:51:46,United Kingdom,201.90454545454543,704,3,2,1,321,Need Attention,0,3215.761426824297
11923,15,11,2899.23,129,2024-02-01 12:43:17,2025-12-17 17:06:45,United Kingdom,263.56636363636363,685,3,2,3,323,Need Attention,0,3215.761426824297
11924,17,11,3120.08,116,2024-02-02 09:11:06,2025-12-15 13:44:32,United Kingdom,283.64363636363635,682,3,2,3,323,Need Attention,0,3215.761426824297
11925,13,11,3068.42,116,2024-01-06 12:42:27,2025-12-19 16:08:26,United Kingdom,278.9472727272727,713,3,2,3,323,Need Attention,0,3215.761426824297
11926,23,11,4434.97,144,2024-02-29 04:41:36,2025-12-09 09:55:08,United Kingdom,403.1790909090909,649,2,2,5,225,Hibernating,0,3215.761426824297
11927,13,11,3575.02,131,2024-01-06 00:47:33,2025-12-19 21:23:25,United Kingdom,325.0018181818182,713,3,2,4,324,Need Attention,0,3215.761426824297
11928,9,11,3217.09,126,2024-03-02 19:29:06,2025-12-23 18:15:10,United Kingdom,292.4627272727273,660,4,2,3,423,New / Promising,0,3215.761426824297
11929,1,11,2096.96,114,2024-04-01 20:51:48,2025-12-31 11:09:04,United Kingdom,190.63272727272727,638,5,2,1,521,New / Promising,0,3215.761426824297
11930,29,11,2820.05,110,2024-01-05 11:56:24,2025-12-03 10:05:37,United Kingdom,256.3681818181818,697,2,2,3,223,Hibernating,0,3215.761426824297
11931,4,11,2192.25,101,2024-02-09 22:47:24,2025-12-28 12:58:22,United Kingdom,199.29545454545453,687,5,2,1,521,New / Promising,0,3215.761426824297
11932,11,11,2741.2,116,2024-01-05 13:23:12,2025-12-21 00:50:58,United Kingdom,249.2,715,4,2,2,422,New / Promising,0,3215.761426824297
11933,7,11,2810.73,107,2024-02-25 14:50:13,2025-12-25 11:51:45,United Kingdom,255.5209090909091,668,4,2,2,422,New / Promising,0,3215.761426824297
11934,39,11,3221.57,125,2024-01-29 14:01:59,2025-11-23 22:22:07,United Kingdom,292.87,664,1,2,4,124,Hibernating,0,3215.761426824297
11935,12,11,2420.56,108,2024-01-20 14:43:39,2025-12-20 06:54:28,United Kingdom,220.05090909090907,699,4,2,1,421,New / Promising,0,3215.761426824297
11936,27,11,7039.99,169,2024-01-05 04:18:43,2025-12-05 02:24:35,United Kingdom,639.9990909090909,699,2,3,5,235,At Risk,0,3215.761426824297
11937,2,11,2926.32,111,2024-01-23 11:47:37,2025-12-30 20:32:36,United Kingdom,266.02909090909094,707,5,3,3,533,Loyal Customers,0,3215.761426824297
11938,59,11,2323.85,112,2024-01-03 06:16:37,2025-11-03 15:22:13,United Kingdom,211.2590909090909,670,1,3,1,131,At Risk,0,3215.761426824297
11939,23,11,7890.22,188,2024-02-24 11:11:54,2025-12-09 02:44:56,United Kingdom,717.2927272727273,653,2,3,5,235,At Risk,0,3215.761426824297
11940,14,11,3185.7799999999997,116,2024-01-05 19:17:55,2025-12-18 00:18:32,United Kingdom,289.6163636363636,712,3,3,3,333,Loyal Customers,0,3215.761426824297
11941,24,11,2817.53,110,2024-01-04 09:47:35,2025-12-08 08:17:04,United Kingdom,256.13909090909095,703,2,3,2,232,At Risk,0,3215.761426824297
11942,87,11,1938.2,101,2024-01-02 14:44:25,2025-10-06 20:09:35,United Kingdom,176.20000000000002,643,1,3,1,131,At Risk,0,3215.761426824297
11943,40,11,3085.9900000000002,121,2024-01-01 19:06:06,2025-11-22 05:09:46,United Kingdom,280.54454545454547,690,1,3,3,133,At Risk,0,3215.761426824297
11944,12,11,2740.7799999999997,112,2024-01-18 08:39:48,2025-12-20 22:20:24,United Kingdom,249.16181818181815,702,4,3,2,432,Loyal Customers,0,3215.761426824297
11945,2,11,2826.66,115,2024-03-06 15:18:10,2025-12-30 19:43:33,United Kingdom,256.9690909090909,664,5,3,3,533,Loyal Customers,0,3215.761426824297
11946,128,11,4132.14,133,2024-02-07 16:17:36,2025-08-26 21:06:27,United Kingdom,375.64909090909094,566,1,3,5,135,At Risk,0,3215.761426824297
11947,22,11,3001.74,112,2024-01-05 17:20:19,2025-12-10 19:05:04,United Kingdom,272.88545454545454,705,3,3,3,333,Loyal Customers,0,3215.761426824297
11948,28,11,2167.92,92,2024-03-19 06:28:28,2025-12-04 05:06:50,United Kingdom,197.08363636363637,624,2,3,1,231,At Risk,0,3215.761426824297
11949,26,11,3139.81,121,2024-01-06 18:01:09,2025-12-06 03:52:22,United Kingdom,285.4372727272727,699,2,3,3,233,At Risk,0,3215.761426824297
11950,87,11,4739.95,116,2024-01-07 21:03:58,2025-10-06 21:08:44,United Kingdom,430.9045454545454,638,1,3,5,135,At Risk,0,3215.761426824297
11951,7,11,3158.36,123,2024-01-14 16:48:29,2025-12-25 22:59:49,United Kingdom,287.12363636363636,711,4,3,3,433,Loyal Customers,0,3215.761426824297
11952,5,11,3421.18,118,2024-01-29 12:11:11,2025-12-27 01:31:01,United Kingdom,311.0163636363636,697,5,3,4,534,Loyal Customers,0,3215.761426824297
11953,9,11,4827.2300000000005,152,2024-04-06 17:04:38,2025-12-23 13:37:41,United Kingdom,438.83909090909094,625,4,3,5,435,Loyal Customers,0,3215.761426824297
11954,21,11,2836.45,103,2024-01-04 14:36:38,2025-12-11 23:19:30,United Kingdom,257.85909090909087,707,3,3,3,333,Loyal Customers,0,3215.761426824297
11955,3,11,3525.57,109,2024-01-04 08:54:34,2025-12-29 06:42:28,United Kingdom,320.50636363636363,724,5,3,4,534,Loyal Customers,0,3215.761426824297
11956,5,11,4168.24,147,2024-02-18 18:38:29,2025-12-27 18:09:25,United Kingdom,378.9309090909091,677,5,3,5,535,Loyal Customers,0,3215.761426824297
11957,2,11,3404.27,131,2024-01-05 06:40:02,2025-12-30 15:44:48,United Kingdom,309.4790909090909,725,5,3,4,534,Loyal Customers,0,3215.761426824297
11958,46,11,3435.77,134,2024-01-22 21:52:50,2025-11-16 21:13:09,United Kingdom,312.34272727272725,663,1,3,4,134,At Risk,0,3215.761426824297
11959,6,11,2663.21,98,2024-02-10 13:00:44,2025-12-26 00:55:25,United Kingdom,242.11,684,5,3,2,532,Loyal Customers,0,3215.761426824297
11960,9,11,3737.58,136,2024-01-13 04:39:47,2025-12-23 13:48:46,United Kingdom,339.78,710,4,3,4,434,Loyal Customers,0,3215.761426824297
11961,30,11,2282.77,114,2024-01-13 19:42:09,2025-12-02 12:45:09,United Kingdom,207.52454545454546,688,2,3,1,231,At Risk,0,3215.761426824297
11962,6,11,2895.58,120,2024-03-20 11:18:58,2025-12-26 08:09:13,United Kingdom,263.23454545454547,645,5,3,3,533,Loyal Customers,0,3215.761426824297
11963,4,11,2280.3,108,2024-03-01 02:54:26,2025-12-28 05:13:56,United Kingdom,207.3,667,5,3,1,531,Loyal Customers,0,3215.761426824297
11964,21,11,3869.33,121,2024-01-27 12:24:55,2025-12-11 20:39:40,United Kingdom,351.7572727272727,684,3,3,5,335,Loyal Customers,0,3215.761426824297
11965,2,11,3547.27,121,2024-01-08 06:14:36,2025-12-30 09:18:41,United Kingdom,322.4790909090909,722,5,3,4,534,Loyal Customers,0,3215.761426824297
11966,11,11,2445.33,112,2024-03-25 01:35:57,2025-12-21 23:36:58,United Kingdom,222.30272727272725,636,4,3,1,431,Loyal Customers,0,3215.761426824297
11967,3,11,2745.38,106,2024-01-22 01:15:44,2025-12-29 19:20:06,United Kingdom,249.58,707,5,3,2,532,Loyal Customers,0,3215.761426824297
11968,32,11,2975.71,121,2024-01-06 08:19:38,2025-11-30 00:37:37,United Kingdom,270.5190909090909,693,2,3,3,233,At Risk,0,3215.761426824297
11969,10,11,2206.39,97,2024-03-21 21:36:55,2025-12-22 03:27:45,United Kingdom,200.58090909090907,640,4,3,1,431,Loyal Customers,0,3215.761426824297
11970,7,10,2579.37,121,2024-01-17 08:06:54,2025-12-25 14:46:15,United Kingdom,257.937,708,4,1,2,412,New / Promising,1,3109.399468085106
11971,2,11,2819.37,109,2024-02-25 04:41:01,2025-12-30 09:03:09,United Kingdom,256.30636363636364,674,5,3,3,533,Loyal Customers,0,3215.761426824297
11972,9,11,2957.76,122,2024-04-26 21:33:27,2025-12-23 01:43:41,United Kingdom,268.8872727272728,605,4,3,3,433,Loyal Customers,0,3215.761426824297
11973,15,11,3527.34,126,2024-01-01 04:44:31,2025-12-17 00:50:30,United Kingdom,320.66727272727275,715,3,3,4,334,Loyal Customers,0,3215.761426824297
11974,25,11,2916.23,132,2024-03-25 22:18:37,2025-12-07 20:55:17,United Kingdom,265.1118181818182,621,2,3,3,233,At Risk,0,3215.761426824297
11975,19,11,2906.5299999999997,127,2024-04-16 13:29:00,2025-12-13 10:12:03,United Kingdom,264.22999999999996,605,3,3,3,333,Loyal Customers,0,3215.761426824297
11976,27,11,2735.3399999999997,120,2024-01-17 13:39:44,2025-12-05 20:07:42,United Kingdom,248.6672727272727,688,2,3,2,232,At Risk,0,3215.761426824297
11977,17,11,2553.99,111,2024-01-22 21:25:42,2025-12-15 01:58:53,United Kingdom,232.18090909090907,692,3,3,2,332,Loyal Customers,0,3215.761426824297
11978,10,11,3416.24,115,2024-01-26 10:18:12,2025-12-22 23:15:40,United Kingdom,310.5672727272727,696,4,3,4,434,Loyal Customers,0,3215.761426824297
11979,30,11,3952.46,122,2024-02-27 03:12:28,2025-12-02 13:13:33,United Kingdom,359.31454545454545,644,2,3,5,235,At Risk,0,3215.761426824297
11980,16,11,2663.58,107,2024-01-07 01:54:27,2025-12-16 17:35:19,United Kingdom,242.14363636363635,709,3,3,2,332,Loyal Customers,0,3215.761426824297
11981,81,11,2985.8,113,2024-01-16 08:03:36,2025-10-12 23:23:17,United Kingdom,271.43636363636364,635,1,3,3,133,At Risk,0,3215.761426824297
11982,45,11,3947.89,137,2024-02-23 00:29:27,2025-11-17 12:48:46,United Kingdom,358.8990909090909,633,1,3,5,135,At Risk,0,3215.761426824297
11983,43,11,2558.32,96,2024-01-27 10:44:10,2025-11-19 08:47:48,United Kingdom,232.57454545454547,661,1,3,2,132,At Risk,0,3215.761426824297
11984,35,11,2619.2400000000002,110,2024-01-04 20:16:57,2025-11-27 05:42:33,United Kingdom,238.11272727272728,692,2,3,2,232,At Risk,0,3215.761426824297
11985,43,11,3384.6,123,2024-01-19 23:12:20,2025-11-19 18:04:29,United Kingdom,307.6909090909091,669,1,3,4,134,At Risk,0,3215.761426824297
11986,26,11,4203.42,145,2024-01-04 21:11:54,2025-12-06 20:05:45,United Kingdom,382.1290909090909,701,2,3,5,235,At Risk,0,3215.761426824297
11987,42,11,2368.83,116,2024-01-05 12:09:21,2025-11-20 19:46:27,United Kingdom,215.3481818181818,685,1,3,1,131,At Risk,0,3215.761426824297
11988,10,11,1759.05,82,2024-01-11 01:30:43,2025-12-22 02:59:56,United Kingdom,159.91363636363636,711,4,3,1,431,Loyal Customers,0,3215.761426824297
11989,33,11,3241.92,116,2024-01-14 00:12:03,2025-11-29 06:40:25,United Kingdom,294.72,685,2,3,4,234,At Risk,0,3215.761426824297
11990,59,11,4295.9800000000005,128,2024-01-03 23:21:37,2025-11-03 02:09:19,United Kingdom,390.5436363636364,669,1,3,5,135,At Risk,0,3215.761426824297
11991,6,11,4017.39,116,2024-01-22 12:23:14,2025-12-26 13:11:35,United Kingdom,365.2172727272727,704,5,3,5,535,Loyal Customers,0,3215.761426824297
11992,38,11,3272.16,124,2024-01-26 19:34:56,2025-11-24 05:37:26,United Kingdom,297.4690909090909,667,2,3,4,234,At Risk,0,3215.761426824297
11993,7,11,3149.67,105,2024-01-07 01:01:30,2025-12-25 03:02:05,United Kingdom,286.33363636363634,718,4,3,3,433,Loyal Customers,0,3215.761426824297
11994,2,11,2827.4,122,2024-01-18 14:34:30,2025-12-30 03:23:38,United Kingdom,257.03636363636366,711,5,3,3,533,Loyal Customers,0,3215.761426824297
11995,24,11,2270.05,123,2024-01-23 05:48:35,2025-12-08 06:18:54,United Kingdom,206.36818181818182,685,2,3,1,231,At Risk,0,3215.761426824297
11996,2,11,3055.0,110,2024-01-25 10:21:27,2025-12-30 22:42:27,United Kingdom,277.72727272727275,705,5,3,3,533,Loyal Customers,0,3215.761426824297
11997,54,11,2454.91,114,2024-02-03 22:01:24,2025-11-08 05:24:13,United Kingdom,223.17363636363635,643,1,3,2,132,At Risk,0,3215.761426824297
11998,5,11,2464.58,121,2024-01-22 12:22:49,2025-12-27 20:37:39,United Kingdom,224.05272727272725,705,5,3,2,532,Loyal Customers,0,3215.761426824297
11999,44,11,2604.59,117,2024-01-02 19:25:38,2025-11-18 14:55:22,United Kingdom,236.7809090909091,685,1,3,2,132,At Risk,0,3215.761426824297
12000,17,11,4358.33,139,2024-01-30 01:07:05,2025-12-15 12:56:28,United Kingdom,396.21181818181816,685,3,3,5,335,Loyal Customers,0,3215.761426824297
12001,30,11,3350.46,122,2024-02-24 14:33:21,2025-12-02 11:55:14,United Kingdom,304.5872727272727,646,2,3,4,234,At Risk,0,3215.761426824297
12002,32,11,5956.04,145,2024-03-15 10:43:39,2025-11-30 20:24:34,United Kingdom,541.4581818181819,625,2,3,5,235,At Risk,0,3215.761426824297
12003,22,11,2669.23,120,2024-01-11 21:17:39,2025-12-10 08:32:11,United Kingdom,242.65727272727273,698,3,3,2,332,Loyal Customers,0,3215.761426824297
12004,10,11,2934.73,124,2024-01-23 16:57:20,2025-12-22 16:05:22,United Kingdom,266.7936363636364,698,4,3,3,433,Loyal Customers,0,3215.761426824297
12005,34,11,2463.06,108,2024-01-10 03:58:54,2025-11-28 14:57:59,United Kingdom,223.91454545454545,688,2,3,2,232,At Risk,0,3215.761426824297
12006,22,11,2423.81,110,2024-02-29 15:06:05,2025-12-10 02:06:21,United Kingdom,220.34636363636363,649,3,3,1,331,Loyal Customers,0,3215.761426824297
12007,14,11,3030.02,123,2024-01-09 09:38:31,2025-12-18 21:11:33,United Kingdom,275.4563636363636,709,3,3,3,333,Loyal Customers,0,3215.761426824297
12008,12,11,2244.39,115,2024-02-18 16:47:57,2025-12-20 16:03:05,United Kingdom,204.03545454545454,670,4,3,1,431,Loyal Customers,0,3215.761426824297
12009,11,11,3554.68,111,2024-02-20 23:55:57,2025-12-21 09:10:38,United Kingdom,323.15272727272725,669,4,3,4,434,Loyal Customers,0,3215.761426824297
12010,37,11,4220.7,135,2024-01-01 13:32:48,2025-11-25 13:31:12,United Kingdom,383.7,693,2,3,5,235,At Risk,0,3215.761426824297
12011,44,11,3255.85,121,2024-01-08 02:21:51,2025-11-18 09:21:13,United Kingdom,295.98636363636365,680,1,3,4,134,At Risk,0,3215.761426824297
12012,63,11,4213.03,125,2024-01-20 16:43:19,2025-10-30 00:26:29,United Kingdom,383.00272727272727,648,1,3,5,135,At Risk,0,3215.761426824297
12013,19,11,3510.95,122,2024-01-04 20:59:10,2025-12-13 00:32:21,United Kingdom,319.17727272727274,708,3,3,4,334,Loyal Customers,0,3215.761426824297
12014,18,11,3034.5299999999997,118,2024-01-14 05:29:53,2025-12-14 18:21:47,United Kingdom,275.8663636363636,700,3,3,3,333,Loyal Customers,0,3215.761426824297
12015,1,11,2755.11,122,2024-02-16 06:36:55,2025-12-31 11:25:39,United Kingdom,250.46454545454546,684,5,3,2,532,Loyal Customers,0,3215.761426824297
12016,15,11,3885.71,129,2024-01-14 20:36:46,2025-12-17 09:04:32,United Kingdom,353.24636363636364,702,3,3,5,335,Loyal Customers,0,3215.761426824297
12017,16,11,2585.27,118,2024-01-14 02:58:51,2025-12-16 19:10:34,United Kingdom,235.02454545454546,702,3,3,2,332,Loyal Customers,0,3215.761426824297
12018,11,11,2446.2799999999997,120,2024-01-01 11:14:54,2025-12-21 05:43:01,United Kingdom,222.3890909090909,719,4,3,1,431,Loyal Customers,0,3215.761426824297
12019,56,11,3187.99,112,2024-03-03 01:36:42,2025-11-06 02:23:43,United Kingdom,289.8172727272727,613,1,3,3,133,At Risk,0,3215.761426824297
12020,22,11,2948.88,119,2024-01-12 16:24:20,2025-12-10 01:05:43,United Kingdom,268.08,697,3,3,3,333,Loyal Customers,0,3215.761426824297
12021,7,11,1627.86,97,2024-01-09 03:28:57,2025-12-25 05:57:57,United Kingdom,147.9872727272727,716,4,3,1,431,Loyal Customers,0,3215.761426824297
12022,7,11,2209.23,92,2024-01-06 16:54:35,2025-12-25 06:01:43,United Kingdom,200.8390909090909,718,4,3,1,431,Loyal Customers,0,3215.761426824297
12023,14,11,2757.75,132,2024-03-16 14:55:50,2025-12-18 18:22:12,United Kingdom,250.70454545454547,642,3,3,2,332,Loyal Customers,0,3215.761426824297
12024,12,11,3659.47,125,2024-02-05 22:30:18,2025-12-20 18:10:52,United Kingdom,332.6790909090909,683,4,3,4,434,Loyal Customers,0,3215.761426824297
12025,50,11,3664.44,120,2024-02-05 15:58:29,2025-11-12 16:41:42,United Kingdom,333.1309090909091,646,1,3,4,134,At Risk,0,3215.761426824297
12026,10,11,4217.75,145,2024-01-01 15:06:52,2025-12-22 00:25:35,United Kingdom,383.4318181818182,720,4,3,5,435,Loyal Customers,0,3215.761426824297
12027,22,11,2465.77,113,2024-02-16 10:15:54,2025-12-10 00:40:24,United Kingdom,224.1609090909091,662,3,3,2,332,Loyal Customers,0,3215.761426824297
12028,47,11,2061.45,93,2024-02-19 10:26:59,2025-11-15 01:47:56,United Kingdom,187.40454545454543,634,1,3,1,131,At Risk,0,3215.761426824297
12029,38,11,5599.39,150,2024-02-11 22:42:01,2025-11-24 07:31:24,United Kingdom,509.03545454545457,651,2,3,5,235,At Risk,0,3215.761426824297
12030,61,11,2798.7599999999998,121,2024-02-13 07:43:23,2025-11-01 01:23:13,United Kingdom,254.43272727272725,626,1,3,2,132,At Risk,0,3215.761426824297
12031,58,11,3354.94,132,2024-01-02 11:23:03,2025-11-04 13:02:33,United Kingdom,304.99454545454546,672,1,3,4,134,At Risk,0,3215.761426824297
12032,7,11,4008.17,132,2024-01-08 20:05:55,2025-12-25 21:07:53,United Kingdom,364.3790909090909,717,4,3,5,435,Loyal Customers,0,3215.761426824297
12033,4,11,3059.09,118,2024-02-04 08:10:41,2025-12-28 21:56:24,United Kingdom,278.09909090909093,693,5,3,3,533,Loyal Customers,0,3215.761426824297
12034,54,11,3535.07,128,2024-01-17 14:30:00,2025-11-08 20:25:00,United Kingdom,321.37,661,1,3,4,134,At Risk,0,3215.761426824297
12035,10,11,2630.45,105,2024-01-02 12:50:57,2025-12-22 18:38:58,United Kingdom,239.13181818181818,720,4,3,2,432,Loyal Customers,0,3215.761426824297
12036,40,11,2088.2200000000003,92,2024-01-09 13:52:35,2025-11-22 07:37:48,United Kingdom,189.83818181818185,682,1,3,1,131,At Risk,0,3215.761426824297
12037,17,11,2508.6,110,2024-01-26 21:53:39,2025-12-15 14:03:06,United Kingdom,228.05454545454543,688,3,3,2,332,Loyal Customers,0,3215.761426824297
12038,49,11,4596.55,152,2024-01-21 17:15:13,2025-11-13 23:47:18,United Kingdom,417.8681818181818,662,1,3,5,135,At Risk,0,3215.761426824297
12039,1,11,3145.4,109,2024-01-10 03:54:21,2025-12-31 03:38:33,United Kingdom,285.94545454545454,720,5,3,3,533,Loyal Customers,0,3215.761426824297
12040,7,11,2634.95,108,2024-01-07 16:35:14,2025-12-25 09:04:35,United Kingdom,239.54090909090908,717,4,3,2,432,Loyal Customers,0,3215.761426824297
12041,20,11,1903.6799999999998,99,2024-01-22 16:23:20,2025-12-12 11:45:12,United Kingdom,173.06181818181815,689,3,3,1,331,Loyal Customers,0,3215.761426824297
12042,13,11,4334.01,132,2024-02-10 09:50:59,2025-12-19 14:03:49,United Kingdom,394.0009090909091,678,3,3,5,335,Loyal Customers,0,3215.761426824297
12043,16,11,2218.92,100,2024-05-03 11:05:15,2025-12-16 04:39:31,United Kingdom,201.72,591,3,3,1,331,Loyal Customers,0,3215.761426824297
12044,32,11,2400.18,120,2024-02-20 14:55:55,2025-11-30 15:13:00,United Kingdom,218.1981818181818,649,2,3,1,231,At Risk,0,3215.761426824297
12045,8,11,2093.49,107,2024-01-23 15:14:27,2025-12-24 15:55:58,United Kingdom,190.3172727272727,701,4,3,1,431,Loyal Customers,0,3215.761426824297
12046,19,11,4181.33,123,2024-01-20 08:45:39,2025-12-13 02:45:18,United Kingdom,380.1209090909091,692,3,3,5,335,Loyal Customers,0,3215.761426824297
12047,30,11,4360.05,113,2024-01-02 05:31:09,2025-12-02 18:44:30,United Kingdom,396.3681818181818,700,2,3,5,235,At Risk,0,3215.761426824297
12048,45,11,2402.53,95,2024-03-03 02:37:22,2025-11-17 20:20:32,United Kingdom,218.4118181818182,624,1,3,1,131,At Risk,0,3215.761426824297
12049,6,11,4651.92,137,2024-01-07 19:15:06,2025-12-26 04:50:05,United Kingdom,422.9018181818182,718,5,3,5,535,Loyal Customers,0,3215.761426824297
12050,13,11,3545.35,129,2024-02-13 00:24:23,2025-12-19 03:49:25,United Kingdom,322.30454545454546,675,3,3,4,334,Loyal Customers,0,3215.761426824297
12051,7,11,2239.89,99,2024-01-27 02:01:41,2025-12-25 09:13:27,United Kingdom,203.62636363636364,698,4,3,1,431,Loyal Customers,0,3215.761426824297
12052,36,11,4516.860000000001,145,2024-01-03 18:14:00,2025-11-26 15:12:49,United Kingdom,410.6236363636364,692,2,3,5,235,At Risk,0,3215.761426824297
12053,42,11,2472.77,99,2024-01-14 21:43:36,2025-11-20 14:21:04,United Kingdom,224.7972727272727,675,1,3,2,132,At Risk,0,3215.761426824297
12054,18,11,2499.87,114,2024-01-05 02:28:11,2025-12-14 10:55:48,United Kingdom,227.26090909090908,709,3,3,2,332,Loyal Customers,0,3215.761426824297
12055,20,11,2546.98,115,2024-03-04 19:24:13,2025-12-12 23:38:17,United Kingdom,231.54363636363635,648,3,3,2,332,Loyal Customers,0,3215.761426824297
12056,2,11,2751.74,118,2024-01-09 16:01:24,2025-12-29 23:54:06,United Kingdom,250.1581818181818,720,5,3,2,532,Loyal Customers,0,3215.761426824297
12057,119,11,1864.47,87,2024-01-03 10:01:32,2025-09-04 18:28:42,United Kingdom,169.49727272727273,610,1,3,1,131,At Risk,0,3215.761426824297
12058,88,11,6755.55,158,2024-03-30 09:23:40,2025-10-05 20:46:45,United Kingdom,614.1409090909091,554,1,3,5,135,At Risk,0,3215.761426824297
12059,31,11,2805.3,115,2024-01-05 09:39:02,2025-12-01 19:47:58,United Kingdom,255.02727272727273,696,2,3,2,232,At Risk,0,3215.761426824297
12060,13,11,5324.2,137,2024-01-03 03:55:14,2025-12-19 14:09:13,United Kingdom,484.0181818181818,716,3,3,5,335,Loyal Customers,0,3215.761426824297
12061,32,11,2393.94,99,2024-01-13 09:49:36,2025-11-30 23:32:54,United Kingdom,217.63090909090909,687,2,3,1,231,At Risk,0,3215.761426824297
12062,22,11,2946.99,112,2024-01-02 17:06:31,2025-12-10 15:02:54,United Kingdom,267.9081818181818,707,3,3,3,333,Loyal Customers,0,3215.761426824297
12063,19,11,3861.02,124,2024-01-04 06:09:47,2025-12-13 04:24:50,United Kingdom,351.0018181818182,708,3,3,5,335,Loyal Customers,0,3215.761426824297
12064,13,11,4498.23,145,2024-01-03 10:06:23,2025-12-19 01:49:06,United Kingdom,408.92999999999995,715,3,3,5,335,Loyal Customers,0,3215.761426824297
12065,17,11,2462.8,108,2024-01-22 02:26:52,2025-12-15 17:25:54,United Kingdom,223.8909090909091,693,3,3,2,332,Loyal Customers,0,3215.761426824297
12066,14,11,2506.21,98,2024-01-10 14:56:22,2025-12-18 06:22:58,United Kingdom,227.83727272727273,707,3,3,2,332,Loyal Customers,0,3215.761426824297
12067,57,11,3594.1,105,2024-01-13 00:01:41,2025-11-05 21:59:34,United Kingdom,326.73636363636365,662,1,3,4,134,At Risk,0,3215.761426824297
12068,12,11,2661.24,126,2024-01-16 15:17:46,2025-12-20 20:43:18,United Kingdom,241.93090909090907,704,4,3,2,432,Loyal Customers,0,3215.761426824297
12069,45,11,4957.1,128,2024-01-02 15:02:40,2025-11-17 05:14:25,United Kingdom,450.6454545454546,684,1,3,5,135,At Risk,0,3215.761426824297
12070,22,11,3885.53,131,2024-01-05 10:01:46,2025-12-10 08:04:22,United Kingdom,353.23,704,3,3,5,335,Loyal Customers,0,3215.761426824297
12071,36,11,2726.74,115,2024-04-19 00:37:35,2025-11-26 17:31:07,United Kingdom,247.88545454545454,586,2,3,2,232,At Risk,0,3215.761426824297
12072,16,11,2348.5899999999997,112,2024-02-06 21:47:50,2025-12-16 19:33:27,United Kingdom,213.50818181818178,678,3,3,1,331,Loyal Customers,0,3215.761426824297
12073,11,11,3576.71,131,2024-01-01 07:16:45,2025-12-21 09:29:53,United Kingdom,325.1554545454546,720,4,3,4,434,Loyal Customers,0,3215.761426824297
12074,9,11,2254.49,93,2024-01-10 20:14:50,2025-12-23 02:22:21,United Kingdom,204.95363636363635,712,4,3,1,431,Loyal Customers,0,3215.761426824297
12075,8,11,3190.07,127,2024-01-23 20:05:13,2025-12-24 18:02:45,United Kingdom,290.00636363636363,700,4,3,3,433,Loyal Customers,0,3215.761426824297
12076,32,11,7219.53,159,2024-01-23 07:09:04,2025-11-30 22:00:46,United Kingdom,656.320909090909,677,2,3,5,235,At Risk,0,3215.761426824297
12077,2,11,4272.889999999999,110,2024-03-17 06:52:16,2025-12-30 00:56:25,United Kingdom,388.4445454545454,652,5,3,5,535,Loyal Customers,0,3215.761426824297
12078,4,11,2682.54,124,2024-02-26 18:49:35,2025-12-28 00:39:24,United Kingdom,243.86727272727273,670,5,3,2,532,Loyal Customers,0,3215.761426824297
12079,69,11,6227.83,169,2024-01-12 07:55:02,2025-10-24 03:57:30,United Kingdom,566.1663636363636,650,1,3,5,135,At Risk,0,3215.761426824297
12080,11,11,4107.43,130,2024-01-17 07:51:53,2025-12-21 18:02:50,United Kingdom,373.4027272727273,704,4,3,5,435,Loyal Customers,0,3215.761426824297
12081,21,11,2153.67,105,2024-01-01 13:55:21,2025-12-11 22:54:51,United Kingdom,195.7881818181818,710,3,3,1,331,Loyal Customers,0,3215.761426824297
12082,67,11,2208.44,103,2024-01-17 07:53:48,2025-10-26 10:13:32,United Kingdom,200.76727272727274,648,1,3,1,131,At Risk,0,3215.761426824297
12083,20,11,2763.16,115,2024-01-23 08:41:01,2025-12-12 10:12:18,United Kingdom,251.19636363636363,689,3,3,2,332,Loyal Customers,0,3215.761426824297
12084,33,11,3809.3,125,2024-01-05 06:19:23,2025-11-29 06:52:11,United Kingdom,346.3,694,2,3,4,234,At Risk,0,3215.761426824297
12085,9,11,2458.02,111,2024-01-14 16:40:47,2025-12-23 17:43:13,United Kingdom,223.45636363636365,709,4,3,2,432,Loyal Customers,0,3215.761426824297
12086,6,11,5864.84,140,2024-01-12 19:18:38,2025-12-26 06:53:43,United Kingdom,533.1672727272727,713,5,3,5,535,Loyal Customers,0,3215.761426824297
12087,15,11,2838.7,127,2024-01-07 23:24:52,2025-12-17 06:30:09,United Kingdom,258.06363636363636,709,3,3,3,333,Loyal Customers,0,3215.761426824297
12088,17,11,5719.16,145,2024-01-23 02:32:13,2025-12-15 17:28:12,United Kingdom,519.9236363636363,692,3,3,5,335,Loyal Customers,0,3215.761426824297
12089,33,11,3445.63,107,2024-01-14 05:32:07,2025-11-29 05:50:48,United Kingdom,313.2390909090909,685,2,3,4,234,At Risk,0,3215.761426824297
12090,68,11,3337.74,124,2024-02-05 11:17:07,2025-10-25 23:45:21,United Kingdom,303.4309090909091,628,1,3,4,134,At Risk,0,3215.761426824297
12091,13,11,2902.08,108,2024-01-09 11:35:09,2025-12-19 07:22:09,United Kingdom,263.82545454545453,709,3,3,3,333,Loyal Customers,0,3215.761426824297
12092,13,11,3464.7200000000003,119,2024-01-07 11:20:20,2025-12-19 05:11:31,United Kingdom,314.9745454545455,711,3,3,4,334,Loyal Customers,0,3215.761426824297
12093,6,11,4337.36,134,2024-01-31 05:18:29,2025-12-26 12:00:24,United Kingdom,394.3054545454545,695,5,3,5,535,Loyal Customers,0,3215.761426824297
12094,56,11,5884.98,139,2024-01-19 15:47:08,2025-11-06 17:53:17,United Kingdom,534.9981818181818,657,1,3,5,135,At Risk,0,3215.761426824297
12095,6,11,5643.3,159,2024-01-21 21:02:37,2025-12-26 09:34:05,United Kingdom,513.0272727272727,704,4,3,5,435,Loyal Customers,0,3215.761426824297
12096,10,11,11309.1,212,2024-01-30 06:49:35,2025-12-22 19:57:57,United Kingdom,1028.1000000000001,692,4,3,5,435,Loyal Customers,0,3215.761426824297
12097,19,11,2530.73,93,2024-01-14 20:13:32,2025-12-13 21:57:52,United Kingdom,230.06636363636363,699,3,3,2,332,Loyal Customers,0,3215.761426824297
12098,51,11,3088.4300000000003,130,2024-02-01 21:02:33,2025-11-11 07:21:37,United Kingdom,280.7663636363637,648,1,3,3,133,At Risk,0,3215.761426824297
12099,52,11,2502.71,96,2024-01-30 22:19:58,2025-11-10 03:29:24,United Kingdom,227.51909090909092,649,1,3,2,132,At Risk,0,3215.761426824297
12100,108,11,4807.1,136,2024-01-26 06:37:43,2025-09-15 07:15:46,United Kingdom,437.00909090909096,598,1,3,5,135,At Risk,0,3215.761426824297
12101,55,11,2703.46,109,2024-02-12 23:18:32,2025-11-07 19:41:47,United Kingdom,245.76909090909092,633,1,3,2,132,At Risk,0,3215.761426824297
12102,5,11,4088.4,127,2024-01-04 07:02:53,2025-12-27 12:56:49,United Kingdom,371.6727272727273,723,5,3,5,535,Loyal Customers,0,3215.761426824297
12103,29,11,2649.6,117,2024-01-27 20:34:35,2025-12-03 07:27:22,United Kingdom,240.87272727272727,675,2,3,2,232,At Risk,0,3215.761426824297
12104,76,11,2640.33,112,2024-01-08 15:59:17,2025-10-17 12:03:15,United Kingdom,240.03,647,1,3,2,132,At Risk,0,3215.761426824297
12105,10,11,3277.75,119,2024-01-16 15:12:16,2025-12-22 05:23:40,United Kingdom,297.97727272727275,705,4,3,4,434,Loyal Customers,0,3215.761426824297
12106,34,11,2196.6,113,2024-01-14 07:49:39,2025-11-28 12:15:07,United Kingdom,199.6909090909091,684,2,3,1,231,At Risk,0,3215.761426824297
12107,13,11,2119.94,89,2024-01-21 11:46:52,2025-12-19 20:48:28,United Kingdom,192.72181818181818,698,3,3,1,331,Loyal Customers,0,3215.761426824297
12108,31,11,4030.92,132,2024-02-14 14:23:31,2025-12-01 03:12:34,United Kingdom,366.4472727272727,655,2,3,5,235,At Risk,0,3215.761426824297
12109,5,11,3182.98,118,2024-02-13 09:00:37,2025-12-27 23:24:21,United Kingdom,289.3618181818182,683,5,3,3,533,Loyal Customers,0,3215.761426824297
12110,24,11,2462.17,106,2024-01-17 13:33:47,2025-12-08 06:20:18,United Kingdom,223.83363636363637,690,2,3,2,232,At Risk,0,3215.761426824297
12111,38,11,2296.68,105,2024-01-05 04:00:49,2025-11-24 06:17:00,United Kingdom,208.7890909090909,689,2,3,1,231,At Risk,0,3215.761426824297
12112,20,11,5532.57,135,2024-01-04 10:49:43,2025-12-12 12:02:26,United Kingdom,502.96090909090907,708,3,3,5,335,Loyal Customers,0,3215.761426824297
12113,90,11,2538.91,104,2024-01-20 14:41:56,2025-10-03 05:16:29,United Kingdom,230.80999999999997,621,1,3,2,132,At Risk,0,3215.761426824297
12114,17,11,1811.57,100,2024-01-06 03:24:00,2025-12-15 14:53:02,United Kingdom,164.68818181818182,709,3,3,1,331,Loyal Customers,0,3215.761426824297
12115,2,11,4425.72,130,2024-01-07 03:19:23,2025-12-30 09:06:16,United Kingdom,402.33818181818185,723,5,3,5,535,Loyal Customers,0,3215.761426824297
12116,23,11,2988.63,125,2024-01-11 02:20:40,2025-12-09 21:15:09,United Kingdom,271.69363636363636,698,2,3,3,233,At Risk,0,3215.761426824297
12117,36,11,2286.73,96,2024-02-07 17:55:06,2025-11-26 04:21:09,United Kingdom,207.88454545454545,657,2,3,1,231,At Risk,0,3215.761426824297
12118,24,11,2212.24,103,2024-03-29 02:48:24,2025-12-08 03:52:38,United Kingdom,201.11272727272726,619,2,3,1,231,At Risk,0,3215.761426824297
12119,11,11,2534.02,110,2024-02-01 13:57:31,2025-12-21 22:33:15,United Kingdom,230.36545454545455,689,4,3,2,432,Loyal Customers,0,3215.761426824297
12120,11,11,3901.37,139,2024-01-06 00:38:15,2025-12-21 16:18:41,United Kingdom,354.67,715,4,3,5,435,Loyal Customers,0,3215.761426824297
12121,3,11,2432.74,118,2024-01-06 22:06:31,2025-12-29 00:32:30,United Kingdom,221.1581818181818,722,5,3,1,531,Loyal Customers,0,3215.761426824297
12122,26,11,3487.29,117,2024-01-10 23:03:42,2025-12-06 09:24:02,United Kingdom,317.0263636363636,695,2,3,4,234,At Risk,0,3215.761426824297
12123,33,11,3411.5,123,2024-01-15 07:05:29,2025-11-29 05:09:41,United Kingdom,310.1363636363636,683,2,3,4,234,At Risk,0,3215.761426824297
12124,28,11,4518.82,141,2024-02-29 06:12:45,2025-12-04 10:14:33,United Kingdom,410.80181818181813,644,2,3,5,235,At Risk,0,3215.761426824297
12125,11,11,2387.0299999999997,107,2024-01-06 10:42:09,2025-12-21 09:44:00,United Kingdom,217.00272727272724,714,4,3,1,431,Loyal Customers,0,3215.761426824297
12126,6,11,5542.07,140,2024-03-07 02:02:43,2025-12-26 11:26:54,United Kingdom,503.82454545454544,659,4,3,5,435,Loyal Customers,0,3215.761426824297
12127,55,11,3867.16,133,2024-01-14 11:40:06,2025-11-07 23:30:20,United Kingdom,351.56,663,1,3,5,135,At Risk,0,3215.761426824297
12128,13,11,2371.08,107,2024-01-08 04:56:06,2025-12-19 14:48:15,United Kingdom,215.55272727272725,711,3,3,1,331,Loyal Customers,0,3215.761426824297
12129,27,11,2125.04,118,2024-03-17 09:38:11,2025-12-05 05:25:20,United Kingdom,193.18545454545455,627,2,3,1,231,At Risk,0,3215.761426824297
12130,6,11,2237.99,123,2024-01-05 18:01:50,2025-12-26 10:13:34,United Kingdom,203.45363636363635,720,4,3,1,431,Loyal Customers,0,3215.761426824297
12131,22,11,2670.17,109,2024-01-14 20:37:30,2025-12-10 08:28:51,United Kingdom,242.74272727272728,695,3,3,2,332,Loyal Customers,0,3215.761426824297
12132,61,11,2744.67,100,2024-01-18 05:14:36,2025-11-01 19:39:37,United Kingdom,249.51545454545456,653,1,3,2,132,At Risk,0,3215.761426824297
12133,8,11,3631.72,122,2024-01-28 11:37:00,2025-12-24 02:21:50,United Kingdom,330.1563636363636,695,4,3,4,434,Loyal Customers,0,3215.761426824297
12134,56,11,2998.88,121,2024-02-28 23:46:47,2025-11-06 17:16:24,United Kingdom,272.62545454545455,616,1,3,3,133,At Risk,0,3215.761426824297
12135,65,11,5371.09,156,2024-01-30 16:37:24,2025-10-28 13:16:42,United Kingdom,488.2809090909091,636,1,3,5,135,At Risk,0,3215.761426824297
12136,12,11,3524.4,126,2024-01-01 02:52:29,2025-12-20 02:46:30,United Kingdom,320.40000000000003,718,4,3,4,434,Loyal Customers,0,3215.761426824297
12137,3,10,2646.12,110,2024-01-14 13:55:49,2025-12-29 10:25:55,United Kingdom,264.61199999999997,714,5,1,2,512,New / Promising,1,3109.399468085106
12138,1,11,2524.27,125,2024-01-14 17:21:59,2025-12-31 16:40:12,United Kingdom,229.4790909090909,716,5,3,2,532,Loyal Customers,0,3215.761426824297
12139,24,11,3186.25,120,2024-02-05 14:25:13,2025-12-08 00:33:08,United Kingdom,289.65909090909093,671,2,3,3,233,At Risk,0,3215.761426824297
12140,3,11,3270.08,136,2024-01-16 06:44:08,2025-12-29 01:33:43,United Kingdom,297.28,712,5,3,4,534,Loyal Customers,0,3215.761426824297
12141,16,11,2899.56,130,2024-03-18 23:53:48,2025-12-16 05:20:04,United Kingdom,263.5963636363636,637,3,3,3,333,Loyal Customers,0,3215.761426824297
12142,54,11,2816.07,129,2024-01-02 11:35:12,2025-11-08 07:04:27,United Kingdom,256.00636363636363,675,1,3,2,132,At Risk,0,3215.761426824297
12143,4,11,3076.42,114,2024-01-11 11:04:20,2025-12-28 21:49:41,United Kingdom,279.67454545454547,717,5,3,3,533,Loyal Customers,0,3215.761426824297
12144,18,11,3330.78,119,2024-01-03 09:20:33,2025-12-14 18:48:02,United Kingdom,302.79818181818183,711,3,3,4,334,Loyal Customers,0,3215.761426824297
12145,17,11,2394.31,113,2024-01-18 12:04:53,2025-12-15 03:29:29,United Kingdom,217.66454545454545,696,3,3,1,331,Loyal Customers,0,3215.761426824297
12146,4,11,3469.91,116,2024-01-11 04:14:02,2025-12-28 00:45:35,United Kingdom,315.4463636363636,716,5,3,4,534,Loyal Customers,0,3215.761426824297
12147,167,11,2230.82,104,2024-01-10 06:25:31,2025-07-18 10:29:02,United Kingdom,202.8018181818182,555,1,3,1,131,At Risk,0,3215.761426824297
12148,20,11,2456.79,114,2024-01-08 12:37:50,2025-12-12 15:07:18,United Kingdom,223.34454545454545,704,3,3,2,332,Loyal Customers,0,3215.761426824297
12149,52,11,4256.6,129,2024-02-29 00:41:15,2025-11-10 23:28:56,United Kingdom,386.9636363636364,620,1,3,5,135,At Risk,0,3215.761426824297
12150,32,11,3082.59,125,2024-01-03 04:55:04,2025-11-30 18:35:21,United Kingdom,280.23545454545456,697,2,3,3,233,At Risk,0,3215.761426824297
12151,11,11,4859.62,145,2024-03-27 02:43:30,2025-12-21 11:15:05,United Kingdom,441.78363636363633,634,4,3,5,435,Loyal Customers,0,3215.761426824297
12152,10,11,3840.2999999999997,156,2024-02-04 08:30:03,2025-12-22 21:23:15,United Kingdom,349.11818181818177,687,4,3,4,434,Loyal Customers,0,3215.761426824297
12153,61,11,3460.99,119,2024-01-09 17:52:34,2025-11-01 02:59:37,United Kingdom,314.63545454545454,661,1,3,4,134,At Risk,0,3215.761426824297
12154,7,11,3563.92,115,2024-01-19 05:58:34,2025-12-25 16:53:09,United Kingdom,323.9927272727273,706,4,3,4,434,Loyal Customers,0,3215.761426824297
12155,39,11,3109.94,117,2024-02-04 08:39:28,2025-11-23 19:32:03,United Kingdom,282.7218181818182,658,1,3,3,133,At Risk,0,3215.761426824297
12156,4,11,1940.08,101,2024-02-27 16:22:43,2025-12-28 14:56:57,United Kingdom,176.3709090909091,669,5,3,1,531,Loyal Customers,0,3215.761426824297
12157,5,11,2652.44,110,2024-02-19 07:12:12,2025-12-27 08:48:13,United Kingdom,241.13090909090909,677,5,3,2,532,Loyal Customers,0,3215.761426824297
12158,23,11,2516.86,107,2024-02-20 01:23:17,2025-12-09 06:04:21,United Kingdom,228.80545454545455,658,2,3,2,232,At Risk,0,3215.761426824297
12159,6,11,2265.88,95,2024-01-07 15:58:19,2025-12-26 20:08:56,United Kingdom,205.98909090909092,719,4,3,1,431,Loyal Customers,0,3215.761426824297
12160,17,11,3346.0,119,2024-01-15 12:52:00,2025-12-15 05:29:45,United Kingdom,304.1818181818182,699,3,3,4,334,Loyal Customers,0,3215.761426824297
12161,2,11,2688.3,110,2024-01-13 00:45:03,2025-12-30 02:58:27,United Kingdom,244.3909090909091,717,5,3,2,532,Loyal Customers,0,3215.761426824297
12162,1,11,2800.43,111,2024-02-17 07:21:45,2025-12-31 04:55:58,United Kingdom,254.58454545454543,682,5,3,2,532,Loyal Customers,0,3215.761426824297
12163,17,11,2341.9,109,2024-01-03 10:24:47,2025-12-15 09:23:07,United Kingdom,212.9,711,3,3,1,331,Loyal Customers,0,3215.761426824297
12164,6,10,2975.7799999999997,123,2024-03-22 06:36:32,2025-12-26 07:15:51,United Kingdom,297.578,644,4,1,3,413,New / Promising,1,3109.399468085106
12165,20,11,2250.37,112,2024-01-26 04:29:55,2025-12-12 15:54:12,United Kingdom,204.5790909090909,686,3,3,1,331,Loyal Customers,0,3215.761426824297
12166,12,11,3351.15,113,2024-05-02 07:58:24,2025-12-20 00:00:15,United Kingdom,304.65000000000003,596,4,3,4,434,Loyal Customers,0,3215.761426824297
12167,27,11,2576.68,98,2024-01-19 02:19:56,2025-12-05 13:23:49,United Kingdom,234.24363636363634,686,2,3,2,232,At Risk,0,3215.761426824297
12168,30,11,1950.62,94,2024-02-22 15:10:26,2025-12-02 11:41:43,United Kingdom,177.3290909090909,648,2,3,1,231,At Risk,0,3215.761426824297
12169,36,11,3472.82,125,2024-02-04 17:39:32,2025-11-26 22:40:25,United Kingdom,315.7109090909091,661,2,3,4,234,At Risk,0,3215.761426824297
12170,32,11,2874.06,121,2024-01-07 12:41:37,2025-11-30 03:02:34,United Kingdom,261.2781818181818,692,2,3,3,233,At Risk,0,3215.761426824297
12171,5,11,2793.85,117,2024-01-21 16:27:13,2025-12-27 05:03:19,United Kingdom,253.98636363636362,705,5,3,2,532,Loyal Customers,0,3215.761426824297
12172,9,11,2016.98,103,2024-02-07 13:15:39,2025-12-23 22:33:43,United Kingdom,183.3618181818182,685,4,3,1,431,Loyal Customers,0,3215.761426824297
12173,21,11,3243.56,135,2024-02-21 01:55:26,2025-12-11 20:33:04,United Kingdom,294.8690909090909,659,3,3,4,334,Loyal Customers,0,3215.761426824297
12174,1,11,2160.32,104,2024-01-14 08:21:53,2025-12-31 05:15:37,United Kingdom,196.39272727272729,716,5,3,1,531,Loyal Customers,0,3215.761426824297
12175,2,11,2473.56,118,2024-02-11 01:02:48,2025-12-30 14:33:13,United Kingdom,224.86909090909091,688,5,3,2,532,Loyal Customers,0,3215.761426824297
12176,15,11,4450.0199999999995,135,2024-01-08 12:13:18,2025-12-17 18:22:07,United Kingdom,404.5472727272727,709,3,3,5,335,Loyal Customers,0,3215.761426824297
12177,49,11,2881.63,115,2024-01-11 08:35:17,2025-11-13 11:32:12,United Kingdom,261.96636363636367,672,1,3,3,133,At Risk,0,3215.761426824297
12178,17,11,3561.69,127,2024-01-18 00:04:06,2025-12-15 08:27:26,United Kingdom,323.79,697,3,3,4,334,Loyal Customers,0,3215.761426824297
12179,6,10,2529.44,103,2024-02-24 12:56:21,2025-12-26 18:48:26,United Kingdom,252.94400000000002,671,4,1,2,412,New / Promising,1,3109.399468085106
12180,2,11,2062.65,99,2024-01-22 16:48:02,2025-12-30 23:38:31,United Kingdom,187.51363636363638,708,5,3,1,531,Loyal Customers,0,3215.761426824297
12181,23,11,3298.21,121,2024-01-02 19:12:09,2025-12-09 13:41:01,United Kingdom,299.8372727272727,706,2,3,4,234,At Risk,0,3215.761426824297
12182,1,11,2211.57,98,2024-01-09 05:26:48,2025-12-31 13:58:57,United Kingdom,201.0518181818182,722,5,3,1,531,Loyal Customers,0,3215.761426824297
12183,63,11,2270.0,97,2024-02-18 02:10:43,2025-10-30 16:43:12,United Kingdom,206.36363636363637,620,1,3,1,131,At Risk,0,3215.761426824297
12184,116,11,3134.71,109,2024-01-24 21:54:57,2025-09-07 02:42:20,United Kingdom,284.9736363636364,591,1,3,3,133,At Risk,0,3215.761426824297
12185,4,11,2356.5,111,2024-01-16 06:40:26,2025-12-28 13:59:35,United Kingdom,214.22727272727272,712,5,3,1,531,Loyal Customers,0,3215.761426824297
12186,3,11,2701.83,112,2024-02-12 18:46:31,2025-12-29 08:52:37,United Kingdom,245.6209090909091,685,5,3,2,532,Loyal Customers,0,3215.761426824297
12187,1,11,2175.53,108,2024-02-09 12:59:08,2025-12-31 18:28:19,United Kingdom,197.77545454545455,691,5,3,1,531,Loyal Customers,0,3215.761426824297
12188,134,11,3190.0499999999997,118,2024-01-07 10:34:07,2025-08-20 00:41:25,United Kingdom,290.00454545454545,590,1,3,3,133,At Risk,0,3215.761426824297
12189,26,11,3059.4500000000003,106,2024-02-16 08:57:59,2025-12-06 06:12:03,United Kingdom,278.13181818181823,658,2,3,3,233,At Risk,0,3215.761426824297
12190,20,11,2679.1,111,2024-01-15 05:40:22,2025-12-12 21:04:56,United Kingdom,243.55454545454543,697,3,3,2,332,Loyal Customers,0,3215.761426824297
12191,18,11,4191.08,149,2024-02-02 01:11:40,2025-12-14 07:37:25,United Kingdom,381.0072727272727,681,3,3,5,335,Loyal Customers,0,3215.761426824297
12192,19,11,3455.92,123,2024-01-29 14:56:51,2025-12-13 08:39:33,United Kingdom,314.17454545454547,683,3,3,4,334,Loyal Customers,0,3215.761426824297
12193,87,11,2320.78,97,2024-01-27 04:13:57,2025-10-06 06:07:22,United Kingdom,210.98000000000002,618,1,3,1,131,At Risk,0,3215.761426824297
12194,37,11,4047.54,131,2024-01-02 14:22:32,2025-11-25 01:27:56,United Kingdom,367.9581818181818,692,2,3,5,235,At Risk,0,3215.761426824297
12195,11,11,3273.8,126,2024-01-03 23:55:38,2025-12-21 07:48:10,United Kingdom,297.6181818181818,717,4,3,4,434,Loyal Customers,0,3215.761426824297
12196,11,11,3543.93,117,2024-01-15 17:44:52,2025-12-21 02:37:15,United Kingdom,322.17545454545456,705,4,3,4,434,Loyal Customers,0,3215.761426824297
12197,21,11,2877.9900000000002,113,2024-01-01 01:21:38,2025-12-11 21:28:45,United Kingdom,261.6354545454546,710,3,3,3,333,Loyal Customers,0,3215.761426824297
12198,38,11,2414.76,109,2024-01-29 01:04:10,2025-11-24 14:10:47,United Kingdom,219.52363636363637,665,2,3,1,231,At Risk,0,3215.761426824297
12199,8,11,3212.8,119,2024-02-25 19:05:02,2025-12-24 15:40:06,United Kingdom,292.07272727272726,667,4,3,3,433,Loyal Customers,0,3215.761426824297
12200,67,11,2382.87,101,2024-01-02 11:35:14,2025-10-26 00:50:48,United Kingdom,216.62454545454545,662,1,3,1,131,At Risk,0,3215.761426824297
12201,10,11,3190.13,114,2024-02-10 03:54:29,2025-12-22 21:39:35,United Kingdom,290.01181818181817,681,4,3,3,433,Loyal Customers,0,3215.761426824297
12202,6,11,2950.77,129,2024-01-13 05:15:59,2025-12-26 04:34:02,United Kingdom,268.2518181818182,712,4,3,3,433,Loyal Customers,0,3215.761426824297
12203,2,11,3060.95,127,2024-02-13 03:27:03,2025-12-30 20:09:09,United Kingdom,278.2681818181818,686,5,3,3,533,Loyal Customers,0,3215.761426824297
12204,2,11,3321.6099999999997,112,2024-02-14 16:16:51,2025-12-30 06:49:37,United Kingdom,301.96454545454543,684,5,3,4,534,Loyal Customers,0,3215.761426824297
12205,55,11,3549.82,128,2024-01-31 14:40:37,2025-11-07 08:19:12,United Kingdom,322.7109090909091,645,1,3,4,134,At Risk,0,3215.761426824297
12206,2,11,2246.91,99,2024-01-03 04:46:23,2025-12-30 17:24:49,United Kingdom,204.26454545454544,727,5,3,1,531,Loyal Customers,0,3215.761426824297
12207,27,11,2429.73,99,2024-03-08 15:55:29,2025-12-05 02:00:19,United Kingdom,220.88454545454545,636,2,3,1,231,At Risk,0,3215.761426824297
12208,53,11,2105.43,106,2024-01-16 00:56:03,2025-11-09 15:06:30,United Kingdom,191.40272727272725,663,1,3,1,131,At Risk,0,3215.761426824297
12209,50,11,2251.63,103,2024-01-25 11:09:14,2025-11-12 03:40:52,United Kingdom,204.6936363636364,656,1,3,1,131,At Risk,0,3215.761426824297
12210,5,11,3578.56,108,2024-01-23 13:04:07,2025-12-27 07:24:58,United Kingdom,325.32363636363635,703,5,3,4,534,Loyal Customers,0,3215.761426824297
12211,26,11,3148.82,133,2024-01-26 11:36:19,2025-12-06 17:10:12,United Kingdom,286.25636363636363,680,2,3,3,233,At Risk,0,3215.761426824297
12212,25,11,2650.15,110,2024-01-18 07:04:30,2025-12-07 09:50:59,United Kingdom,240.9227272727273,689,2,3,2,232,At Risk,0,3215.761426824297
12213,30,11,3812.2200000000003,133,2024-01-08 21:47:00,2025-12-02 04:44:48,United Kingdom,346.56545454545454,693,2,3,4,234,At Risk,0,3215.761426824297
12214,10,11,5190.7699999999995,139,2024-01-11 18:48:11,2025-12-22 12:46:27,United Kingdom,471.88818181818175,710,4,3,5,435,Loyal Customers,0,3215.761426824297
12215,23,11,3187.79,123,2024-01-01 23:40:34,2025-12-09 08:38:16,United Kingdom,289.7990909090909,707,2,3,3,233,At Risk,0,3215.761426824297
12216,8,11,2871.64,119,2024-03-11 06:33:18,2025-12-24 14:32:19,United Kingdom,261.0581818181818,653,4,3,3,433,Loyal Customers,0,3215.761426824297
12217,61,11,2638.0,118,2024-01-20 09:43:15,2025-11-01 16:48:15,United Kingdom,239.8181818181818,651,1,3,2,132,At Risk,0,3215.761426824297
12218,22,11,2882.47,120,2024-01-15 10:30:21,2025-12-10 06:47:47,United Kingdom,262.04272727272723,694,3,3,3,333,Loyal Customers,0,3215.761426824297
12219,22,11,4219.41,125,2024-02-02 00:30:29,2025-12-10 10:20:41,United Kingdom,383.58272727272725,677,3,3,5,335,Loyal Customers,0,3215.761426824297
12220,17,11,2913.14,124,2024-01-22 05:42:32,2025-12-15 05:47:35,United Kingdom,264.8309090909091,693,3,3,3,333,Loyal Customers,0,3215.761426824297
12221,6,11,2485.63,104,2024-01-16 09:54:31,2025-12-26 07:19:50,United Kingdom,225.96636363636364,709,4,3,2,432,Loyal Customers,0,3215.761426824297
12222,16,11,2223.88,99,2024-01-04 04:37:06,2025-12-16 22:36:57,United Kingdom,202.1709090909091,712,3,3,1,331,Loyal Customers,0,3215.761426824297
12223,3,11,3401.17,114,2024-01-17 03:45:59,2025-12-29 16:32:20,United Kingdom,309.1972727272727,712,5,3,4,534,Loyal Customers,0,3215.761426824297
12224,4,11,4009.83,130,2024-01-07 20:12:16,2025-12-28 02:10:34,United Kingdom,364.53,720,5,3,5,535,Loyal Customers,0,3215.761426824297
12225,5,11,2739.33,118,2024-01-02 05:23:33,2025-12-27 10:31:43,United Kingdom,249.03,725,5,3,2,532,Loyal Customers,0,3215.761426824297
12226,5,11,2932.22,121,2024-01-18 17:54:57,2025-12-27 22:16:14,United Kingdom,266.56545454545454,709,5,3,3,533,Loyal Customers,0,3215.761426824297
12227,5,11,2982.07,130,2024-02-06 16:28:53,2025-12-27 01:13:41,United Kingdom,271.09727272727275,689,5,3,3,533,Loyal Customers,0,3215.761426824297
12228,39,10,2949.96,124,2024-01-16 20:12:22,2025-11-23 04:54:27,United Kingdom,294.996,676,1,1,3,113,Hibernating,1,3109.399468085106
12229,10,11,2836.56,100,2024-01-16 18:51:20,2025-12-22 20:21:07,United Kingdom,257.8690909090909,706,4,3,3,433,Loyal Customers,0,3215.761426824297
12230,58,11,2330.0,103,2024-01-06 06:09:35,2025-11-04 16:13:52,United Kingdom,211.8181818181818,668,1,3,1,131,At Risk,0,3215.761426824297
12231,1,11,2872.41,122,2024-01-11 21:15:53,2025-12-31 22:45:07,United Kingdom,261.1281818181818,720,5,3,3,533,Loyal Customers,0,3215.761426824297
12232,31,11,2071.52,100,2024-03-03 03:58:35,2025-12-01 20:57:03,United Kingdom,188.32,638,2,3,1,231,At Risk,0,3215.761426824297
12233,8,11,2312.04,112,2024-01-09 05:43:37,2025-12-24 21:09:18,United Kingdom,210.18545454545455,715,4,3,1,431,Loyal Customers,0,3215.761426824297
12234,8,11,2674.11,112,2024-03-02 11:57:54,2025-12-24 01:03:50,United Kingdom,243.1009090909091,661,4,3,2,432,Loyal Customers,0,3215.761426824297
12235,2,11,1715.9099999999999,97,2024-02-13 05:53:33,2025-12-30 10:44:08,United Kingdom,155.99181818181816,686,5,3,1,531,Loyal Customers,0,3215.761426824297
12236,9,11,1846.84,100,2024-01-14 01:01:55,2025-12-23 09:39:38,United Kingdom,167.89454545454544,709,4,3,1,431,Loyal Customers,0,3215.761426824297
12237,26,11,3808.9700000000003,126,2024-01-04 10:47:28,2025-12-06 20:29:59,United Kingdom,346.27000000000004,702,2,3,4,234,At Risk,0,3215.761426824297
12238,8,11,4192.02,134,2024-02-13 13:02:36,2025-12-24 18:10:15,United Kingdom,381.0927272727273,680,4,3,5,435,Loyal Customers,0,3215.761426824297
12239,6,11,5366.77,139,2024-01-02 05:34:13,2025-12-26 10:37:43,United Kingdom,487.88818181818186,724,4,3,5,435,Loyal Customers,0,3215.761426824297
12240,45,11,2316.42,98,2024-01-16 01:49:15,2025-11-17 10:50:11,United Kingdom,210.58363636363637,671,1,3,1,131,At Risk,0,3215.761426824297
12241,14,11,3638.23,122,2024-01-16 22:35:00,2025-12-18 02:33:54,United Kingdom,330.7481818181818,701,3,3,4,334,Loyal Customers,0,3215.761426824297
12242,14,11,2656.4500000000003,125,2024-01-02 00:05:05,2025-12-18 23:05:21,United Kingdom,241.49545454545458,716,3,3,2,332,Loyal Customers,0,3215.761426824297
12243,10,11,2944.68,111,2024-04-18 02:51:21,2025-12-22 06:51:52,United Kingdom,267.6981818181818,613,4,3,3,433,Loyal Customers,0,3215.761426824297
12244,83,11,4638.78,134,2024-02-05 12:27:06,2025-10-09 23:56:59,United Kingdom,421.7072727272727,612,1,3,5,135,At Risk,0,3215.761426824297
12245,21,11,2624.2,119,2024-01-01 22:55:31,2025-12-11 09:43:17,United Kingdom,238.56363636363633,709,3,3,2,332,Loyal Customers,0,3215.761426824297
12246,27,11,2343.56,114,2024-01-19 10:34:37,2025-12-05 22:15:02,United Kingdom,213.05090909090907,686,2,3,1,231,At Risk,0,3215.761426824297
12247,4,11,4313.35,144,2024-01-08 13:56:19,2025-12-28 02:56:22,United Kingdom,392.12272727272733,719,5,3,5,535,Loyal Customers,0,3215.761426824297
12248,10,11,2904.44,116,2024-02-22 15:03:24,2025-12-22 16:48:06,United Kingdom,264.04,669,4,3,3,433,Loyal Customers,0,3215.761426824297
12249,32,10,2554.62,118,2024-01-15 13:30:51,2025-11-30 04:03:36,United Kingdom,255.462,684,2,1,2,212,Hibernating,1,3109.399468085106
12250,11,11,2593.06,115,2024-01-18 06:46:04,2025-12-21 11:39:12,United Kingdom,235.73272727272726,703,4,3,2,432,Loyal Customers,0,3215.761426824297
12251,55,11,3721.06,149,2024-02-18 14:48:40,2025-11-07 09:33:24,United Kingdom,338.2781818181818,627,1,3,4,134,At Risk,0,3215.761426824297
12252,10,11,5577.070000000001,137,2024-01-14 14:36:53,2025-12-22 08:17:47,United Kingdom,507.0063636363637,707,4,3,5,435,Loyal Customers,0,3215.761426824297
12253,70,11,3044.78,118,2024-01-10 05:14:29,2025-10-23 01:10:15,United Kingdom,276.79818181818183,651,1,3,3,133,At Risk,0,3215.761426824297
12254,50,11,3004.2200000000003,106,2024-01-07 16:09:16,2025-11-12 13:41:02,United Kingdom,273.1109090909091,674,1,3,3,133,At Risk,0,3215.761426824297
12255,8,11,3000.54,119,2024-01-02 06:09:56,2025-12-24 14:41:20,United Kingdom,272.7763636363636,722,4,3,3,433,Loyal Customers,0,3215.761426824297
12256,5,11,2418.35,112,2024-01-18 05:16:28,2025-12-27 03:54:05,United Kingdom,219.85,708,5,3,1,531,Loyal Customers,0,3215.761426824297
12257,17,11,3565.28,134,2024-01-24 11:59:34,2025-12-15 05:09:21,United Kingdom,324.11636363636364,690,3,3,4,334,Loyal Customers,0,3215.761426824297
12258,34,11,4037.17,122,2024-01-20 16:12:05,2025-11-28 23:00:40,United Kingdom,367.01545454545453,678,2,3,5,235,At Risk,0,3215.761426824297
12259,11,11,2440.06,115,2024-01-21 21:19:00,2025-12-21 00:26:20,United Kingdom,221.82363636363635,699,4,3,1,431,Loyal Customers,0,3215.761426824297
12260,22,11,3620.83,123,2024-03-03 13:32:04,2025-12-10 05:14:46,United Kingdom,329.16636363636366,646,3,3,4,334,Loyal Customers,0,3215.761426824297
12261,47,11,2831.13,119,2024-02-02 17:49:44,2025-11-15 22:55:02,United Kingdom,257.37545454545455,652,1,3,3,133,At Risk,0,3215.761426824297
12262,44,11,2930.79,109,2024-01-21 02:18:33,2025-11-18 02:17:58,United Kingdom,266.43545454545455,666,1,3,3,133,At Risk,0,3215.761426824297
12263,2,11,4149.33,135,2024-01-10 12:25:11,2025-12-30 22:35:16,United Kingdom,377.21181818181816,720,5,3,5,535,Loyal Customers,0,3215.761426824297
12264,10,11,2922.69,120,2024-01-28 03:35:04,2025-12-22 00:06:24,United Kingdom,265.6990909090909,693,4,3,3,433,Loyal Customers,0,3215.761426824297
12265,18,11,4680.54,149,2024-01-01 01:45:26,2025-12-14 20:36:10,United Kingdom,425.50363636363636,713,3,3,5,335,Loyal Customers,0,3215.761426824297
12266,2,11,4400.610000000001,154,2024-01-04 00:22:19,2025-12-30 04:26:06,United Kingdom,400.0554545454546,726,5,3,5,535,Loyal Customers,0,3215.761426824297
12267,4,11,3921.06,120,2024-01-15 09:21:23,2025-12-28 20:18:43,United Kingdom,356.46,713,5,3,5,535,Loyal Customers,0,3215.761426824297
12268,7,11,3950.25,132,2024-04-01 23:45:21,2025-12-25 21:07:27,United Kingdom,359.1136363636364,632,4,3,5,435,Loyal Customers,0,3215.761426824297
12269,7,11,2927.96,117,2024-01-04 08:42:36,2025-12-25 18:07:46,United Kingdom,266.1781818181818,721,4,3,3,433,Loyal Customers,0,3215.761426824297
12270,8,11,3683.25,128,2024-01-01 21:46:47,2025-12-24 16:51:47,United Kingdom,334.84090909090907,722,4,3,4,434,Loyal Customers,0,3215.761426824297
12271,36,11,2035.8600000000001,98,2024-02-15 05:54:10,2025-11-26 06:02:33,United Kingdom,185.07818181818183,650,2,3,1,231,At Risk,0,3215.761426824297
12272,29,11,4200.91,137,2024-01-17 06:16:16,2025-12-03 05:11:17,United Kingdom,381.90090909090907,685,2,3,5,235,At Risk,0,3215.761426824297
12273,5,11,2138.44,107,2024-01-17 08:44:14,2025-12-27 12:09:33,United Kingdom,194.40363636363637,710,5,3,1,531,Loyal Customers,0,3215.761426824297
12274,24,11,2926.58,105,2024-01-05 00:04:14,2025-12-08 02:28:57,United Kingdom,266.0527272727273,703,2,3,3,233,At Risk,0,3215.761426824297
12275,7,11,3291.5,113,2024-01-03 12:12:05,2025-12-25 08:20:45,United Kingdom,299.22727272727275,721,4,3,4,434,Loyal Customers,0,3215.761426824297
12276,22,11,4677.49,118,2024-01-29 20:36:07,2025-12-10 17:16:02,United Kingdom,425.2263636363636,680,3,3,5,335,Loyal Customers,0,3215.761426824297
12277,15,11,2886.52,107,2024-01-04 15:42:23,2025-12-17 05:20:12,United Kingdom,262.4109090909091,712,3,3,3,333,Loyal Customers,0,3215.761426824297
12278,6,11,2098.74,105,2024-01-19 19:16:59,2025-12-26 21:31:37,United Kingdom,190.79454545454544,707,4,3,1,431,Loyal Customers,0,3215.761426824297
12279,13,11,2070.82,98,2024-01-15 10:30:11,2025-12-19 00:58:07,United Kingdom,188.25636363636366,703,3,3,1,331,Loyal Customers,0,3215.761426824297
12280,5,11,2792.93,116,2024-02-01 16:40:57,2025-12-27 00:33:42,United Kingdom,253.90272727272725,694,5,3,2,532,Loyal Customers,0,3215.761426824297
12281,3,11,2265.57,101,2024-02-06 22:17:35,2025-12-29 21:49:35,United Kingdom,205.9609090909091,691,5,3,1,531,Loyal Customers,0,3215.761426824297
12282,13,11,3330.82,119,2024-01-20 19:12:02,2025-12-19 13:44:44,United Kingdom,302.8018181818182,698,3,3,4,334,Loyal Customers,0,3215.761426824297
12283,17,11,2325.95,96,2024-01-15 12:32:45,2025-12-15 18:07:59,United Kingdom,211.45,700,3,3,1,331,Loyal Customers,0,3215.761426824297
12284,2,11,2606.44,120,2024-01-09 06:54:03,2025-12-30 14:45:08,United Kingdom,236.94909090909093,721,5,3,2,532,Loyal Customers,0,3215.761426824297
12285,12,11,4905.02,149,2024-03-02 22:17:10,2025-12-20 21:54:55,United Kingdom,445.9109090909091,657,4,3,5,435,Loyal Customers,0,3215.761426824297
12286,18,11,2792.4,121,2024-01-19 22:12:03,2025-12-14 10:25:56,United Kingdom,253.85454545454547,694,3,3,2,332,Loyal Customers,0,3215.761426824297
12287,7,11,3214.13,138,2024-01-05 22:18:17,2025-12-25 03:04:14,United Kingdom,292.19363636363636,719,4,3,3,433,Loyal Customers,0,3215.761426824297
12288,157,11,3531.8,123,2024-01-19 03:43:11,2025-07-28 01:36:40,United Kingdom,321.07272727272726,555,1,3,4,134,At Risk,0,3215.761426824297
12289,12,11,2583.76,108,2024-03-04 19:49:48,2025-12-20 11:29:38,United Kingdom,234.88727272727274,655,4,3,2,432,Loyal Customers,0,3215.761426824297
12290,3,11,6303.4400000000005,164,2024-01-21 00:41:15,2025-12-29 04:39:18,United Kingdom,573.0400000000001,708,5,3,5,535,Loyal Customers,0,3215.761426824297
12291,2,11,2696.64,122,2024-01-23 00:08:48,2025-12-30 11:38:20,United Kingdom,245.1490909090909,707,5,3,2,532,Loyal Customers,0,3215.761426824297
12292,26,11,3410.27,123,2024-03-13 21:51:00,2025-12-06 02:35:31,United Kingdom,310.02454545454543,632,2,3,4,234,At Risk,0,3215.761426824297
12293,16,11,3162.5,127,2024-01-25 11:34:21,2025-12-16 18:17:48,United Kingdom,287.5,691,3,3,3,333,Loyal Customers,0,3215.761426824297
12294,19,11,4885.5199999999995,139,2024-01-19 08:45:00,2025-12-13 07:15:54,United Kingdom,444.13818181818175,693,3,3,5,335,Loyal Customers,0,3215.761426824297
12295,2,11,2429.25,100,2024-01-27 00:00:12,2025-12-30 11:10:23,United Kingdom,220.8409090909091,703,5,3,1,531,Loyal Customers,0,3215.761426824297
12296,6,11,5076.89,147,2024-03-16 00:44:12,2025-12-26 13:14:32,United Kingdom,461.53545454545457,650,4,3,5,435,Loyal Customers,0,3215.761426824297
12297,17,11,2867.93,109,2024-01-14 22:39:11,2025-12-15 19:07:32,United Kingdom,260.72090909090906,700,3,3,3,333,Loyal Customers,0,3215.761426824297
12298,81,11,4896.52,137,2024-01-25 22:03:51,2025-10-12 17:47:50,United Kingdom,445.13818181818186,625,1,3,5,135,At Risk,0,3215.761426824297
12299,46,11,2107.95,97,2024-02-25 01:26:46,2025-11-16 13:34:26,United Kingdom,191.63181818181818,630,1,3,1,131,At Risk,0,3215.761426824297
12300,14,11,3667.23,126,2024-01-28 21:44:32,2025-12-18 17:47:39,United Kingdom,333.38454545454545,689,3,3,4,334,Loyal Customers,0,3215.761426824297
12301,25,11,2470.4900000000002,105,2024-02-28 21:23:13,2025-12-07 15:00:17,United Kingdom,224.59000000000003,647,2,3,2,232,At Risk,0,3215.761426824297
12302,28,11,3730.94,126,2024-01-18 09:58:52,2025-12-04 11:50:13,United Kingdom,339.17636363636365,686,2,3,4,234,At Risk,0,3215.761426824297
12303,25,11,3183.71,127,2024-02-14 06:34:24,2025-12-07 18:51:34,United Kingdom,289.4281818181818,662,2,3,3,233,At Risk,0,3215.761426824297
12304,31,11,3120.87,129,2024-03-14 06:53:15,2025-12-01 04:52:26,United Kingdom,283.7154545454545,626,2,3,3,233,At Risk,0,3215.761426824297
12305,21,11,2740.66,122,2024-01-05 23:39:54,2025-12-11 17:36:16,United Kingdom,249.15090909090907,705,3,3,2,332,Loyal Customers,0,3215.761426824297
12306,31,11,2464.91,115,2024-01-28 15:59:53,2025-12-01 13:54:52,United Kingdom,224.08272727272725,672,2,3,2,232,At Risk,0,3215.761426824297
12307,35,11,2296.82,101,2024-01-17 10:24:49,2025-11-27 02:46:41,United Kingdom,208.8018181818182,679,2,3,1,231,At Risk,0,3215.761426824297
12308,1,11,2353.25,103,2024-04-15 17:43:46,2025-12-31 23:22:16,United Kingdom,213.9318181818182,625,5,3,1,531,Loyal Customers,0,3215.761426824297
12309,87,11,1878.39,103,2024-01-09 23:34:15,2025-10-06 12:47:44,United Kingdom,170.7627272727273,635,1,3,1,131,At Risk,0,3215.761426824297
12310,60,11,2332.08,110,2024-01-14 05:03:29,2025-11-02 01:26:12,United Kingdom,212.00727272727272,657,1,3,1,131,At Risk,0,3215.761426824297
12311,1,11,2317.39,108,2024-01-19 15:15:57,2025-12-31 00:17:37,United Kingdom,210.67181818181817,711,5,3,1,531,Loyal Customers,0,3215.761426824297
12312,13,11,3775.81,126,2024-01-13 10:46:53,2025-12-19 20:46:46,United Kingdom,343.25545454545454,706,3,3,4,334,Loyal Customers,0,3215.761426824297
12313,15,11,2189.57,97,2024-02-09 13:23:10,2025-12-17 19:36:17,United Kingdom,199.0518181818182,677,3,3,1,331,Loyal Customers,0,3215.761426824297
12314,56,11,2691.58,113,2024-01-20 09:52:18,2025-11-06 00:29:45,United Kingdom,244.6890909090909,655,1,3,2,132,At Risk,0,3215.761426824297
12315,3,11,3078.0,124,2024-02-09 00:12:52,2025-12-29 13:42:53,United Kingdom,279.8181818181818,689,5,3,3,533,Loyal Customers,0,3215.761426824297
12316,18,11,4188.33,123,2024-01-03 04:20:50,2025-12-14 00:21:04,United Kingdom,380.7572727272727,710,3,3,5,335,Loyal Customers,0,3215.761426824297
12317,8,11,2887.44,115,2024-02-05 22:27:40,2025-12-24 22:34:17,United Kingdom,262.49454545454546,688,4,3,3,433,Loyal Customers,0,3215.761426824297
12318,15,11,2877.75,108,2024-01-04 13:52:42,2025-12-17 00:35:50,United Kingdom,261.6136363636364,712,3,3,3,333,Loyal Customers,0,3215.761426824297
12319,34,11,2468.91,103,2024-01-02 07:21:42,2025-11-28 09:30:54,United Kingdom,224.44636363636363,696,2,3,2,232,At Risk,0,3215.761426824297
12320,75,11,2417.0099999999998,110,2024-01-31 08:29:57,2025-10-18 22:19:04,United Kingdom,219.7281818181818,626,1,3,1,131,At Risk,0,3215.761426824297
12321,32,11,2763.03,121,2024-01-04 04:51:35,2025-11-30 02:29:32,United Kingdom,251.18454545454549,695,2,3,2,232,At Risk,0,3215.761426824297
12322,80,11,3246.64,122,2024-03-22 09:57:49,2025-10-13 00:52:26,United Kingdom,295.1490909090909,569,1,3,4,134,At Risk,0,3215.761426824297
12323,33,11,2720.46,108,2024-03-08 10:58:36,2025-11-29 08:43:49,United Kingdom,247.31454545454545,630,2,3,2,232,At Risk,0,3215.761426824297
12324,75,11,3316.62,110,2024-03-10 22:14:56,2025-10-18 16:22:15,United Kingdom,301.5109090909091,586,1,3,4,134,At Risk,0,3215.761426824297
12325,30,11,2901.07,127,2024-02-05 19:11:41,2025-12-02 22:54:43,United Kingdom,263.7336363636364,666,2,3,3,233,At Risk,0,3215.761426824297
12326,8,11,2526.89,97,2024-01-17 18:33:43,2025-12-24 21:41:59,United Kingdom,229.71727272727273,707,4,3,2,432,Loyal Customers,0,3215.761426824297
12327,86,11,3344.7400000000002,114,2024-02-01 12:20:44,2025-10-07 00:57:02,United Kingdom,304.0672727272727,613,1,3,4,134,At Risk,0,3215.761426824297
12328,2,11,3389.07,121,2024-01-08 20:56:45,2025-12-30 18:58:39,United Kingdom,308.09727272727275,721,5,3,4,534,Loyal Customers,0,3215.761426824297
12329,18,11,2980.5299999999997,113,2024-01-05 03:50:22,2025-12-14 22:04:17,United Kingdom,270.9572727272727,709,3,3,3,333,Loyal Customers,0,3215.761426824297
12330,47,11,1752.29,94,2024-02-13 12:30:35,2025-11-15 19:41:16,Germany,159.2990909090909,641,1,3,1,131,At Risk,0,3215.761426824297
12331,5,11,4347.4,137,2024-01-17 15:44:45,2025-12-27 02:06:46,United Kingdom,395.2181818181818,709,5,3,5,535,Loyal Customers,0,3215.761426824297
12332,33,11,2705.66,115,2024-02-05 05:04:39,2025-11-29 23:19:01,United Kingdom,245.9690909090909,663,2,3,2,232,At Risk,0,3215.761426824297
12333,97,11,2745.25,120,2024-01-15 12:09:29,2025-09-26 20:38:59,United Kingdom,249.5681818181818,620,1,3,2,132,At Risk,0,3215.761426824297
12334,13,11,2519.36,96,2024-02-29 06:39:56,2025-12-19 05:09:35,United Kingdom,229.03272727272727,658,3,3,2,332,Loyal Customers,0,3215.761426824297
12335,6,11,2657.2,109,2024-02-15 23:52:10,2025-12-26 06:05:36,United Kingdom,241.56363636363633,679,4,3,2,432,Loyal Customers,0,3215.761426824297
12336,16,11,4483.43,147,2024-01-04 00:12:17,2025-12-16 02:48:02,United Kingdom,407.5845454545455,712,3,3,5,335,Loyal Customers,0,3215.761426824297
12337,16,11,2541.43,123,2024-01-22 21:44:46,2025-12-16 09:23:36,United Kingdom,231.0390909090909,693,3,3,2,332,Loyal Customers,0,3215.761426824297
12338,7,11,2411.9,107,2024-01-03 08:57:21,2025-12-25 15:51:13,United Kingdom,219.26363636363638,722,4,3,1,431,Loyal Customers,0,3215.761426824297
12339,1,11,4638.57,142,2024-01-22 23:37:04,2025-12-31 01:45:32,United Kingdom,421.6881818181818,708,5,3,5,535,Loyal Customers,0,3215.761426824297
12340,26,11,2546.33,104,2024-02-20 01:50:46,2025-12-06 04:15:12,United Kingdom,231.48454545454544,655,2,3,2,232,At Risk,0,3215.761426824297
12341,10,11,3264.16,115,2024-01-12 07:02:43,2025-12-22 08:30:48,United Kingdom,296.7418181818182,710,4,3,4,434,Loyal Customers,0,3215.761426824297
12342,5,11,2182.57,117,2024-01-01 02:47:41,2025-12-27 12:49:20,United Kingdom,198.41545454545457,726,5,3,1,531,Loyal Customers,0,3215.761426824297
12343,84,11,3249.23,113,2024-01-17 10:04:52,2025-10-09 13:20:47,United Kingdom,295.38454545454545,631,1,3,4,134,At Risk,0,3215.761426824297
12344,10,11,4224.17,133,2024-02-14 14:07:41,2025-12-22 21:55:34,United Kingdom,384.01545454545453,677,4,3,5,435,Loyal Customers,0,3215.761426824297
12345,58,11,2672.43,110,2024-02-13 07:53:58,2025-11-04 18:06:22,United Kingdom,242.9481818181818,630,1,3,2,132,At Risk,0,3215.761426824297
12346,40,11,3219.61,128,2024-01-10 00:23:27,2025-11-22 00:56:17,United Kingdom,292.6918181818182,682,1,3,4,134,At Risk,0,3215.761426824297
12347,18,11,4864.65,140,2024-01-06 17:03:41,2025-12-14 17:37:40,United Kingdom,442.24090909090904,708,3,3,5,335,Loyal Customers,0,3215.761426824297
12348,45,11,3122.71,113,2024-01-13 22:33:40,2025-11-17 04:13:44,United Kingdom,283.88272727272727,673,1,3,3,133,At Risk,0,3215.761426824297
12349,2,11,4692.87,132,2024-01-19 21:07:10,2025-12-30 07:09:57,United Kingdom,426.62454545454545,710,5,3,5,535,Loyal Customers,0,3215.761426824297
12350,18,11,4128.67,117,2024-01-06 09:42:46,2025-12-14 09:23:49,United Kingdom,375.33363636363634,707,3,3,5,335,Loyal Customers,0,3215.761426824297
12351,41,11,1623.26,99,2024-02-08 10:22:45,2025-11-21 04:09:33,United Kingdom,147.5690909090909,651,1,3,1,131,At Risk,0,3215.761426824297
12352,17,11,2263.95,102,2024-01-13 03:23:43,2025-12-15 01:44:20,United Kingdom,205.81363636363633,701,3,3,1,331,Loyal Customers,0,3215.761426824297
12353,2,11,2793.67,117,2024-01-06 22:35:19,2025-12-30 03:23:33,United Kingdom,253.97,723,5,3,2,532,Loyal Customers,0,3215.761426824297
12354,9,11,2425.73,105,2024-02-07 20:43:01,2025-12-23 14:21:08,United Kingdom,220.5209090909091,684,4,3,1,431,Loyal Customers,0,3215.761426824297
12355,27,11,2724.42,127,2024-02-28 23:26:22,2025-12-05 15:56:09,United Kingdom,247.67454545454547,645,2,3,2,232,At Risk,0,3215.761426824297
12356,40,11,2822.15,102,2024-01-16 00:17:37,2025-11-22 03:29:57,United Kingdom,256.5590909090909,676,1,3,3,133,At Risk,0,3215.761426824297
12357,6,11,6045.97,189,2024-01-13 18:30:12,2025-12-26 16:21:46,United Kingdom,549.6336363636364,712,4,3,5,435,Loyal Customers,0,3215.761426824297
12358,116,11,2681.07,106,2024-03-01 18:01:30,2025-09-07 00:18:43,United Kingdom,243.73363636363638,554,1,3,2,132,At Risk,0,3215.761426824297
12359,35,11,3353.92,129,2024-02-18 16:26:07,2025-11-27 02:39:51,United Kingdom,304.9018181818182,647,2,3,4,234,At Risk,0,3215.761426824297
12360,35,11,3347.9700000000003,130,2024-01-15 18:04:52,2025-11-27 02:20:27,United Kingdom,304.3609090909091,681,2,3,4,234,At Risk,0,3215.761426824297
12361,25,11,3038.01,115,2024-02-22 00:31:09,2025-12-07 19:31:50,United Kingdom,276.1827272727273,654,2,3,3,233,At Risk,0,3215.761426824297
12362,37,11,3290.6,117,2024-01-05 16:58:00,2025-11-25 00:57:42,United Kingdom,299.1454545454545,689,2,3,4,234,At Risk,0,3215.761426824297
12363,31,11,2833.83,130,2024-01-02 10:18:25,2025-12-01 17:59:06,United Kingdom,257.6209090909091,699,2,3,3,233,At Risk,0,3215.761426824297
12364,44,11,4183.4,142,2024-01-08 17:31:12,2025-11-18 12:47:42,United Kingdom,380.30909090909086,679,1,3,5,135,At Risk,0,3215.761426824297
12365,24,11,2098.34,113,2024-01-10 14:55:07,2025-12-08 15:21:53,United Kingdom,190.75818181818184,698,2,3,1,231,At Risk,0,3215.761426824297
12366,49,11,4195.59,120,2024-02-24 23:33:42,2025-11-13 09:07:34,United Kingdom,381.41727272727275,627,1,3,5,135,At Risk,0,3215.761426824297
12367,19,11,3991.5699999999997,133,2024-01-26 08:43:08,2025-12-13 08:13:38,United Kingdom,362.86999999999995,686,3,3,5,335,Loyal Customers,0,3215.761426824297
12368,10,11,4716.02,160,2024-01-30 15:26:11,2025-12-22 23:27:13,United Kingdom,428.7290909090909,692,4,3,5,435,Loyal Customers,0,3215.761426824297
12369,14,11,3701.6,137,2024-01-18 14:51:55,2025-12-18 10:17:17,United Kingdom,336.5090909090909,699,3,3,4,334,Loyal Customers,0,3215.761426824297
12370,129,11,2612.06,109,2024-04-15 09:07:29,2025-08-25 07:58:31,United Kingdom,237.46,496,1,3,2,132,At Risk,0,3215.761426824297
12371,4,11,2237.37,100,2024-01-03 19:07:22,2025-12-28 13:08:54,United Kingdom,203.3972727272727,724,5,3,1,531,Loyal Customers,0,3215.761426824297
12372,73,11,2594.42,123,2024-03-01 05:23:47,2025-10-20 07:13:13,United Kingdom,235.85636363636365,598,1,3,2,132,At Risk,0,3215.761426824297
12373,18,11,4929.02,139,2024-01-30 02:32:05,2025-12-14 00:25:10,United Kingdom,448.0927272727273,683,3,3,5,335,Loyal Customers,0,3215.761426824297
12374,1,11,2218.18,104,2024-02-04 12:15:25,2025-12-31 21:40:45,United Kingdom,201.65272727272725,696,5,3,1,531,Loyal Customers,0,3215.761426824297
12375,34,11,2364.25,103,2024-01-13 02:02:06,2025-11-28 08:58:23,United Kingdom,214.9318181818182,685,2,3,1,231,At Risk,0,3215.761426824297
12376,8,11,2800.64,109,2024-02-07 04:50:11,2025-12-24 03:05:35,United Kingdom,254.60363636363635,685,4,3,2,432,Loyal Customers,0,3215.761426824297
12377,2,11,4957.27,144,2024-01-25 17:12:43,2025-12-30 08:57:48,United Kingdom,450.6609090909091,704,5,3,5,535,Loyal Customers,0,3215.761426824297
12378,18,11,4005.84,115,2024-02-10 13:05:35,2025-12-14 14:05:25,United Kingdom,364.16727272727275,673,3,3,5,335,Loyal Customers,0,3215.761426824297
12379,3,11,2795.53,118,2024-01-19 14:47:44,2025-12-29 21:49:04,United Kingdom,254.13909090909092,710,5,3,2,532,Loyal Customers,0,3215.761426824297
12380,25,11,2403.18,106,2024-02-06 11:33:18,2025-12-07 04:11:55,United Kingdom,218.4709090909091,669,2,3,1,231,At Risk,0,3215.761426824297
12381,3,11,3033.34,118,2024-01-10 14:49:36,2025-12-29 10:23:31,United Kingdom,275.7581818181818,718,5,3,3,533,Loyal Customers,0,3215.761426824297
12382,17,11,3716.39,121,2024-02-19 10:57:19,2025-12-15 13:03:54,United Kingdom,337.8536363636363,665,3,3,4,334,Loyal Customers,0,3215.761426824297
12383,41,11,2635.19,123,2024-01-01 09:36:05,2025-11-21 02:53:17,United Kingdom,239.56272727272727,689,1,3,2,132,At Risk,0,3215.761426824297
12384,30,11,2301.24,113,2024-01-13 18:38:17,2025-12-02 01:05:38,United Kingdom,209.20363636363635,688,2,3,1,231,At Risk,0,3215.761426824297
12385,22,11,2892.83,129,2024-01-08 05:40:10,2025-12-10 04:00:17,United Kingdom,262.98454545454547,701,3,3,3,333,Loyal Customers,0,3215.761426824297
12386,33,11,4298.349999999999,129,2024-01-05 05:55:10,2025-11-29 10:52:40,United Kingdom,390.75909090909084,694,2,3,5,235,At Risk,0,3215.761426824297
12387,30,11,2582.59,107,2024-01-14 01:45:40,2025-12-02 02:52:42,United Kingdom,234.7809090909091,688,2,3,2,232,At Risk,0,3215.761426824297
12388,5,11,2467.49,105,2024-01-15 06:31:12,2025-12-27 13:18:53,United Kingdom,224.3172727272727,712,5,3,2,532,Loyal Customers,0,3215.761426824297
12389,9,11,3831.62,110,2024-01-13 07:01:08,2025-12-23 05:29:35,United Kingdom,348.3290909090909,709,4,3,4,434,Loyal Customers,0,3215.761426824297
12390,3,11,2411.51,110,2024-02-19 21:20:36,2025-12-29 01:16:43,United Kingdom,219.22818181818184,678,5,3,1,531,Loyal Customers,0,3215.761426824297
12391,12,11,2922.27,111,2024-01-21 23:10:27,2025-12-20 00:00:47,United Kingdom,265.6609090909091,698,4,3,3,433,Loyal Customers,0,3215.761426824297
12392,5,11,3102.58,123,2024-02-04 12:37:50,2025-12-27 15:54:17,United Kingdom,282.0527272727273,692,5,3,3,533,Loyal Customers,0,3215.761426824297
12393,99,11,3150.11,111,2024-01-06 01:28:39,2025-09-24 11:37:02,United Kingdom,286.37363636363636,627,1,3,3,133,At Risk,0,3215.761426824297
12394,41,11,6239.92,154,2024-01-05 18:53:05,2025-11-21 03:35:03,United Kingdom,567.2654545454545,685,1,3,5,135,At Risk,0,3215.761426824297
12395,10,10,2469.2400000000002,107,2024-01-03 13:13:39,2025-12-22 21:47:24,United Kingdom,246.92400000000004,719,4,1,2,412,New / Promising,1,3109.399468085106
12396,4,11,3472.91,103,2024-04-14 21:45:37,2025-12-28 03:30:23,United Kingdom,315.7190909090909,622,5,3,4,534,Loyal Customers,0,3215.761426824297
12397,4,11,2948.26,117,2024-02-15 12:52:34,2025-12-28 08:35:46,United Kingdom,268.0236363636364,681,5,3,3,533,Loyal Customers,0,3215.761426824297
12398,1,11,3441.11,124,2024-01-06 01:08:14,2025-12-31 03:02:14,United Kingdom,312.8281818181818,725,5,3,4,534,Loyal Customers,0,3215.761426824297
12399,27,11,5405.75,143,2024-02-12 16:51:25,2025-12-05 11:08:38,United Kingdom,491.4318181818182,661,2,3,5,235,At Risk,0,3215.761426824297
12400,52,11,3237.68,123,2024-01-21 08:34:32,2025-11-10 09:19:17,United Kingdom,294.33454545454543,659,1,3,4,134,At Risk,0,3215.761426824297
12401,2,11,2150.07,106,2024-01-02 00:22:14,2025-12-30 23:46:45,United Kingdom,195.4609090909091,728,5,3,1,531,Loyal Customers,0,3215.761426824297
12402,77,11,3648.37,140,2024-01-11 12:29:46,2025-10-16 14:58:50,United Kingdom,331.67,644,1,3,4,134,At Risk,0,3215.761426824297
12403,7,11,4469.87,129,2024-01-10 14:08:36,2025-12-25 10:08:42,United Kingdom,406.35181818181815,714,4,3,5,435,Loyal Customers,0,3215.761426824297
12404,4,11,2874.9,119,2024-01-03 12:37:15,2025-12-28 05:50:54,United Kingdom,261.3545454545455,724,5,3,3,533,Loyal Customers,0,3215.761426824297
12405,19,10,4081.86,138,2024-03-02 11:51:34,2025-12-13 18:15:30,United Kingdom,408.18600000000004,651,3,1,5,315,Need Attention,1,3109.399468085106
12406,9,11,1910.69,85,2024-01-12 02:11:31,2025-12-23 18:37:43,United Kingdom,173.69909090909093,711,4,3,1,431,Loyal Customers,0,3215.761426824297
12407,3,11,2718.12,109,2024-04-14 11:51:05,2025-12-29 22:55:39,United Kingdom,247.10181818181817,624,5,3,2,532,Loyal Customers,0,3215.761426824297
12408,10,11,2974.65,127,2024-01-13 06:58:57,2025-12-22 14:27:18,United Kingdom,270.4227272727273,709,4,3,3,433,Loyal Customers,0,3215.761426824297
12409,45,11,1684.12,91,2024-01-26 11:41:39,2025-11-16 23:57:04,United Kingdom,153.10181818181817,660,1,3,1,131,At Risk,0,3215.761426824297
12410,21,11,5444.73,136,2024-01-27 10:47:54,2025-12-11 16:58:58,United Kingdom,494.9754545454545,684,3,3,5,335,Loyal Customers,0,3215.761426824297
12411,21,11,3212.61,118,2024-01-30 08:46:58,2025-12-11 20:22:42,United Kingdom,292.05545454545455,681,3,3,3,333,Loyal Customers,0,3215.761426824297
12412,13,11,2603.08,124,2024-02-04 20:24:27,2025-12-19 23:21:00,United Kingdom,236.64363636363635,684,3,3,2,332,Loyal Customers,0,3215.761426824297
12413,31,11,2847.88,123,2024-01-26 17:05:53,2025-12-01 22:00:02,United Kingdom,258.89818181818185,675,2,3,3,233,At Risk,0,3215.761426824297
12414,96,11,4752.95,149,2024-01-06 04:35:36,2025-09-27 10:27:58,United Kingdom,432.0863636363636,630,1,3,5,135,At Risk,0,3215.761426824297
12415,3,11,2110.81,102,2024-03-11 23:13:02,2025-12-29 22:33:11,United Kingdom,191.89181818181817,657,5,3,1,531,Loyal Customers,0,3215.761426824297
12416,28,11,2597.92,117,2024-02-08 12:13:14,2025-12-04 06:36:55,United Kingdom,236.17454545454547,664,2,3,2,232,At Risk,0,3215.761426824297
12417,50,11,6609.47,137,2024-03-26 18:15:32,2025-11-12 04:48:36,United Kingdom,600.8609090909091,595,1,3,5,135,At Risk,0,3215.761426824297
12418,5,11,2368.34,114,2024-01-18 07:50:02,2025-12-27 21:01:20,United Kingdom,215.30363636363637,709,5,3,1,531,Loyal Customers,0,3215.761426824297
12419,14,11,2341.06,110,2024-01-07 00:19:51,2025-12-18 08:35:16,United Kingdom,212.82363636363635,711,3,3,1,331,Loyal Customers,0,3215.761426824297
12420,1,11,2751.34,112,2024-01-10 01:10:16,2025-12-31 14:27:59,United Kingdom,250.12181818181818,721,5,3,2,532,Loyal Customers,0,3215.761426824297
12421,32,11,2453.88,116,2024-01-20 08:33:06,2025-11-30 15:55:04,United Kingdom,223.08,680,2,3,2,232,At Risk,0,3215.761426824297
12422,3,11,3401.75,107,2024-01-18 07:57:44,2025-12-29 17:27:59,United Kingdom,309.25,711,5,3,4,534,Loyal Customers,0,3215.761426824297
12423,34,11,2455.39,100,2024-01-09 17:04:17,2025-11-28 08:29:06,United Kingdom,223.21727272727273,688,2,3,2,232,At Risk,0,3215.761426824297
12424,20,11,2690.39,105,2024-01-27 21:06:59,2025-12-12 05:42:06,United Kingdom,244.58090909090907,684,3,3,2,332,Loyal Customers,0,3215.761426824297
12425,2,11,5086.58,160,2024-01-11 06:40:47,2025-12-30 13:18:01,United Kingdom,462.41636363636366,719,5,3,5,535,Loyal Customers,0,3215.761426824297
12426,25,11,2275.86,97,2024-02-22 02:53:16,2025-12-07 06:40:11,United Kingdom,206.89636363636365,654,2,3,1,231,At Risk,0,3215.761426824297
12427,63,11,2448.19,112,2024-01-30 05:22:46,2025-10-30 21:10:01,United Kingdom,222.56272727272727,639,1,3,1,131,At Risk,0,3215.761426824297
12428,40,11,2452.1,108,2024-02-09 03:23:54,2025-11-22 01:14:57,United Kingdom,222.9181818181818,651,1,3,1,131,At Risk,0,3215.761426824297
12429,2,11,3764.99,131,2024-01-02 19:14:22,2025-12-30 00:36:57,United Kingdom,342.27181818181816,727,5,3,4,534,Loyal Customers,0,3215.761426824297
12430,42,11,3176.0299999999997,121,2024-01-13 19:10:39,2025-11-20 06:11:37,United Kingdom,288.72999999999996,676,1,3,3,133,At Risk,0,3215.761426824297
12431,21,11,2749.04,118,2024-03-05 01:11:47,2025-12-11 08:32:47,United Kingdom,249.91272727272727,646,3,3,2,332,Loyal Customers,0,3215.761426824297
12432,33,11,2247.21,103,2024-01-31 06:45:15,2025-11-29 09:38:42,United Kingdom,204.29181818181817,668,2,3,1,231,At Risk,0,3215.761426824297
12433,7,11,3441.97,115,2024-01-01 18:13:07,2025-12-25 17:45:05,United Kingdom,312.9063636363636,723,4,3,4,434,Loyal Customers,0,3215.761426824297
12434,16,11,2369.81,116,2024-03-18 05:32:13,2025-12-16 03:33:21,United Kingdom,215.43727272727273,637,3,3,1,331,Loyal Customers,0,3215.761426824297
12435,48,11,3106.04,121,2024-01-02 02:34:08,2025-11-14 20:30:28,United Kingdom,282.36727272727273,682,1,3,3,133,At Risk,0,3215.761426824297
12436,18,11,3063.7400000000002,118,2024-01-19 05:32:59,2025-12-14 18:28:56,United Kingdom,278.5218181818182,695,3,3,3,333,Loyal Customers,0,3215.761426824297
12437,49,11,2562.54,117,2024-01-06 09:40:29,2025-11-13 06:47:52,United Kingdom,232.95818181818183,676,1,3,2,132,At Risk,0,3215.761426824297
12438,7,11,3094.7599999999998,114,2024-01-16 18:34:07,2025-12-25 17:57:33,United Kingdom,281.34181818181816,708,4,3,3,433,Loyal Customers,0,3215.761426824297
12439,59,11,3153.3900000000003,123,2024-01-19 14:27:24,2025-11-03 04:19:45,United Kingdom,286.6718181818182,653,1,3,3,133,At Risk,0,3215.761426824297
12440,4,11,3776.1,132,2024-02-19 13:14:52,2025-12-28 18:01:02,United Kingdom,343.28181818181815,678,5,3,4,534,Loyal Customers,0,3215.761426824297
12441,31,11,2601.85,113,2024-01-02 22:17:43,2025-12-01 01:59:53,United Kingdom,236.53181818181818,698,2,3,2,232,At Risk,0,3215.761426824297
12442,51,11,4980.95,125,2024-02-03 21:38:54,2025-11-11 15:43:25,United Kingdom,452.81363636363636,646,1,3,5,135,At Risk,0,3215.761426824297
12443,32,11,3054.5699999999997,120,2024-01-09 14:22:58,2025-11-30 05:15:02,United Kingdom,277.6881818181818,690,2,3,3,233,At Risk,0,3215.761426824297
12444,48,11,2283.54,102,2024-01-04 13:09:31,2025-11-14 12:51:28,United Kingdom,207.59454545454545,679,1,3,1,131,At Risk,0,3215.761426824297
12445,12,10,2973.46,115,2024-01-02 23:49:11,2025-12-20 22:35:51,United Kingdom,297.346,717,4,1,3,413,New / Promising,1,3109.399468085106
12446,14,11,3052.16,124,2024-02-10 15:46:28,2025-12-18 00:15:47,United Kingdom,277.4690909090909,676,3,3,3,333,Loyal Customers,0,3215.761426824297
12447,87,11,3939.54,126,2024-02-17 18:11:34,2025-10-06 09:37:14,United Kingdom,358.14,596,1,3,5,135,At Risk,0,3215.761426824297
12448,76,11,1627.02,87,2024-02-08 12:43:45,2025-10-17 08:54:42,United Kingdom,147.9109090909091,616,1,3,1,131,At Risk,0,3215.761426824297
12449,19,11,3810.11,127,2024-01-29 01:42:55,2025-12-13 00:17:18,United Kingdom,346.37363636363636,683,3,3,4,334,Loyal Customers,0,3215.761426824297
12450,42,11,2416.0099999999998,99,2024-01-06 01:55:56,2025-11-20 19:34:32,United Kingdom,219.63727272727272,684,1,3,1,131,At Risk,0,3215.761426824297
12451,12,11,3222.16,119,2024-01-06 07:26:46,2025-12-20 05:07:35,United Kingdom,292.9236363636364,713,4,3,4,434,Loyal Customers,0,3215.761426824297
12452,45,11,2808.28,111,2024-01-05 17:29:43,2025-11-17 22:55:10,United Kingdom,255.29818181818183,682,1,3,2,132,At Risk,0,3215.761426824297
12453,12,11,3960.44,137,2024-01-13 09:36:34,2025-12-20 13:40:06,United Kingdom,360.04,707,4,3,5,435,Loyal Customers,0,3215.761426824297
12454,86,11,5108.72,136,2024-01-19 01:00:42,2025-10-07 14:24:53,United Kingdom,464.4290909090909,627,1,3,5,135,At Risk,0,3215.761426824297
12455,6,11,3467.12,121,2024-02-15 09:17:03,2025-12-26 10:30:51,United Kingdom,315.19272727272727,680,4,3,4,434,Loyal Customers,0,3215.761426824297
12456,16,11,4452.48,133,2024-01-26 13:39:30,2025-12-16 07:40:51,United Kingdom,404.7709090909091,689,3,3,5,335,Loyal Customers,0,3215.761426824297
12457,11,11,2869.02,108,2024-02-07 18:10:04,2025-12-21 13:54:21,United Kingdom,260.82,682,4,3,3,433,Loyal Customers,0,3215.761426824297
12458,107,11,3353.38,113,2024-01-17 22:43:16,2025-09-16 21:19:59,United Kingdom,304.8527272727273,607,1,3,4,134,At Risk,0,3215.761426824297
12459,6,11,3197.91,133,2024-01-29 10:16:26,2025-12-26 00:08:15,United Kingdom,290.7190909090909,696,4,3,3,433,Loyal Customers,0,3215.761426824297
12460,106,11,3395.29,131,2024-01-02 15:41:59,2025-09-17 10:50:21,United Kingdom,308.6627272727273,623,1,3,4,134,At Risk,0,3215.761426824297
12461,3,11,3125.8500000000004,111,2024-01-19 03:34:20,2025-12-29 02:04:55,United Kingdom,284.16818181818184,709,5,3,3,533,Loyal Customers,0,3215.761426824297
12462,4,11,2789.45,97,2024-01-13 06:38:14,2025-12-28 11:25:12,United Kingdom,253.58636363636361,715,5,3,2,532,Loyal Customers,0,3215.761426824297
12463,64,11,5301.26,127,2024-02-03 17:46:21,2025-10-29 07:52:30,United Kingdom,481.9327272727273,633,1,3,5,135,At Risk,0,3215.761426824297
12464,9,11,3004.41,120,2024-01-16 22:03:16,2025-12-23 19:37:55,United Kingdom,273.1281818181818,706,4,3,3,433,Loyal Customers,0,3215.761426824297
12465,6,11,4143.4400000000005,130,2024-01-14 19:31:09,2025-12-26 15:08:21,United Kingdom,376.6763636363637,711,4,3,5,435,Loyal Customers,0,3215.761426824297
12466,9,11,3103.63,124,2024-01-10 03:26:57,2025-12-23 18:35:08,United Kingdom,282.14818181818185,713,4,3,3,433,Loyal Customers,0,3215.761426824297
12467,25,11,3106.8199999999997,122,2024-02-12 01:46:30,2025-12-07 20:41:48,United Kingdom,282.4381818181818,664,2,3,3,233,At Risk,0,3215.761426824297
12468,3,11,2949.4900000000002,113,2024-01-08 13:10:45,2025-12-29 18:23:37,United Kingdom,268.1354545454546,721,5,3,3,533,Loyal Customers,0,3215.761426824297
12469,15,11,3004.66,120,2024-01-06 09:30:58,2025-12-17 15:06:19,United Kingdom,273.15090909090907,711,3,3,3,333,Loyal Customers,0,3215.761426824297
12470,29,11,2681.17,114,2024-01-23 06:58:34,2025-12-03 13:17:43,United Kingdom,243.74272727272728,680,2,3,2,232,At Risk,0,3215.761426824297
12471,47,11,2592.39,106,2024-01-15 12:29:40,2025-11-15 05:45:23,United Kingdom,235.67181818181817,669,1,3,2,132,At Risk,0,3215.761426824297
12472,41,11,1978.32,98,2024-02-07 22:09:05,2025-11-21 18:40:27,United Kingdom,179.84727272727272,652,1,3,1,131,At Risk,0,3215.761426824297
12473,19,11,3559.4700000000003,120,2024-02-04 19:02:43,2025-12-13 20:51:01,United Kingdom,323.58818181818185,678,3,3,4,334,Loyal Customers,0,3215.761426824297
12474,9,11,2282.66,104,2024-01-18 09:42:41,2025-12-23 21:30:25,United Kingdom,207.51454545454544,705,4,3,1,431,Loyal Customers,0,3215.761426824297
12475,42,11,3253.2200000000003,131,2024-01-01 17:16:44,2025-11-20 13:49:32,United Kingdom,295.74727272727273,688,1,3,4,134,At Risk,0,3215.761426824297
12476,9,11,4053.43,133,2024-01-11 21:28:01,2025-12-23 21:20:42,United Kingdom,368.49363636363637,711,4,3,5,435,Loyal Customers,0,3215.761426824297
12477,11,11,2914.96,106,2024-01-02 18:30:20,2025-12-21 13:29:24,United Kingdom,264.99636363636364,718,4,3,3,433,Loyal Customers,0,3215.761426824297
12478,20,11,2804.2200000000003,108,2024-01-11 17:49:50,2025-12-12 01:14:12,United Kingdom,254.92909090909095,700,3,3,2,332,Loyal Customers,0,3215.761426824297
12479,17,11,3913.4900000000002,117,2024-01-01 07:14:34,2025-12-15 01:11:10,United Kingdom,355.7718181818182,713,3,3,5,335,Loyal Customers,0,3215.761426824297
12480,9,11,3079.95,128,2024-01-16 03:04:48,2025-12-23 04:15:29,United Kingdom,279.99545454545455,707,4,3,3,433,Loyal Customers,0,3215.761426824297
12481,3,11,2209.52,106,2024-01-18 02:21:40,2025-12-29 16:49:12,United Kingdom,200.86545454545455,711,5,3,1,531,Loyal Customers,0,3215.761426824297
12482,22,11,2649.4,107,2024-01-03 15:02:16,2025-12-10 15:21:42,United Kingdom,240.85454545454547,707,3,3,2,332,Loyal Customers,0,3215.761426824297
12483,94,11,3649.8900000000003,110,2024-01-23 08:48:12,2025-09-29 21:58:17,United Kingdom,331.8081818181818,615,1,3,4,134,At Risk,0,3215.761426824297
12484,12,11,2194.38,101,2024-02-03 19:55:44,2025-12-20 10:35:47,United Kingdom,199.48909090909092,685,4,3,1,431,Loyal Customers,0,3215.761426824297
12485,10,11,2457.5,112,2024-01-03 16:46:05,2025-12-22 03:22:30,United Kingdom,223.4090909090909,718,4,3,2,432,Loyal Customers,0,3215.761426824297
12486,14,11,2296.91,103,2024-01-05 15:41:30,2025-12-18 08:45:17,United Kingdom,208.80999999999997,712,3,3,1,331,Loyal Customers,0,3215.761426824297
12487,69,11,3144.16,127,2024-01-10 19:04:01,2025-10-24 08:24:01,United Kingdom,285.83272727272725,652,1,3,3,133,At Risk,0,3215.761426824297
12488,52,11,2580.05,109,2024-01-19 12:26:21,2025-11-10 12:24:54,United Kingdom,234.55,660,1,3,2,132,At Risk,0,3215.761426824297
12489,20,11,2529.77,114,2024-01-16 20:16:30,2025-12-12 03:28:53,United Kingdom,229.9790909090909,695,3,3,2,332,Loyal Customers,0,3215.761426824297
12490,13,11,2860.78,105,2024-02-11 10:00:19,2025-12-19 09:15:18,United Kingdom,260.0709090909091,676,3,3,3,333,Loyal Customers,0,3215.761426824297
12491,14,11,2637.59,103,2024-01-14 10:57:29,2025-12-18 00:47:12,United Kingdom,239.7809090909091,703,3,3,2,332,Loyal Customers,0,3215.761426824297
12492,9,11,2451.93,109,2024-02-05 04:43:53,2025-12-23 07:09:07,United Kingdom,222.90272727272725,687,4,3,1,431,Loyal Customers,0,3215.761426824297
12493,19,11,2382.59,103,2024-01-11 16:26:40,2025-12-13 08:31:32,United Kingdom,216.59909090909093,701,3,3,1,331,Loyal Customers,0,3215.761426824297
12494,41,11,3154.57,114,2024-01-05 07:40:03,2025-11-21 17:48:44,United Kingdom,286.77909090909094,686,1,3,3,133,At Risk,0,3215.761426824297
12495,19,11,3413.09,132,2024-03-11 07:06:12,2025-12-13 08:08:50,United Kingdom,310.2809090909091,642,3,3,4,334,Loyal Customers,0,3215.761426824297
12496,50,11,2893.64,121,2024-01-14 13:18:59,2025-11-12 04:42:06,United Kingdom,263.0581818181818,667,1,3,3,133,At Risk,0,3215.761426824297
12497,7,11,2951.16,111,2024-01-01 10:43:24,2025-12-25 13:00:27,United Kingdom,268.2872727272727,724,4,3,3,433,Loyal Customers,0,3215.761426824297
12498,5,11,2450.68,103,2024-01-22 05:10:41,2025-12-27 16:07:38,United Kingdom,222.7890909090909,705,5,3,1,531,Loyal Customers,0,3215.761426824297
12499,8,11,2136.0299999999997,99,2024-01-25 04:29:53,2025-12-24 01:23:44,United Kingdom,194.18454545454543,698,4,3,1,431,Loyal Customers,0,3215.761426824297
12500,20,11,4088.4,123,2024-02-15 12:48:18,2025-12-12 17:44:13,United Kingdom,371.6727272727273,666,3,3,5,335,Loyal Customers,0,3215.761426824297
12501,13,11,4089.9,134,2024-01-04 11:33:55,2025-12-19 00:47:44,United Kingdom,371.8090909090909,714,3,3,5,335,Loyal Customers,0,3215.761426824297
12502,8,11,2804.91,114,2024-01-02 06:10:37,2025-12-24 02:37:28,United Kingdom,254.99181818181816,721,4,3,2,432,Loyal Customers,0,3215.761426824297
12503,8,11,2905.55,118,2024-02-20 03:26:49,2025-12-24 14:36:46,United Kingdom,264.14090909090913,673,4,3,3,433,Loyal Customers,0,3215.761426824297
12504,34,11,2357.6,112,2024-01-06 02:46:38,2025-11-28 06:36:07,United Kingdom,214.3272727272727,692,2,3,1,231,At Risk,0,3215.761426824297
12505,34,11,3849.97,132,2024-01-01 03:32:33,2025-11-28 15:26:30,United Kingdom,349.99727272727273,697,2,3,4,234,At Risk,0,3215.761426824297
12506,60,11,2147.63,113,2024-01-04 11:54:28,2025-11-02 19:42:31,United Kingdom,195.23909090909092,668,1,3,1,131,At Risk,0,3215.761426824297
12507,21,11,2605.0299999999997,118,2024-01-19 17:18:53,2025-12-11 05:04:29,United Kingdom,236.82090909090905,691,3,3,2,332,Loyal Customers,0,3215.761426824297
12508,11,11,2445.86,117,2024-02-20 01:19:25,2025-12-21 17:49:49,United Kingdom,222.3509090909091,670,4,3,1,431,Loyal Customers,0,3215.761426824297
12509,68,11,2125.7,102,2024-02-26 14:20:11,2025-10-25 13:35:35,United Kingdom,193.24545454545452,606,1,3,1,131,At Risk,0,3215.761426824297
12510,68,11,2419.89,110,2024-01-08 09:09:48,2025-10-25 00:25:04,United Kingdom,219.98999999999998,655,1,3,1,131,At Risk,0,3215.761426824297
12511,66,11,2765.24,110,2024-01-08 05:29:35,2025-10-27 09:31:17,United Kingdom,251.38545454545454,658,1,3,2,132,At Risk,0,3215.761426824297
12512,6,11,5665.7,146,2024-01-15 04:58:21,2025-12-26 02:51:26,United Kingdom,515.0636363636363,710,4,3,5,435,Loyal Customers,0,3215.761426824297
12513,14,11,2783.15,112,2024-01-06 09:23:31,2025-12-18 08:29:17,United Kingdom,253.01363636363638,711,3,3,2,332,Loyal Customers,0,3215.761426824297
12514,14,11,3359.42,122,2024-01-29 00:10:50,2025-12-18 04:26:44,United Kingdom,305.4018181818182,689,3,3,4,334,Loyal Customers,0,3215.761426824297
12515,11,11,3012.07,108,2024-02-05 20:56:54,2025-12-21 00:06:39,United Kingdom,273.82454545454544,684,4,3,3,433,Loyal Customers,0,3215.761426824297
12516,1,11,3867.4,150,2024-01-06 02:10:25,2025-12-31 19:39:46,United Kingdom,351.58181818181816,725,5,3,5,535,Loyal Customers,0,3215.761426824297
12517,76,11,2453.29,110,2024-01-26 13:26:19,2025-10-17 12:05:07,United Kingdom,223.02636363636364,629,1,3,1,131,At Risk,0,3215.761426824297
12518,89,11,2002.02,97,2024-01-13 15:35:03,2025-10-04 09:14:10,United Kingdom,182.00181818181818,629,1,3,1,131,At Risk,0,3215.761426824297
12519,46,11,2145.82,103,2024-03-07 16:44:30,2025-11-16 05:08:44,United Kingdom,195.07454545454547,618,1,3,1,131,At Risk,0,3215.761426824297
12520,1,11,2417.19,110,2024-01-18 20:48:30,2025-12-31 15:04:03,United Kingdom,219.74454545454546,712,5,3,1,531,Loyal Customers,0,3215.761426824297
12521,7,11,2054.93,91,2024-01-27 10:57:24,2025-12-25 02:46:57,United Kingdom,186.81181818181815,697,4,3,1,431,Loyal Customers,0,3215.761426824297
12522,2,11,3011.79,110,2024-02-16 08:11:07,2025-12-30 06:15:36,United Kingdom,273.7990909090909,682,5,3,3,533,Loyal Customers,0,3215.761426824297
12523,9,11,2037.96,106,2024-03-13 08:01:34,2025-12-23 20:23:38,United Kingdom,185.26909090909092,650,4,3,1,431,Loyal Customers,0,3215.761426824297
12524,8,11,2461.65,99,2024-02-09 23:03:39,2025-12-24 17:19:43,United Kingdom,223.78636363636363,683,4,3,2,432,Loyal Customers,0,3215.761426824297
12525,2,11,3207.02,117,2024-01-16 16:22:45,2025-12-30 21:41:57,United Kingdom,291.54727272727274,714,5,3,3,533,Loyal Customers,0,3215.761426824297
12526,13,11,5568.77,146,2024-01-19 05:56:00,2025-12-19 21:34:42,United Kingdom,506.25181818181824,700,3,3,5,335,Loyal Customers,0,3215.761426824297
12527,36,11,3939.02,134,2024-01-14 07:33:21,2025-11-26 00:22:32,United Kingdom,358.09272727272725,681,2,3,5,235,At Risk,0,3215.761426824297
12528,23,11,3587.5499999999997,121,2024-01-15 08:45:27,2025-12-09 11:30:27,United Kingdom,326.1409090909091,694,2,3,4,234,At Risk,0,3215.761426824297
12529,16,11,4312.19,125,2024-01-30 08:16:47,2025-12-16 23:35:32,United Kingdom,392.0172727272727,686,3,3,5,335,Loyal Customers,0,3215.761426824297
12530,53,11,1728.65,101,2024-02-09 00:58:41,2025-11-09 11:31:54,United Kingdom,157.15,639,1,3,1,131,At Risk,0,3215.761426824297
12531,90,11,3859.2599999999998,126,2024-01-19 09:42:34,2025-10-03 04:09:03,United Kingdom,350.84181818181816,622,1,3,5,135,At Risk,0,3215.761426824297
12532,1,11,2888.7200000000003,124,2024-03-05 05:50:20,2025-12-31 01:57:01,United Kingdom,262.6109090909091,665,5,3,3,533,Loyal Customers,0,3215.761426824297
12533,11,11,2105.76,90,2024-01-29 08:51:57,2025-12-21 03:24:23,United Kingdom,191.4327272727273,691,4,3,1,431,Loyal Customers,0,3215.761426824297
12534,7,11,2319.05,104,2024-02-21 06:58:45,2025-12-25 14:36:59,United Kingdom,210.8227272727273,673,4,3,1,431,Loyal Customers,0,3215.761426824297
12535,8,11,2442.02,114,2024-01-27 06:52:05,2025-12-24 16:37:02,United Kingdom,222.00181818181818,697,4,3,1,431,Loyal Customers,0,3215.761426824297
12536,11,11,2304.61,111,2024-02-22 18:01:11,2025-12-21 17:43:26,United Kingdom,209.51000000000002,667,4,3,1,431,Loyal Customers,0,3215.761426824297
12537,5,11,3596.02,131,2024-01-11 00:24:47,2025-12-27 00:01:26,United Kingdom,326.9109090909091,715,5,3,4,534,Loyal Customers,0,3215.761426824297
12538,24,11,4060.55,144,2024-01-28 21:07:26,2025-12-08 02:21:22,United Kingdom,369.14090909090913,679,2,3,5,235,At Risk,0,3215.761426824297
12539,21,11,2144.34,117,2024-01-02 21:46:30,2025-12-11 09:30:04,United Kingdom,194.94000000000003,708,3,3,1,331,Loyal Customers,0,3215.761426824297
12540,1,11,2639.66,119,2024-01-25 14:32:00,2025-12-31 01:54:27,United Kingdom,239.9690909090909,705,5,3,2,532,Loyal Customers,0,3215.761426824297
12541,15,11,3385.57,120,2024-01-27 03:36:17,2025-12-17 13:51:12,United Kingdom,307.77909090909094,690,3,3,4,334,Loyal Customers,0,3215.761426824297
12542,15,11,3335.09,117,2024-01-12 04:33:05,2025-12-17 04:05:11,United Kingdom,303.19,704,3,3,4,334,Loyal Customers,0,3215.761426824297
12543,37,11,4503.62,136,2024-01-05 19:50:15,2025-11-25 12:06:44,United Kingdom,409.42,689,2,3,5,235,At Risk,0,3215.761426824297
12544,1,11,2162.64,92,2024-02-06 18:24:16,2025-12-31 06:28:31,United Kingdom,196.60363636363635,693,5,3,1,531,Loyal Customers,0,3215.761426824297
12545,33,11,3629.5099999999998,124,2024-02-21 19:56:04,2025-11-29 22:36:33,United Kingdom,329.95545454545453,647,2,3,4,234,At Risk,0,3215.761426824297
12546,18,10,2259.01,109,2024-01-25 13:16:27,2025-12-14 01:25:05,United Kingdom,225.901,688,3,1,1,311,Need Attention,1,3109.399468085106
12547,5,11,6004.95,163,2024-01-10 03:12:58,2025-12-27 18:07:24,United Kingdom,545.9045454545454,717,5,3,5,535,Loyal Customers,0,3215.761426824297
12548,20,11,2930.5099999999998,124,2024-02-26 01:34:25,2025-12-12 17:45:26,United Kingdom,266.40999999999997,655,3,3,3,333,Loyal Customers,0,3215.761426824297
12549,16,11,2622.41,96,2024-02-10 21:24:40,2025-12-16 01:21:33,United Kingdom,238.40090909090907,674,3,3,2,332,Loyal Customers,0,3215.761426824297
12550,50,11,3269.77,118,2024-01-24 21:43:36,2025-11-12 07:56:59,United Kingdom,297.2518181818182,657,1,3,4,134,At Risk,0,3215.761426824297
12551,31,11,2784.45,115,2024-01-12 00:21:52,2025-12-01 14:39:15,United Kingdom,253.13181818181818,689,2,3,2,232,At Risk,0,3215.761426824297
12552,9,11,2380.05,110,2024-01-07 02:19:42,2025-12-23 04:50:39,United Kingdom,216.36818181818182,716,4,3,1,431,Loyal Customers,0,3215.761426824297
12553,8,11,3213.39,116,2024-01-08 22:51:59,2025-12-24 07:11:44,United Kingdom,292.12636363636364,715,4,3,3,433,Loyal Customers,0,3215.761426824297
12554,2,11,3736.3,112,2024-01-06 18:25:47,2025-12-30 00:43:05,United Kingdom,339.6636363636364,723,5,3,4,534,Loyal Customers,0,3215.761426824297
12555,4,11,2664.5,114,2024-02-15 20:08:31,2025-12-28 15:22:50,United Kingdom,242.22727272727272,681,5,3,2,532,Loyal Customers,0,3215.761426824297
12556,14,11,3220.67,129,2024-03-03 12:18:10,2025-12-18 02:53:40,United Kingdom,292.78818181818184,654,3,3,4,334,Loyal Customers,0,3215.761426824297
12557,8,11,2307.16,107,2024-01-02 12:26:41,2025-12-24 13:45:17,United Kingdom,209.74181818181816,722,4,3,1,431,Loyal Customers,0,3215.761426824297
12558,19,11,2532.12,105,2024-01-18 06:26:37,2025-12-13 19:45:52,United Kingdom,230.19272727272727,695,3,3,2,332,Loyal Customers,0,3215.761426824297
12559,51,10,2260.64,98,2024-01-10 10:35:46,2025-11-11 13:10:56,United Kingdom,226.064,671,1,1,1,111,Hibernating,1,3109.399468085106
12560,5,11,2952.28,113,2024-02-27 22:17:40,2025-12-27 14:41:49,United Kingdom,268.38909090909095,668,5,3,3,533,Loyal Customers,0,3215.761426824297
12561,39,11,3396.13,106,2024-02-03 00:48:01,2025-11-23 14:46:22,United Kingdom,308.7390909090909,659,1,3,4,134,At Risk,0,3215.761426824297
12562,23,11,2078.71,101,2024-02-20 15:57:12,2025-12-09 22:51:24,United Kingdom,188.97363636363636,658,2,3,1,231,At Risk,0,3215.761426824297
12563,8,11,5619.18,144,2024-01-21 04:50:16,2025-12-24 07:04:36,United Kingdom,510.8345454545455,703,4,3,5,435,Loyal Customers,0,3215.761426824297
12564,26,11,2964.88,109,2024-01-24 21:02:17,2025-12-06 00:14:17,United Kingdom,269.5345454545455,681,2,3,3,233,At Risk,0,3215.761426824297
12565,3,11,4679.26,135,2024-01-03 09:05:38,2025-12-29 21:45:59,United Kingdom,425.3872727272728,726,5,3,5,535,Loyal Customers,0,3215.761426824297
12566,21,11,2466.31,109,2024-01-01 03:06:27,2025-12-11 05:04:21,United Kingdom,224.21,710,3,3,2,332,Loyal Customers,0,3215.761426824297
12567,9,11,2876.14,115,2024-01-02 15:25:56,2025-12-23 11:02:10,United Kingdom,261.4672727272727,720,4,3,3,433,Loyal Customers,0,3215.761426824297
12568,14,11,2334.62,121,2024-01-28 22:33:04,2025-12-18 18:43:35,Spain,212.2381818181818,689,3,3,1,331,Loyal Customers,0,3215.761426824297
12569,24,11,2262.21,121,2024-02-23 10:26:29,2025-12-08 05:50:16,United Kingdom,205.65545454545455,653,2,3,1,231,At Risk,0,3215.761426824297
12570,1,11,3103.21,134,2024-02-17 06:58:31,2025-12-31 16:09:45,United Kingdom,282.11,683,5,3,3,533,Loyal Customers,0,3215.761426824297
12571,48,11,4999.01,126,2024-01-22 09:15:28,2025-11-14 14:29:42,United Kingdom,454.4554545454546,662,1,3,5,135,At Risk,0,3215.761426824297
12572,17,11,1992.0,94,2024-01-25 21:50:32,2025-12-15 20:31:02,United Kingdom,181.0909090909091,689,3,3,1,331,Loyal Customers,0,3215.761426824297
12573,2,11,2787.64,111,2024-01-01 05:05:44,2025-12-30 02:09:48,United Kingdom,253.42181818181817,728,5,3,2,532,Loyal Customers,0,3215.761426824297
12574,41,11,4078.71,137,2024-01-09 08:08:54,2025-11-21 21:08:09,United Kingdom,370.7918181818182,682,1,3,5,135,At Risk,0,3215.761426824297
12575,2,11,5137.68,150,2024-01-19 13:10:54,2025-12-30 11:51:36,United Kingdom,467.0618181818182,710,5,3,5,535,Loyal Customers,0,3215.761426824297
12576,59,11,2208.39,97,2024-01-06 04:04:26,2025-11-03 21:57:35,United Kingdom,200.76272727272726,667,1,3,1,131,At Risk,0,3215.761426824297
12577,10,11,7178.47,164,2024-01-05 14:33:43,2025-12-22 10:51:42,United Kingdom,652.5881818181819,716,4,3,5,435,Loyal Customers,0,3215.761426824297
12578,20,11,5917.5599999999995,146,2024-01-24 04:11:42,2025-12-12 09:46:54,United Kingdom,537.9599999999999,688,3,3,5,335,Loyal Customers,0,3215.761426824297
12579,3,11,2172.61,105,2024-01-02 14:27:31,2025-12-29 07:22:54,United Kingdom,197.51000000000002,726,5,3,1,531,Loyal Customers,0,3215.761426824297
12580,1,11,2779.12,113,2024-01-13 04:51:37,2025-12-31 17:23:01,United Kingdom,252.6472727272727,718,5,3,2,532,Loyal Customers,0,3215.761426824297
12581,9,11,3058.6,116,2024-01-12 15:08:20,2025-12-23 19:26:08,United Kingdom,278.05454545454546,711,4,3,3,433,Loyal Customers,0,3215.761426824297
12582,34,11,3601.65,119,2024-01-04 12:04:15,2025-11-28 19:51:41,United Kingdom,327.4227272727273,694,2,3,4,234,At Risk,0,3215.761426824297
12583,15,11,3649.75,137,2024-01-02 15:45:19,2025-12-17 05:45:45,United Kingdom,331.79545454545456,714,3,3,4,334,Loyal Customers,0,3215.761426824297
12584,9,11,3049.46,123,2024-01-15 01:53:51,2025-12-23 19:22:07,United Kingdom,277.2236363636364,708,4,3,3,433,Loyal Customers,0,3215.761426824297
12585,79,11,2435.88,112,2024-01-29 00:40:40,2025-10-14 17:55:13,United Kingdom,221.4436363636364,624,1,3,1,131,At Risk,0,3215.761426824297
12586,30,11,2799.92,109,2024-03-08 09:36:01,2025-12-02 03:43:18,United Kingdom,254.5381818181818,633,2,3,2,232,At Risk,0,3215.761426824297
12587,52,11,3119.5499999999997,119,2024-01-09 07:23:45,2025-11-10 01:43:33,United Kingdom,283.5954545454545,670,1,3,3,133,At Risk,0,3215.761426824297
12588,8,11,3255.24,117,2024-01-28 14:22:54,2025-12-24 21:43:12,United Kingdom,295.9309090909091,696,4,3,4,434,Loyal Customers,0,3215.761426824297
12589,41,11,2436.7200000000003,102,2024-03-11 07:10:14,2025-11-21 16:49:48,United Kingdom,221.52,620,1,3,1,131,At Risk,0,3215.761426824297
12590,31,11,3957.82,129,2024-03-04 03:38:08,2025-12-01 01:08:55,United Kingdom,359.8018181818182,636,2,3,5,235,At Risk,0,3215.761426824297
12591,29,11,2360.92,102,2024-01-02 08:24:07,2025-12-03 15:53:07,United Kingdom,214.6290909090909,701,2,3,1,231,At Risk,0,3215.761426824297
12592,26,11,2340.84,113,2024-01-13 00:40:48,2025-12-06 03:02:06,United Kingdom,212.80363636363637,693,2,3,1,231,At Risk,0,3215.761426824297
12593,8,11,2509.84,112,2024-01-05 21:41:21,2025-12-24 01:19:26,United Kingdom,228.16727272727275,718,4,3,2,432,Loyal Customers,0,3215.761426824297
12594,95,11,1912.65,98,2024-01-10 02:07:39,2025-09-28 12:48:17,United Kingdom,173.87727272727273,627,1,3,1,131,At Risk,0,3215.761426824297
12595,20,11,2200.92,107,2024-01-14 06:53:33,2025-12-12 22:53:51,United Kingdom,200.08363636363637,698,3,3,1,331,Loyal Customers,0,3215.761426824297
12596,8,11,3561.38,107,2024-01-29 04:44:05,2025-12-24 13:17:00,United Kingdom,323.76181818181817,695,4,3,4,434,Loyal Customers,0,3215.761426824297
12597,56,11,3235.1,127,2024-01-08 20:06:09,2025-11-06 19:29:55,United Kingdom,294.09999999999997,667,1,3,4,134,At Risk,0,3215.761426824297
12598,23,11,3485.56,128,2024-02-03 13:46:54,2025-12-09 05:09:39,United Kingdom,316.8690909090909,674,2,3,4,234,At Risk,0,3215.761426824297
12599,9,11,2542.97,113,2024-02-13 00:35:40,2025-12-23 02:58:26,United Kingdom,231.1790909090909,679,4,3,2,432,Loyal Customers,0,3215.761426824297
12600,10,11,2350.55,116,2024-02-01 03:13:13,2025-12-22 06:31:24,United Kingdom,213.68636363636367,690,4,3,1,431,Loyal Customers,0,3215.761426824297
12601,21,11,2451.32,110,2024-03-02 10:16:11,2025-12-11 16:26:37,United Kingdom,222.84727272727275,649,3,3,1,331,Loyal Customers,0,3215.761426824297
12602,58,11,3882.79,141,2024-01-04 22:50:50,2025-11-04 15:25:46,United Kingdom,352.9809090909091,669,1,3,5,135,At Risk,0,3215.761426824297
12603,13,11,3428.7799999999997,118,2024-02-24 01:39:15,2025-12-19 12:43:57,United Kingdom,311.7072727272727,664,3,3,4,334,Loyal Customers,0,3215.761426824297
12604,48,11,2607.51,107,2024-01-01 21:40:30,2025-11-14 11:32:14,United Kingdom,237.04636363636365,682,1,3,2,132,At Risk,0,3215.761426824297
12605,65,11,2797.32,105,2024-01-07 19:47:36,2025-10-28 13:04:50,United Kingdom,254.3018181818182,659,1,3,2,132,At Risk,0,3215.761426824297
12606,13,11,2224.04,101,2024-01-03 05:39:52,2025-12-19 08:31:23,United Kingdom,202.18545454545455,716,3,3,1,331,Loyal Customers,0,3215.761426824297
12607,34,11,4600.49,133,2024-01-28 10:29:19,2025-11-28 15:51:11,United Kingdom,418.2263636363636,670,2,3,5,235,At Risk,0,3215.761426824297
12608,4,11,2462.7400000000002,94,2024-01-03 09:31:05,2025-12-28 11:05:57,United Kingdom,223.88545454545456,725,5,3,2,532,Loyal Customers,0,3215.761426824297
12609,2,11,2768.12,111,2024-02-05 11:28:09,2025-12-30 23:32:13,United Kingdom,251.6472727272727,694,5,3,2,532,Loyal Customers,0,3215.761426824297
12610,7,11,3000.52,130,2024-01-25 18:49:09,2025-12-25 11:53:12,United Kingdom,272.77454545454543,699,4,3,3,433,Loyal Customers,0,3215.761426824297
12611,21,11,2631.05,118,2024-01-08 22:17:41,2025-12-11 02:39:26,United Kingdom,239.18636363636367,702,3,3,2,332,Loyal Customers,0,3215.761426824297
12612,14,11,3484.89,140,2024-02-12 02:48:28,2025-12-18 02:32:48,United Kingdom,316.8081818181818,674,3,3,4,334,Loyal Customers,0,3215.761426824297
12613,34,11,2593.02,106,2024-01-18 14:16:48,2025-11-28 08:47:30,United Kingdom,235.7290909090909,679,2,3,2,232,At Risk,0,3215.761426824297
12614,138,11,3695.37,115,2024-01-20 15:30:07,2025-08-16 17:32:50,United Kingdom,335.94272727272727,574,1,3,4,134,At Risk,0,3215.761426824297
12615,16,11,3030.7,120,2024-01-13 13:29:16,2025-12-16 16:49:40,United Kingdom,275.5181818181818,703,3,3,3,333,Loyal Customers,0,3215.761426824297
12616,2,11,2581.95,109,2024-01-04 00:28:17,2025-12-30 22:32:57,United Kingdom,234.72272727272727,726,5,3,2,532,Loyal Customers,0,3215.761426824297
12617,16,11,5531.11,173,2024-01-12 22:16:24,2025-12-16 06:28:41,United Kingdom,502.8281818181818,703,3,3,5,335,Loyal Customers,0,3215.761426824297
12618,3,11,3382.16,125,2024-01-20 01:37:52,2025-12-29 16:14:31,United Kingdom,307.4690909090909,709,5,3,4,534,Loyal Customers,0,3215.761426824297
12619,6,11,4197.32,112,2024-01-10 18:46:09,2025-12-26 10:32:16,United Kingdom,381.57454545454544,715,4,3,5,435,Loyal Customers,0,3215.761426824297
12620,11,11,2551.16,109,2024-01-08 03:24:02,2025-12-21 14:16:07,United Kingdom,231.92363636363635,713,4,3,2,432,Loyal Customers,0,3215.761426824297
12621,54,11,3744.13,113,2024-01-15 04:15:38,2025-11-08 05:08:57,United Kingdom,340.37545454545455,663,1,3,4,134,At Risk,0,3215.761426824297
12622,3,11,3607.68,133,2024-01-29 04:20:17,2025-12-29 18:06:50,United Kingdom,327.97090909090906,700,5,3,4,534,Loyal Customers,0,3215.761426824297
12623,23,11,2255.29,110,2024-02-18 08:31:08,2025-12-09 06:34:35,United Kingdom,205.02636363636364,659,2,3,1,231,At Risk,0,3215.761426824297
12624,23,11,2569.59,116,2024-01-21 10:32:53,2025-12-09 04:16:38,United Kingdom,233.59909090909093,687,2,3,2,232,At Risk,0,3215.761426824297
12625,14,11,3083.25,120,2024-01-31 03:01:21,2025-12-18 15:58:17,United Kingdom,280.29545454545456,687,3,3,3,333,Loyal Customers,0,3215.761426824297
12626,14,11,3363.9500000000003,138,2024-01-05 00:29:46,2025-12-18 11:24:18,United Kingdom,305.81363636363636,713,3,3,4,334,Loyal Customers,0,3215.761426824297
12627,8,11,3186.86,117,2024-01-03 04:58:25,2025-12-24 07:34:40,United Kingdom,289.7145454545455,721,4,3,3,433,Loyal Customers,0,3215.761426824297
12628,7,10,2891.69,107,2024-01-11 12:27:07,2025-12-25 03:12:10,France,289.169,713,4,1,3,413,New / Promising,1,3109.399468085106
12629,7,11,3103.02,123,2024-02-11 00:18:56,2025-12-25 22:56:40,United Kingdom,282.09272727272725,683,4,3,3,433,Loyal Customers,0,3215.761426824297
12630,33,11,2856.6,127,2024-02-09 06:27:45,2025-11-29 23:26:28,United Kingdom,259.6909090909091,659,2,3,3,233,At Risk,0,3215.761426824297
12631,62,11,2209.57,94,2024-01-05 05:15:51,2025-10-31 20:29:38,United Kingdom,200.87,665,1,3,1,131,At Risk,0,3215.761426824297
12632,35,11,2478.15,115,2024-01-05 23:28:40,2025-11-27 07:10:47,United Kingdom,225.28636363636363,691,2,3,2,232,At Risk,0,3215.761426824297
12633,18,11,3499.57,133,2024-01-08 06:23:43,2025-12-14 20:33:16,United Kingdom,318.1427272727273,706,3,3,4,334,Loyal Customers,0,3215.761426824297
12634,22,11,2212.29,99,2024-01-16 18:26:38,2025-12-10 23:35:25,United Kingdom,201.11727272727273,694,3,3,1,331,Loyal Customers,0,3215.761426824297
12635,56,11,3701.7400000000002,126,2024-01-06 07:35:13,2025-11-06 03:10:14,United Kingdom,336.5218181818182,669,1,3,4,134,At Risk,0,3215.761426824297
12636,6,11,2881.1,121,2024-02-10 23:53:50,2025-12-26 02:40:55,United Kingdom,261.91818181818184,684,4,3,3,433,Loyal Customers,0,3215.761426824297
12637,9,11,3177.42,113,2024-01-24 22:09:51,2025-12-23 12:48:42,United Kingdom,288.85636363636365,698,4,3,3,433,Loyal Customers,0,3215.761426824297
12638,6,11,3001.65,126,2024-01-16 13:54:58,2025-12-26 18:33:45,United Kingdom,272.8772727272727,710,4,3,3,433,Loyal Customers,0,3215.761426824297
12639,46,11,2568.45,100,2024-01-15 09:46:48,2025-11-16 23:42:03,United Kingdom,233.49545454545452,671,1,3,2,132,At Risk,0,3215.761426824297
12640,13,11,3226.92,118,2024-02-02 22:55:57,2025-12-19 00:09:01,United Kingdom,293.35636363636365,685,3,3,4,334,Loyal Customers,0,3215.761426824297
12641,5,11,1873.1100000000001,97,2024-03-21 01:08:05,2025-12-27 21:55:10,Germany,170.28272727272727,646,5,3,1,531,Loyal Customers,0,3215.761426824297
12642,31,10,3490.06,114,2024-02-01 13:33:29,2025-12-01 17:45:42,United Kingdom,349.006,669,2,1,4,214,Hibernating,1,3109.399468085106
12643,21,11,4092.69,128,2024-01-10 21:01:49,2025-12-11 07:37:52,United Kingdom,372.0627272727273,700,3,3,5,335,Loyal Customers,0,3215.761426824297
12644,9,11,3342.02,117,2024-01-01 15:55:00,2025-12-23 21:12:24,United Kingdom,303.82,722,4,3,4,434,Loyal Customers,0,3215.761426824297
12645,6,11,3711.71,125,2024-01-17 17:02:09,2025-12-26 10:59:15,United Kingdom,337.4281818181818,708,4,3,4,434,Loyal Customers,0,3215.761426824297
12646,127,11,2711.37,102,2024-01-31 10:55:01,2025-08-27 22:17:08,United Kingdom,246.4881818181818,574,1,3,2,132,At Risk,0,3215.761426824297
12647,11,11,3538.14,127,2024-01-04 09:25:53,2025-12-21 02:14:21,United Kingdom,321.6490909090909,716,4,3,4,434,Loyal Customers,0,3215.761426824297
12648,7,11,3543.93,124,2024-01-02 21:14:45,2025-12-25 02:39:46,United Kingdom,322.17545454545456,722,4,3,4,434,Loyal Customers,0,3215.761426824297
12649,19,11,3163.35,101,2024-02-08 02:17:14,2025-12-13 18:17:28,United Kingdom,287.5772727272727,674,3,3,3,333,Loyal Customers,0,3215.761426824297
12650,78,11,2513.43,123,2024-04-19 18:59:47,2025-10-15 06:18:16,United Kingdom,228.49363636363634,543,1,3,2,132,At Risk,0,3215.761426824297
12651,4,11,3223.99,126,2024-01-05 20:23:16,2025-12-28 23:36:52,United Kingdom,293.09,723,5,3,4,534,Loyal Customers,0,3215.761426824297
12652,2,11,2839.7000000000003,115,2024-01-09 21:03:37,2025-12-30 14:47:06,United Kingdom,258.1545454545455,720,5,3,3,533,Loyal Customers,0,3215.761426824297
12653,48,11,2477.52,111,2024-02-25 03:33:07,2025-11-14 10:33:45,United Kingdom,225.2290909090909,628,1,3,2,132,At Risk,0,3215.761426824297
12654,31,11,5032.57,136,2024-01-30 05:25:11,2025-12-01 08:22:50,United Kingdom,457.50636363636363,671,2,3,5,235,At Risk,0,3215.761426824297
12655,21,11,3720.91,122,2024-02-07 12:12:38,2025-12-11 05:07:18,United Kingdom,338.26454545454544,672,3,3,4,334,Loyal Customers,0,3215.761426824297
12656,36,11,3970.41,128,2024-02-28 09:54:40,2025-11-26 06:59:39,United Kingdom,360.9463636363636,636,2,3,5,235,At Risk,0,3215.761426824297
12657,4,11,3101.13,106,2024-03-01 00:36:42,2025-12-28 17:30:29,United Kingdom,281.9209090909091,667,5,3,3,533,Loyal Customers,0,3215.761426824297
12658,38,11,3471.79,134,2024-01-12 18:31:24,2025-11-24 04:22:08,United Kingdom,315.61727272727273,681,2,3,4,234,At Risk,0,3215.761426824297
12659,24,11,3155.91,122,2024-01-15 16:40:05,2025-12-08 02:21:48,United Kingdom,286.90090909090907,692,2,3,3,233,At Risk,0,3215.761426824297
12660,29,11,3476.5299999999997,113,2024-03-10 05:45:30,2025-12-03 06:47:35,United Kingdom,316.0481818181818,633,2,3,4,234,At Risk,0,3215.761426824297
12661,3,11,2351.32,105,2024-01-16 07:52:29,2025-12-29 18:46:46,United Kingdom,213.75636363636366,713,5,3,1,531,Loyal Customers,0,3215.761426824297
12662,47,10,2169.81,86,2024-01-08 14:15:47,2025-11-15 06:15:03,United Kingdom,216.981,676,1,1,1,111,Hibernating,1,3109.399468085106
12663,12,11,3150.8,133,2024-03-26 20:38:41,2025-12-20 21:06:10,United Kingdom,286.43636363636364,634,4,3,3,433,Loyal Customers,0,3215.761426824297
12664,22,11,2499.91,114,2024-01-06 03:00:01,2025-12-10 10:12:37,United Kingdom,227.26454545454544,704,3,3,2,332,Loyal Customers,0,3215.761426824297
12665,30,11,3196.42,126,2024-01-05 06:05:30,2025-12-02 08:35:10,United Kingdom,290.58363636363634,697,2,3,3,233,At Risk,0,3215.761426824297
12666,1,10,1976.57,104,2024-01-16 23:03:42,2025-12-31 22:56:43,United Kingdom,197.65699999999998,714,5,1,1,511,New / Promising,1,3109.399468085106
12667,5,11,2974.56,103,2024-01-21 00:01:33,2025-12-27 05:33:22,United Kingdom,270.4145454545455,706,5,3,3,533,Loyal Customers,0,3215.761426824297
12668,45,11,3061.64,129,2024-02-07 16:52:21,2025-11-17 17:34:41,United Kingdom,278.3309090909091,649,1,3,3,133,At Risk,0,3215.761426824297
12669,7,11,3369.01,117,2024-01-13 12:56:02,2025-12-25 03:40:23,United Kingdom,306.2736363636364,711,4,3,4,434,Loyal Customers,0,3215.761426824297
12670,16,11,2906.04,127,2024-01-06 08:22:23,2025-12-16 04:25:52,United Kingdom,264.18545454545455,709,3,3,3,333,Loyal Customers,0,3215.761426824297
12671,6,11,3269.47,114,2024-01-21 11:42:14,2025-12-26 00:06:06,United Kingdom,297.2245454545454,704,4,3,4,434,Loyal Customers,0,3215.761426824297
12672,64,11,3252.34,112,2024-01-21 17:39:34,2025-10-29 11:03:08,United Kingdom,295.66727272727275,646,1,3,4,134,At Risk,0,3215.761426824297
12673,2,11,8278.56,169,2024-01-15 21:13:01,2025-12-30 05:30:40,United Kingdom,752.5963636363635,714,5,3,5,535,Loyal Customers,0,3215.761426824297
12674,24,11,6569.75,150,2024-02-05 18:06:19,2025-12-08 03:32:42,United Kingdom,597.25,671,2,3,5,235,At Risk,0,3215.761426824297
12675,15,11,3878.16,123,2024-01-08 08:36:06,2025-12-17 22:03:08,United Kingdom,352.56,709,3,3,5,335,Loyal Customers,0,3215.761426824297
12676,35,11,2397.87,109,2024-01-08 20:43:10,2025-11-27 07:51:56,United Kingdom,217.9881818181818,688,2,3,1,231,At Risk,0,3215.761426824297
12677,68,11,2445.9,113,2024-03-11 09:29:32,2025-10-25 01:37:02,United Kingdom,222.35454545454547,592,1,3,1,131,At Risk,0,3215.761426824297
12678,9,11,4426.35,135,2024-02-19 10:32:47,2025-12-23 16:18:35,United Kingdom,402.3954545454546,673,4,3,5,435,Loyal Customers,0,3215.761426824297
12679,35,11,2303.11,108,2024-01-29 06:06:02,2025-11-27 04:00:37,United Kingdom,209.37363636363636,667,2,3,1,231,At Risk,0,3215.761426824297
12680,20,11,3755.77,127,2024-03-04 03:15:24,2025-12-12 21:11:27,United Kingdom,341.43363636363637,648,3,3,4,334,Loyal Customers,0,3215.761426824297
12681,40,11,2090.14,99,2024-01-01 14:03:10,2025-11-22 20:01:38,United Kingdom,190.01272727272726,691,1,3,1,131,At Risk,0,3215.761426824297
12682,42,11,3772.23,140,2024-02-04 05:13:58,2025-11-20 21:57:45,United Kingdom,342.93,655,1,3,4,134,At Risk,0,3215.761426824297
12683,55,11,4955.47,145,2024-01-03 00:04:04,2025-11-07 22:02:29,United Kingdom,450.49727272727273,674,1,3,5,135,At Risk,0,3215.761426824297
12684,96,11,3108.9,113,2024-01-07 20:21:26,2025-09-27 00:33:29,United Kingdom,282.6272727272727,628,1,3,3,133,At Risk,0,3215.761426824297
12685,46,11,2918.69,117,2024-01-01 21:21:20,2025-11-16 07:24:51,United Kingdom,265.3354545454545,684,1,3,3,133,At Risk,0,3215.761426824297
12686,10,11,2360.92,115,2024-01-18 11:27:41,2025-12-22 22:51:23,United Kingdom,214.6290909090909,704,4,3,1,431,Loyal Customers,0,3215.761426824297
12687,25,10,2619.77,110,2024-01-08 06:37:10,2025-12-07 04:56:27,United Kingdom,261.977,698,2,1,2,212,Hibernating,1,3109.399468085106
12688,32,11,2998.33,128,2024-01-02 07:31:08,2025-11-30 02:53:37,United Kingdom,272.57545454545453,697,2,3,3,233,At Risk,0,3215.761426824297
12689,43,11,2692.61,120,2024-01-30 21:35:54,2025-11-19 00:07:01,United Kingdom,244.78272727272727,658,1,3,2,132,At Risk,0,3215.761426824297
12690,5,11,3588.96,124,2024-01-02 14:32:22,2025-12-27 17:46:40,United Kingdom,326.2690909090909,725,5,3,4,534,Loyal Customers,0,3215.761426824297
12691,3,11,2376.92,109,2024-01-18 16:10:48,2025-12-29 23:43:20,United Kingdom,216.08363636363637,711,5,3,1,531,Loyal Customers,0,3215.761426824297
12692,9,11,2604.08,108,2024-01-27 15:08:17,2025-12-23 12:13:11,United Kingdom,236.73454545454544,695,4,3,2,432,Loyal Customers,0,3215.761426824297
12693,5,11,3161.59,110,2024-03-12 07:11:37,2025-12-27 06:54:00,United Kingdom,287.41727272727275,654,5,3,3,533,Loyal Customers,0,3215.761426824297
12694,29,11,2754.76,104,2024-01-09 09:57:10,2025-12-03 18:21:03,United Kingdom,250.4327272727273,694,2,3,2,232,At Risk,0,3215.761426824297
12695,5,11,2711.06,105,2024-01-15 10:03:03,2025-12-27 07:45:49,United Kingdom,246.46,711,5,3,2,532,Loyal Customers,0,3215.761426824297
12696,21,11,2726.11,101,2024-03-18 17:12:21,2025-12-11 02:55:55,United Kingdom,247.82818181818183,632,3,3,2,332,Loyal Customers,0,3215.761426824297
12697,19,11,2973.43,120,2024-01-07 11:19:34,2025-12-13 05:20:35,United Kingdom,270.3118181818182,705,3,3,3,333,Loyal Customers,0,3215.761426824297
12698,100,11,2630.04,112,2024-04-06 03:22:12,2025-09-23 21:29:15,United Kingdom,239.09454545454545,535,1,3,2,132,At Risk,0,3215.761426824297
12699,21,11,4232.28,132,2024-01-22 13:18:04,2025-12-11 20:35:11,United Kingdom,384.75272727272727,689,3,3,5,335,Loyal Customers,0,3215.761426824297
12700,52,11,3841.17,122,2024-01-07 00:22:25,2025-11-10 14:32:04,United Kingdom,349.1972727272727,673,1,3,4,134,At Risk,0,3215.761426824297
12701,11,11,2383.04,125,2024-01-02 14:26:24,2025-12-21 00:05:21,United Kingdom,216.64,718,4,3,1,431,Loyal Customers,0,3215.761426824297
12702,3,11,3223.79,136,2024-01-10 19:19:57,2025-12-29 21:09:53,United Kingdom,293.0718181818182,719,5,3,4,534,Loyal Customers,0,3215.761426824297
12703,57,11,3077.83,120,2024-02-15 23:44:53,2025-11-05 12:12:06,United Kingdom,279.8027272727273,628,1,3,3,133,At Risk,0,3215.761426824297
12704,66,11,4010.56,133,2024-01-05 01:28:18,2025-10-27 10:37:00,United Kingdom,364.5963636363636,661,1,3,5,135,At Risk,0,3215.761426824297
12705,5,11,2476.51,127,2024-01-11 08:26:49,2025-12-27 18:35:02,United Kingdom,225.13727272727274,716,5,3,2,532,Loyal Customers,0,3215.761426824297
12706,4,11,3627.81,150,2024-02-01 16:07:56,2025-12-28 16:45:55,United Kingdom,329.8009090909091,696,5,3,4,534,Loyal Customers,0,3215.761426824297
12707,20,11,2267.2,110,2024-01-07 20:19:48,2025-12-12 23:00:32,United Kingdom,206.1090909090909,705,3,3,1,331,Loyal Customers,0,3215.761426824297
12708,28,10,2512.96,97,2024-01-27 19:05:53,2025-12-04 21:52:18,United Kingdom,251.296,677,2,1,2,212,Hibernating,1,3109.399468085106
12709,28,11,2616.34,110,2024-01-20 20:29:18,2025-12-04 17:50:19,United Kingdom,237.84909090909093,683,2,3,2,232,At Risk,0,3215.761426824297
12710,7,11,2127.12,101,2024-01-17 17:59:09,2025-12-25 14:31:00,United Kingdom,193.37454545454545,707,4,3,1,431,Loyal Customers,0,3215.761426824297
12711,8,11,3529.45,123,2024-01-04 06:07:07,2025-12-24 16:42:19,United Kingdom,320.85909090909087,720,4,3,4,434,Loyal Customers,0,3215.761426824297
12712,6,11,2890.2599999999998,125,2024-02-14 17:51:58,2025-12-26 02:16:49,United Kingdom,262.7509090909091,680,4,3,3,433,Loyal Customers,0,3215.761426824297
12713,13,11,4083.22,141,2024-01-29 03:23:44,2025-12-19 16:29:12,United Kingdom,371.20181818181817,690,3,3,5,335,Loyal Customers,0,3215.761426824297
12714,42,11,4676.66,143,2024-01-04 12:43:07,2025-11-20 16:52:24,United Kingdom,425.15090909090907,686,1,3,5,135,At Risk,0,3215.761426824297
12715,16,11,2256.62,88,2024-01-19 21:15:35,2025-12-16 21:36:57,United Kingdom,205.1472727272727,697,3,3,1,331,Loyal Customers,0,3215.761426824297
12716,9,11,4293.67,119,2024-02-16 07:35:54,2025-12-23 10:02:09,United Kingdom,390.33363636363634,676,4,3,5,435,Loyal Customers,0,3215.761426824297
12717,13,11,2486.14,121,2024-02-01 02:50:08,2025-12-19 00:03:52,United Kingdom,226.01272727272726,686,3,3,2,332,Loyal Customers,0,3215.761426824297
12718,13,11,4236.93,139,2024-01-06 16:20:08,2025-12-19 15:48:34,United Kingdom,385.17545454545456,712,3,3,5,335,Loyal Customers,0,3215.761426824297
12719,47,11,2780.8,111,2024-01-05 21:53:54,2025-11-15 01:17:02,United Kingdom,252.8,679,1,3,2,132,At Risk,0,3215.761426824297
12720,69,11,2271.81,104,2024-01-20 22:39:59,2025-10-24 08:51:33,United Kingdom,206.52818181818182,642,1,3,1,131,At Risk,0,3215.761426824297
12721,6,11,3721.06,135,2024-03-03 12:31:33,2025-12-26 08:55:39,United Kingdom,338.2781818181818,662,4,3,4,434,Loyal Customers,0,3215.761426824297
12722,2,11,4147.87,130,2024-01-07 19:18:29,2025-12-30 17:24:33,United Kingdom,377.0790909090909,722,5,3,5,535,Loyal Customers,0,3215.761426824297
12723,18,11,2588.76,117,2024-01-10 18:41:11,2025-12-14 14:09:18,United Kingdom,235.3418181818182,703,3,3,2,332,Loyal Customers,0,3215.761426824297
12724,38,11,2849.33,110,2024-01-27 12:43:46,2025-11-24 02:56:18,United Kingdom,259.03,666,2,3,3,233,At Risk,0,3215.761426824297
12725,10,11,4033.75,149,2024-01-10 14:27:01,2025-12-22 01:15:38,United Kingdom,366.70454545454544,711,4,3,5,435,Loyal Customers,0,3215.761426824297
12726,16,11,3032.28,112,2024-01-02 19:01:45,2025-12-16 18:05:15,United Kingdom,275.6618181818182,713,3,3,3,333,Loyal Customers,0,3215.761426824297
12727,13,11,2300.48,104,2024-03-03 15:03:10,2025-12-19 16:55:43,United Kingdom,209.13454545454545,656,3,3,1,331,Loyal Customers,0,3215.761426824297
12728,26,11,2912.0699999999997,118,2024-01-04 01:22:47,2025-12-06 08:10:15,United Kingdom,264.7336363636363,702,2,3,3,233,At Risk,0,3215.761426824297
12729,7,11,3459.85,127,2024-01-30 11:08:49,2025-12-25 14:41:31,United Kingdom,314.53181818181815,695,4,3,4,434,Loyal Customers,0,3215.761426824297
12730,7,10,2082.08,100,2024-01-22 23:14:51,2025-12-25 14:42:49,United Kingdom,208.208,702,4,1,1,411,New / Promising,1,3109.399468085106
12731,7,11,3320.45,125,2024-02-29 01:11:57,2025-12-25 06:12:41,United Kingdom,301.85909090909087,665,4,3,4,434,Loyal Customers,0,3215.761426824297
12732,16,11,2827.88,118,2024-01-10 03:14:07,2025-12-16 03:37:18,United Kingdom,257.08,706,3,3,3,333,Loyal Customers,0,3215.761426824297
12733,4,11,2766.54,118,2024-02-14 23:20:11,2025-12-28 00:48:09,United Kingdom,251.50363636363636,682,5,3,2,532,Loyal Customers,0,3215.761426824297
12734,15,11,3042.12,114,2024-02-15 20:33:23,2025-12-17 14:57:13,United Kingdom,276.55636363636364,670,3,3,3,333,Loyal Customers,0,3215.761426824297
12735,16,11,5728.16,156,2024-01-17 05:59:12,2025-12-16 12:51:59,United Kingdom,520.7418181818182,699,3,3,5,335,Loyal Customers,0,3215.761426824297
12736,13,11,2413.81,104,2024-02-03 16:41:31,2025-12-19 21:37:52,United Kingdom,219.43727272727273,685,3,3,1,331,Loyal Customers,0,3215.761426824297
12737,14,11,2644.96,103,2024-01-25 14:16:51,2025-12-18 03:25:32,United Kingdom,240.4509090909091,692,3,3,2,332,Loyal Customers,0,3215.761426824297
12738,29,11,2811.2999999999997,104,2024-01-04 09:16:00,2025-12-03 19:17:47,United Kingdom,255.57272727272724,699,2,3,2,232,At Risk,0,3215.761426824297
12739,2,11,3444.0299999999997,133,2024-02-11 19:46:28,2025-12-30 21:56:16,United Kingdom,313.09363636363634,688,5,3,4,534,Loyal Customers,0,3215.761426824297
12740,27,11,2322.8,122,2024-01-29 02:28:00,2025-12-05 13:11:37,United Kingdom,211.16363636363639,676,2,3,1,231,At Risk,0,3215.761426824297
12741,57,11,3347.84,121,2024-01-09 03:38:06,2025-11-05 09:58:22,United Kingdom,304.34909090909093,666,1,3,4,134,At Risk,0,3215.761426824297
12742,38,11,3317.5299999999997,115,2024-01-14 07:36:37,2025-11-24 17:31:31,United Kingdom,301.59363636363634,680,2,3,4,234,At Risk,0,3215.761426824297
12743,24,11,3038.19,113,2024-01-14 21:23:58,2025-12-08 09:56:00,United Kingdom,276.1990909090909,693,2,3,3,233,At Risk,0,3215.761426824297
12744,7,11,2960.88,106,2024-02-08 14:16:29,2025-12-25 04:49:04,United Kingdom,269.1709090909091,685,4,3,3,433,Loyal Customers,0,3215.761426824297
12745,19,11,2889.23,121,2024-01-03 05:43:23,2025-12-13 02:53:48,United Kingdom,262.65727272727275,709,3,3,3,333,Loyal Customers,0,3215.761426824297
12746,20,11,3226.59,134,2024-01-19 20:11:47,2025-12-12 19:34:55,United Kingdom,293.3263636363636,692,3,3,4,334,Loyal Customers,0,3215.761426824297
12747,39,11,3018.83,125,2024-01-29 21:05:41,2025-11-23 21:34:19,United Kingdom,274.4390909090909,664,1,3,3,133,At Risk,0,3215.761426824297
12748,36,11,2006.6,89,2024-01-17 11:38:10,2025-11-26 00:59:41,United Kingdom,182.4181818181818,678,2,3,1,231,At Risk,0,3215.761426824297
12749,11,11,3130.29,119,2024-01-05 01:16:12,2025-12-21 00:29:36,United Kingdom,284.5718181818182,715,4,3,3,433,Loyal Customers,0,3215.761426824297
12750,14,11,2816.39,102,2024-02-16 10:33:35,2025-12-18 05:10:17,United Kingdom,256.0354545454545,670,3,3,2,332,Loyal Customers,0,3215.761426824297
12751,42,11,3025.58,123,2024-01-21 17:12:12,2025-11-20 14:21:59,United Kingdom,275.0527272727273,668,1,3,3,133,At Risk,0,3215.761426824297
12752,10,11,4315.34,126,2024-01-23 15:02:30,2025-12-22 17:37:18,United Kingdom,392.3036363636364,699,4,3,5,435,Loyal Customers,0,3215.761426824297
12753,79,11,2266.39,117,2024-01-03 12:56:15,2025-10-14 04:41:40,United Kingdom,206.03545454545454,649,1,3,1,131,At Risk,0,3215.761426824297
12754,19,11,2469.87,109,2024-02-26 18:35:13,2025-12-13 20:08:37,United Kingdom,224.53363636363636,656,3,3,2,332,Loyal Customers,0,3215.761426824297
12755,49,11,2995.89,133,2024-02-12 23:03:52,2025-11-13 23:50:52,United Kingdom,272.3536363636363,640,1,3,3,133,At Risk,0,3215.761426824297
12756,21,11,2972.33,103,2024-01-03 07:30:10,2025-12-11 11:28:52,United Kingdom,270.21181818181816,708,3,3,3,333,Loyal Customers,0,3215.761426824297
12757,10,11,2839.55,110,2024-01-25 11:49:31,2025-12-22 08:46:25,United Kingdom,258.14090909090913,696,4,3,3,433,Loyal Customers,0,3215.761426824297
12758,15,11,2767.54,107,2024-01-16 18:12:59,2025-12-17 06:06:36,United Kingdom,251.59454545454545,700,3,3,2,332,Loyal Customers,0,3215.761426824297
12759,24,11,2739.24,121,2024-01-28 05:08:57,2025-12-08 12:23:51,United Kingdom,249.02181818181816,680,2,3,2,232,At Risk,0,3215.761426824297
12760,33,11,2189.18,114,2024-01-03 22:17:36,2025-11-28 23:54:58,United Kingdom,199.01636363636362,695,2,3,1,231,At Risk,0,3215.761426824297
12761,4,11,3724.77,135,2024-02-13 02:38:49,2025-12-28 01:11:44,United Kingdom,338.61545454545455,683,5,3,4,534,Loyal Customers,0,3215.761426824297
12762,11,11,3174.69,122,2024-03-17 18:29:06,2025-12-21 07:15:58,United Kingdom,288.60818181818183,643,4,3,3,433,Loyal Customers,0,3215.761426824297
12763,25,11,3249.5,122,2024-01-20 15:49:00,2025-12-07 04:35:43,United Kingdom,295.40909090909093,686,2,3,4,234,At Risk,0,3215.761426824297
12764,2,11,3870.31,123,2024-01-11 09:02:31,2025-12-30 11:26:12,United Kingdom,351.8463636363636,719,5,3,5,535,Loyal Customers,0,3215.761426824297
12765,2,11,4460.38,132,2024-01-07 09:02:51,2025-12-30 13:49:02,United Kingdom,405.4890909090909,723,5,3,5,535,Loyal Customers,0,3215.761426824297
12766,19,11,4514.0,148,2024-01-04 11:51:39,2025-12-13 01:03:08,United Kingdom,410.3636363636364,708,3,3,5,335,Loyal Customers,0,3215.761426824297
12767,13,11,4338.0199999999995,117,2024-02-24 02:43:18,2025-12-19 09:39:10,United Kingdom,394.3654545454545,664,3,3,5,335,Loyal Customers,0,3215.761426824297
12768,57,11,2890.73,108,2024-01-22 03:05:47,2025-11-05 06:13:07,United Kingdom,262.7936363636364,653,1,3,3,133,At Risk,0,3215.761426824297
12769,6,11,2915.32,111,2024-02-02 18:27:57,2025-12-26 16:25:00,United Kingdom,265.02909090909094,692,4,3,3,433,Loyal Customers,0,3215.761426824297
12770,2,11,2607.88,110,2024-02-09 06:23:21,2025-12-30 08:39:10,United Kingdom,237.08,690,5,3,2,532,Loyal Customers,0,3215.761426824297
12771,10,11,2778.13,118,2024-01-06 00:44:19,2025-12-22 22:29:10,United Kingdom,252.55727272727273,716,4,3,2,432,Loyal Customers,0,3215.761426824297
12772,1,11,4905.65,134,2024-01-06 10:49:30,2025-12-31 08:28:37,United Kingdom,445.9681818181818,724,5,3,5,535,Loyal Customers,0,3215.761426824297
12773,26,11,4069.82,145,2024-01-04 11:05:48,2025-12-06 05:17:28,United Kingdom,369.9836363636364,701,2,3,5,235,At Risk,0,3215.761426824297
12774,2,11,2784.11,118,2024-01-13 14:41:16,2025-12-30 21:07:30,United Kingdom,253.1009090909091,717,5,3,2,532,Loyal Customers,0,3215.761426824297
12775,28,11,4011.81,146,2024-02-03 21:27:13,2025-12-04 03:39:43,United Kingdom,364.71,669,2,3,5,235,At Risk,0,3215.761426824297
12776,54,11,3116.29,126,2024-02-10 06:04:04,2025-11-08 00:39:10,United Kingdom,283.2990909090909,636,1,3,3,133,At Risk,0,3215.761426824297
12777,66,11,3543.2,117,2024-03-03 11:20:43,2025-10-27 20:51:04,United Kingdom,322.10909090909087,603,1,3,4,134,At Risk,0,3215.761426824297
12778,41,11,3385.14,120,2024-01-01 19:02:55,2025-11-21 12:55:47,United Kingdom,307.74,689,1,3,4,134,At Risk,0,3215.761426824297
12779,19,11,3433.3,122,2024-01-28 14:11:30,2025-12-13 03:08:17,United Kingdom,312.1181818181818,684,3,3,4,334,Loyal Customers,0,3215.761426824297
12780,131,11,2724.21,122,2024-01-06 18:29:11,2025-08-23 10:22:08,United Kingdom,247.65545454545455,594,1,3,2,132,At Risk,0,3215.761426824297
12781,6,11,2744.66,107,2024-01-30 19:10:55,2025-12-26 16:51:30,United Kingdom,249.51454545454544,695,4,3,2,432,Loyal Customers,0,3215.761426824297
12782,1,11,3062.34,112,2024-01-28 22:15:05,2025-12-31 19:30:18,United Kingdom,278.3945454545455,702,5,3,3,533,Loyal Customers,0,3215.761426824297
12783,14,11,4550.4,140,2024-03-06 09:11:56,2025-12-18 23:02:48,United Kingdom,413.67272727272723,652,3,3,5,335,Loyal Customers,0,3215.761426824297
12784,10,11,2597.1,111,2024-02-06 05:32:13,2025-12-22 03:51:47,United Kingdom,236.1,684,4,3,2,432,Loyal Customers,0,3215.761426824297
12785,44,11,2397.64,115,2024-02-13 01:21:19,2025-11-18 14:42:28,United Kingdom,217.96727272727273,644,1,3,1,131,At Risk,0,3215.761426824297
12786,17,11,2650.79,124,2024-01-26 01:02:16,2025-12-15 14:19:50,United Kingdom,240.98090909090908,689,3,3,2,332,Loyal Customers,0,3215.761426824297
12787,55,11,2669.15,108,2024-01-05 19:22:49,2025-11-07 17:15:39,United Kingdom,242.65,671,1,3,2,132,At Risk,0,3215.761426824297
12788,36,11,3023.76,113,2024-01-04 16:25:25,2025-11-26 15:10:33,United Kingdom,274.8872727272728,691,2,3,3,233,At Risk,0,3215.761426824297
12789,11,11,3126.02,118,2024-01-01 18:40:32,2025-12-21 11:15:53,United Kingdom,284.18363636363637,719,4,3,3,433,Loyal Customers,0,3215.761426824297
12790,36,11,2569.11,116,2024-02-29 06:11:41,2025-11-26 03:02:14,United Kingdom,233.55545454545455,635,2,3,2,232,At Risk,0,3215.761426824297
12791,10,11,2897.48,114,2024-01-18 08:53:38,2025-12-22 23:03:32,United Kingdom,263.40727272727275,704,4,3,3,433,Loyal Customers,0,3215.761426824297
12792,44,11,5245.74,139,2024-01-13 01:27:16,2025-11-18 06:38:46,United Kingdom,476.88545454545454,675,1,3,5,135,At Risk,0,3215.761426824297
12793,32,11,3906.59,125,2024-01-31 16:13:36,2025-11-30 06:09:48,United Kingdom,355.1445454545455,668,2,3,5,235,At Risk,0,3215.761426824297
12794,7,11,2538.62,114,2024-01-26 02:17:29,2025-12-25 22:09:02,United Kingdom,230.78363636363636,699,4,3,2,432,Loyal Customers,0,3215.761426824297
12795,41,11,3231.2799999999997,123,2024-01-26 15:06:32,2025-11-21 05:09:08,United Kingdom,293.75272727272727,664,1,3,4,134,At Risk,0,3215.761426824297
12796,15,11,2665.7,105,2024-02-05 16:35:12,2025-12-17 00:05:51,United Kingdom,242.33636363636361,680,3,3,2,332,Loyal Customers,0,3215.761426824297
12797,7,11,3316.82,136,2024-01-13 06:38:41,2025-12-25 07:42:47,United Kingdom,301.52909090909094,712,4,3,4,434,Loyal Customers,0,3215.761426824297
12798,12,11,2489.44,113,2024-01-12 23:32:54,2025-12-20 13:36:17,United Kingdom,226.31272727272727,707,4,3,2,432,Loyal Customers,0,3215.761426824297
12799,13,11,2807.3,117,2024-02-08 06:22:46,2025-12-19 19:46:39,United Kingdom,255.20909090909092,680,3,3,2,332,Loyal Customers,0,3215.761426824297
12800,15,11,3480.91,123,2024-01-18 10:34:51,2025-12-17 23:09:25,United Kingdom,316.4463636363636,699,3,3,4,334,Loyal Customers,0,3215.761426824297
12801,45,11,2539.48,118,2024-01-12 05:06:03,2025-11-17 18:43:14,United Kingdom,230.8618181818182,675,1,3,2,132,At Risk,0,3215.761426824297
12802,124,11,6576.07,171,2024-03-01 01:09:26,2025-08-30 03:40:23,Germany,597.8245454545454,547,1,3,5,135,At Risk,0,3215.761426824297
12803,13,11,2529.8,109,2024-02-19 04:07:08,2025-12-19 15:27:56,United Kingdom,229.9818181818182,669,3,3,2,332,Loyal Customers,0,3215.761426824297
12804,13,11,2238.08,113,2024-03-02 08:58:24,2025-12-19 15:56:03,United Kingdom,203.4618181818182,657,3,3,1,331,Loyal Customers,0,3215.761426824297
12805,68,11,3232.49,122,2024-01-28 16:57:33,2025-10-25 17:11:49,United Kingdom,293.8627272727272,636,1,3,4,134,At Risk,0,3215.761426824297
12806,47,11,4051.42,138,2024-01-21 06:54:58,2025-11-15 01:54:23,United Kingdom,368.3109090909091,663,1,3,5,135,At Risk,0,3215.761426824297
12807,13,11,3545.98,118,2024-01-14 12:39:20,2025-12-19 18:54:09,United Kingdom,322.3618181818182,705,3,3,4,334,Loyal Customers,0,3215.761426824297
12808,7,11,2233.01,109,2024-01-08 08:05:19,2025-12-25 19:32:57,United Kingdom,203.00090909090912,717,4,3,1,431,Loyal Customers,0,3215.761426824297
12809,22,11,2684.63,117,2024-03-21 03:56:21,2025-12-10 10:58:35,United Kingdom,244.05727272727273,629,3,3,2,332,Loyal Customers,0,3215.761426824297
12810,10,11,3087.18,120,2024-01-08 09:38:26,2025-12-22 08:18:15,United Kingdom,280.65272727272725,713,4,3,3,433,Loyal Customers,0,3215.761426824297
12811,1,11,3318.84,124,2024-02-15 23:18:12,2025-12-31 15:42:30,United Kingdom,301.7127272727273,684,5,3,4,534,Loyal Customers,0,3215.761426824297
12812,41,11,2217.07,106,2024-01-10 23:33:29,2025-11-21 17:18:07,United Kingdom,201.5518181818182,680,1,3,1,131,At Risk,0,3215.761426824297
12813,1,11,4419.88,130,2024-02-05 23:17:40,2025-12-31 04:42:39,United Kingdom,401.80727272727273,694,5,3,5,535,Loyal Customers,0,3215.761426824297
12814,10,11,5798.25,161,2024-01-25 05:16:32,2025-12-22 06:05:49,United Kingdom,527.1136363636364,697,4,3,5,435,Loyal Customers,0,3215.761426824297
12815,97,11,2706.57,101,2024-01-24 14:34:13,2025-09-26 23:02:18,United Kingdom,246.0518181818182,611,1,3,2,132,At Risk,0,3215.761426824297
12816,13,11,2001.65,109,2024-02-02 08:54:36,2025-12-19 15:11:24,United Kingdom,181.96818181818182,686,3,3,1,331,Loyal Customers,0,3215.761426824297
12817,11,11,3265.35,114,2024-01-11 10:07:07,2025-12-21 12:52:29,United Kingdom,296.84999999999997,710,4,3,4,434,Loyal Customers,0,3215.761426824297
12818,30,11,3743.9,140,2024-02-08 03:06:53,2025-12-02 03:44:47,United Kingdom,340.3545454545455,663,2,3,4,234,At Risk,0,3215.761426824297
12819,47,11,2326.51,94,2024-02-12 14:14:23,2025-11-15 11:37:46,United Kingdom,211.50090909090912,641,1,3,1,131,At Risk,0,3215.761426824297
12820,33,11,2142.13,101,2024-01-11 03:13:41,2025-11-29 04:46:53,United Kingdom,194.73909090909092,688,2,3,1,231,At Risk,0,3215.761426824297
12821,13,11,3449.36,122,2024-01-21 16:12:55,2025-12-19 01:48:06,United Kingdom,313.5781818181818,697,3,3,4,334,Loyal Customers,0,3215.761426824297
12822,84,11,3048.5699999999997,114,2024-03-19 07:07:04,2025-10-09 11:40:30,United Kingdom,277.14272727272726,569,1,3,3,133,At Risk,0,3215.761426824297
12823,28,11,2553.57,104,2024-01-03 17:18:04,2025-12-04 16:46:05,United Kingdom,232.14272727272729,700,2,3,2,232,At Risk,0,3215.761426824297
12824,45,11,4261.73,131,2024-02-01 10:44:33,2025-11-17 15:39:04,United Kingdom,387.42999999999995,655,1,3,5,135,At Risk,0,3215.761426824297
12825,32,11,3365.41,109,2024-01-31 14:07:26,2025-11-30 08:37:58,United Kingdom,305.9463636363636,668,2,3,4,234,At Risk,0,3215.761426824297
12826,29,11,2611.02,112,2024-01-04 22:11:36,2025-12-03 04:00:52,United Kingdom,237.36545454545455,698,2,3,2,232,At Risk,0,3215.761426824297
12827,27,11,2763.57,127,2024-01-30 11:31:55,2025-12-05 18:46:57,United Kingdom,251.23363636363638,675,2,3,2,232,At Risk,0,3215.761426824297
12828,9,11,3428.7999999999997,126,2024-01-26 18:02:41,2025-12-23 21:29:08,United Kingdom,311.7090909090909,697,4,3,4,434,Loyal Customers,0,3215.761426824297
12829,50,11,3363.17,123,2024-01-03 22:18:03,2025-11-12 05:30:47,United Kingdom,305.7427272727273,678,1,3,4,134,At Risk,0,3215.761426824297
12830,4,11,2342.14,117,2024-01-14 12:15:19,2025-12-28 05:04:44,United Kingdom,212.92181818181817,713,5,3,1,531,Loyal Customers,0,3215.761426824297
12831,21,11,3602.95,124,2024-01-09 13:33:18,2025-12-11 20:26:09,United Kingdom,327.54090909090905,702,3,3,4,334,Loyal Customers,0,3215.761426824297
12832,10,11,1689.3899999999999,109,2024-01-05 23:45:30,2025-12-22 13:10:24,United Kingdom,153.58090909090907,716,4,3,1,431,Loyal Customers,0,3215.761426824297
12833,4,11,2735.92,112,2024-01-10 23:41:04,2025-12-28 12:33:02,United Kingdom,248.72,717,5,3,2,532,Loyal Customers,0,3215.761426824297
12834,12,11,2925.87,122,2024-03-17 02:23:32,2025-12-20 17:19:00,United Kingdom,265.98818181818183,643,4,3,3,433,Loyal Customers,0,3215.761426824297
12835,3,11,4697.9,141,2024-04-01 14:17:08,2025-12-29 08:50:40,United Kingdom,427.08181818181816,636,5,3,5,535,Loyal Customers,0,3215.761426824297
12836,31,11,3924.84,142,2024-02-01 12:20:03,2025-12-01 10:50:16,United Kingdom,356.8036363636364,668,2,3,5,235,At Risk,0,3215.761426824297
12837,31,11,5978.48,155,2024-01-06 00:51:45,2025-12-01 08:42:08,United Kingdom,543.4981818181818,695,2,3,5,235,At Risk,0,3215.761426824297
12838,13,11,2622.89,110,2024-01-04 04:16:54,2025-12-19 09:02:19,United Kingdom,238.44454545454545,715,3,3,2,332,Loyal Customers,0,3215.761426824297
12839,34,11,3663.2200000000003,126,2024-01-12 10:13:58,2025-11-28 21:43:11,United Kingdom,333.02000000000004,686,2,3,4,234,At Risk,0,3215.761426824297
12840,20,11,3537.77,113,2024-01-03 21:40:00,2025-12-12 22:57:29,United Kingdom,321.61545454545455,709,3,3,4,334,Loyal Customers,0,3215.761426824297
12841,64,11,2732.64,117,2024-01-12 02:16:59,2025-10-29 02:48:35,United Kingdom,248.42181818181817,656,1,3,2,132,At Risk,0,3215.761426824297
12842,35,11,2321.01,91,2024-02-29 22:55:02,2025-11-27 09:14:39,United Kingdom,211.00090909090912,636,2,3,1,231,At Risk,0,3215.761426824297
12843,12,11,2981.77,131,2024-01-28 13:48:08,2025-12-20 09:17:13,United Kingdom,271.07,691,4,3,3,433,Loyal Customers,0,3215.761426824297
12844,24,11,2871.76,103,2024-01-16 05:36:09,2025-12-08 08:13:50,United Kingdom,261.0690909090909,692,2,3,3,233,At Risk,0,3215.761426824297
12845,93,11,3469.76,121,2024-01-01 06:46:42,2025-09-30 15:46:26,United Kingdom,315.4327272727273,638,1,3,4,134,At Risk,0,3215.761426824297
12846,4,11,3457.4700000000003,124,2024-01-07 11:40:27,2025-12-28 10:02:49,United Kingdom,314.31545454545454,720,5,3,4,534,Loyal Customers,0,3215.761426824297
12847,3,11,3604.39,133,2024-01-26 13:07:42,2025-12-29 08:53:54,United Kingdom,327.6718181818182,702,5,3,4,534,Loyal Customers,0,3215.761426824297
12848,111,11,3572.7,111,2024-01-03 12:02:13,2025-09-12 23:25:00,Ireland,324.79090909090905,618,1,3,4,134,At Risk,0,3215.761426824297
12849,1,11,1855.94,95,2024-04-13 15:56:16,2025-12-31 17:40:35,United Kingdom,168.72181818181818,627,5,3,1,531,Loyal Customers,0,3215.761426824297
12850,80,11,2803.32,116,2024-01-05 22:33:04,2025-10-13 14:18:22,United Kingdom,254.84727272727275,646,1,3,2,132,At Risk,0,3215.761426824297
12851,21,11,4048.33,133,2024-01-12 19:46:31,2025-12-11 19:41:40,United Kingdom,368.03,698,3,3,5,335,Loyal Customers,0,3215.761426824297
12852,53,11,3037.91,128,2024-01-01 08:02:56,2025-11-09 21:41:42,United Kingdom,276.1736363636364,678,1,3,3,133,At Risk,0,3215.761426824297
12853,3,11,2848.78,123,2024-02-01 22:40:48,2025-12-29 02:37:21,United Kingdom,258.98,696,5,3,3,533,Loyal Customers,0,3215.761426824297
12854,26,11,4211.04,139,2024-02-03 05:09:00,2025-12-06 09:00:43,United Kingdom,382.8218181818182,672,2,3,5,235,At Risk,0,3215.761426824297
12855,2,11,1834.6,97,2024-01-22 03:15:47,2025-12-30 20:51:41,United Kingdom,166.78181818181818,708,5,3,1,531,Loyal Customers,0,3215.761426824297
12856,1,11,4256.34,145,2024-02-05 10:05:01,2025-12-31 02:47:18,United Kingdom,386.94,694,5,3,5,535,Loyal Customers,0,3215.761426824297
12857,26,11,2150.13,110,2024-02-06 17:14:48,2025-12-06 08:35:47,United Kingdom,195.46636363636364,668,2,3,1,231,At Risk,0,3215.761426824297
12858,19,11,4229.44,130,2024-01-31 11:30:38,2025-12-13 06:28:16,United Kingdom,384.4945454545454,681,3,3,5,335,Loyal Customers,0,3215.761426824297
12859,7,11,2458.65,107,2024-01-16 18:04:52,2025-12-25 00:31:09,United Kingdom,223.51363636363638,708,4,3,2,432,Loyal Customers,0,3215.761426824297
12860,7,10,3778.41,115,2024-01-06 09:48:48,2025-12-25 18:34:19,United Kingdom,377.841,719,4,1,4,414,New / Promising,1,3109.399468085106
12861,2,11,2327.31,94,2024-01-09 07:43:36,2025-12-30 13:48:43,United Kingdom,211.57363636363635,721,5,3,1,531,Loyal Customers,0,3215.761426824297
12862,16,11,3632.12,133,2024-01-20 07:28:03,2025-12-16 04:18:49,United Kingdom,330.19272727272727,695,3,3,4,334,Loyal Customers,0,3215.761426824297
12863,1,11,3997.91,132,2024-04-23 04:27:24,2025-12-31 11:18:29,United Kingdom,363.4463636363636,617,5,3,5,535,Loyal Customers,0,3215.761426824297
12864,1,11,3049.75,137,2024-01-09 15:58:32,2025-12-31 09:29:20,Germany,277.25,721,5,3,3,533,Loyal Customers,0,3215.761426824297
12865,1,11,1630.36,100,2024-02-21 10:42:30,2025-12-31 01:12:03,United Kingdom,148.21454545454546,678,5,3,1,531,Loyal Customers,0,3215.761426824297
12866,27,11,2078.83,111,2024-01-22 07:26:55,2025-12-05 06:57:44,United Kingdom,188.98454545454544,682,2,3,1,231,At Risk,0,3215.761426824297
12867,45,11,3027.47,131,2024-01-15 07:53:38,2025-11-17 05:57:54,United Kingdom,275.2245454545454,671,1,3,3,133,At Risk,0,3215.761426824297
12868,3,11,4471.43,143,2024-01-02 07:41:34,2025-12-29 16:26:07,United Kingdom,406.49363636363637,727,5,3,5,535,Loyal Customers,0,3215.761426824297
12869,13,11,2095.79,105,2024-01-27 11:29:56,2025-12-19 21:55:24,United Kingdom,190.52636363636364,692,3,3,1,331,Loyal Customers,0,3215.761426824297
12870,8,11,2781.85,130,2024-01-05 10:38:36,2025-12-24 06:43:01,United Kingdom,252.89545454545453,718,4,3,2,432,Loyal Customers,0,3215.761426824297
12871,6,11,3330.89,124,2024-01-05 14:35:51,2025-12-26 12:46:08,United Kingdom,302.8081818181818,720,4,3,4,434,Loyal Customers,0,3215.761426824297
12872,44,11,8039.25,201,2024-01-01 19:07:39,2025-11-18 00:29:18,United Kingdom,730.8409090909091,686,1,3,5,135,At Risk,0,3215.761426824297
12873,76,10,2510.61,105,2024-01-16 03:28:14,2025-10-17 18:42:12,United Kingdom,251.061,640,1,1,2,112,Hibernating,1,3109.399468085106
12874,76,11,2315.24,110,2024-01-05 22:57:24,2025-10-17 23:42:34,United Kingdom,210.47636363636363,651,1,3,1,131,At Risk,0,3215.761426824297
12875,2,11,2916.53,114,2024-01-04 21:03:46,2025-12-30 19:45:46,United Kingdom,265.13909090909095,725,5,3,3,533,Loyal Customers,0,3215.761426824297
12876,51,11,2820.22,106,2024-01-29 17:26:03,2025-11-11 20:28:17,United Kingdom,256.38363636363636,652,1,3,3,133,At Risk,0,3215.761426824297
12877,103,11,4665.36,140,2024-01-25 06:16:30,2025-09-20 15:33:44,United Kingdom,424.1236363636363,604,1,3,5,135,At Risk,0,3215.761426824297
12878,12,11,2584.92,125,2024-01-02 08:41:16,2025-12-20 23:35:19,United Kingdom,234.99272727272728,718,4,3,2,432,Loyal Customers,0,3215.761426824297
12879,1,11,7314.71,174,2024-01-03 10:55:45,2025-12-31 23:00:34,United Kingdom,664.9736363636364,728,5,3,5,535,Loyal Customers,0,3215.761426824297
12880,43,11,2252.18,111,2024-02-10 20:44:14,2025-11-19 07:30:40,United Kingdom,204.74363636363634,647,1,3,1,131,At Risk,0,3215.761426824297
12881,9,11,5173.21,151,2024-01-07 13:29:09,2025-12-23 13:02:49,United Kingdom,470.2918181818182,715,4,3,5,435,Loyal Customers,0,3215.761426824297
12882,42,11,2622.19,121,2024-02-22 17:55:43,2025-11-20 06:33:16,United Kingdom,238.38090909090909,636,1,3,2,132,At Risk,0,3215.761426824297
12883,9,11,3090.12,115,2024-01-07 04:58:13,2025-12-23 20:43:36,United Kingdom,280.92,716,4,3,3,433,Loyal Customers,0,3215.761426824297
12884,12,11,2888.1,117,2024-01-23 15:22:07,2025-12-20 09:01:32,United Kingdom,262.55454545454546,696,4,3,3,433,Loyal Customers,0,3215.761426824297
12885,60,11,4097.78,117,2024-01-17 10:19:54,2025-11-02 16:58:39,United Kingdom,372.5254545454545,655,1,3,5,135,At Risk,0,3215.761426824297
12886,9,11,2640.13,115,2024-01-25 00:03:29,2025-12-23 20:47:49,United Kingdom,240.0118181818182,698,4,3,2,432,Loyal Customers,0,3215.761426824297
12887,33,11,3421.69,137,2024-01-23 20:44:20,2025-11-29 23:06:20,United Kingdom,311.0627272727273,676,2,3,4,234,At Risk,0,3215.761426824297
12888,1,11,2755.63,103,2024-01-16 07:03:27,2025-12-31 18:44:12,United Kingdom,250.5118181818182,715,5,3,2,532,Loyal Customers,0,3215.761426824297
12889,10,11,2787.22,130,2024-01-05 04:21:50,2025-12-22 21:17:36,United Kingdom,253.38363636363636,717,4,3,2,432,Loyal Customers,0,3215.761426824297
12890,11,11,7245.8,165,2024-02-05 16:40:38,2025-12-21 10:34:27,United Kingdom,658.709090909091,684,4,3,5,435,Loyal Customers,0,3215.761426824297
12891,22,11,2927.36,115,2024-01-15 11:44:38,2025-12-10 16:42:48,United Kingdom,266.12363636363636,695,3,3,3,333,Loyal Customers,0,3215.761426824297
12892,21,11,2475.4,106,2024-01-06 07:05:10,2025-12-11 01:30:11,United Kingdom,225.03636363636363,704,3,3,2,332,Loyal Customers,0,3215.761426824297
12893,19,11,3404.84,127,2024-01-08 03:14:28,2025-12-13 21:11:55,United Kingdom,309.5309090909091,705,3,3,4,334,Loyal Customers,0,3215.761426824297
12894,6,11,2400.42,113,2024-01-02 18:35:07,2025-12-26 04:05:49,United Kingdom,218.22,723,4,3,1,431,Loyal Customers,0,3215.761426824297
12895,23,11,2214.54,97,2024-01-21 11:13:16,2025-12-09 16:31:43,United Kingdom,201.32181818181817,688,2,3,1,231,At Risk,0,3215.761426824297
12896,2,11,2278.5,105,2024-01-29 21:35:48,2025-12-30 22:02:37,United Kingdom,207.13636363636363,701,5,3,1,531,Loyal Customers,0,3215.761426824297
12897,23,11,5869.3,164,2024-01-09 03:16:39,2025-12-09 00:26:15,United Kingdom,533.5727272727273,699,2,3,5,235,At Risk,0,3215.761426824297
12898,14,11,2955.75,124,2024-01-01 16:29:53,2025-12-18 21:55:30,United Kingdom,268.70454545454544,717,3,3,3,333,Loyal Customers,0,3215.761426824297
12899,82,11,3538.82,137,2024-01-01 14:20:18,2025-10-11 19:58:19,United Kingdom,321.7109090909091,649,1,3,4,134,At Risk,0,3215.761426824297
12900,26,11,3353.9,122,2024-01-05 23:34:01,2025-12-06 21:20:28,United Kingdom,304.90000000000003,700,2,3,4,234,At Risk,0,3215.761426824297
12901,15,11,3565.3,140,2024-01-09 02:49:14,2025-12-17 05:32:43,United Kingdom,324.1181818181818,708,3,3,4,334,Loyal Customers,0,3215.761426824297
12902,3,11,2270.92,112,2024-02-18 06:21:47,2025-12-29 12:48:48,United Kingdom,206.44727272727275,680,5,3,1,531,Loyal Customers,0,3215.761426824297
12903,18,11,3851.7799999999997,128,2024-01-13 10:59:00,2025-12-14 15:54:58,United Kingdom,350.16181818181815,701,3,3,4,334,Loyal Customers,0,3215.761426824297
12904,4,11,2014.51,108,2024-01-17 16:11:57,2025-12-28 20:05:25,United Kingdom,183.13727272727272,711,5,3,1,531,Loyal Customers,0,3215.761426824297
12905,6,11,3045.33,127,2024-02-02 16:44:41,2025-12-26 01:58:30,United Kingdom,276.8481818181818,692,4,3,3,433,Loyal Customers,0,3215.761426824297
12906,4,11,2178.98,111,2024-01-30 15:34:28,2025-12-28 22:44:08,United Kingdom,198.0890909090909,698,5,3,1,531,Loyal Customers,0,3215.761426824297
12907,10,11,2059.22,105,2024-02-14 01:35:30,2025-12-22 19:45:13,United Kingdom,187.20181818181817,677,4,3,1,431,Loyal Customers,0,3215.761426824297
12908,4,11,3090.98,118,2024-01-11 20:04:54,2025-12-28 06:15:51,United Kingdom,280.9981818181818,716,5,3,3,533,Loyal Customers,0,3215.761426824297
12909,21,11,2217.9,102,2024-01-04 04:45:26,2025-12-11 07:03:00,United Kingdom,201.62727272727273,707,3,3,1,331,Loyal Customers,0,3215.761426824297
12910,40,11,3950.14,125,2024-01-19 21:33:50,2025-11-22 02:06:52,United Kingdom,359.1036363636363,672,1,3,5,135,At Risk,0,3215.761426824297
12911,8,11,2845.23,128,2024-02-05 23:00:56,2025-12-24 10:40:04,United Kingdom,258.65727272727275,687,4,3,3,433,Loyal Customers,0,3215.761426824297
12912,19,11,2412.5,108,2024-01-10 22:26:37,2025-12-13 22:31:30,United Kingdom,219.3181818181818,703,3,3,1,331,Loyal Customers,0,3215.761426824297
12913,11,11,2651.06,117,2024-01-19 13:52:14,2025-12-21 08:32:20,United Kingdom,241.00545454545454,701,4,3,2,432,Loyal Customers,0,3215.761426824297
12914,5,11,3919.05,137,2024-01-28 15:36:08,2025-12-27 19:41:14,United Kingdom,356.27727272727276,699,5,3,5,535,Loyal Customers,0,3215.761426824297
12915,75,11,2997.42,123,2024-03-01 05:07:53,2025-10-18 00:31:15,United Kingdom,272.4927272727273,595,1,3,3,133,At Risk,0,3215.761426824297
12916,21,11,3129.09,118,2024-01-08 17:03:46,2025-12-11 03:29:45,United Kingdom,284.4627272727273,702,3,3,3,333,Loyal Customers,0,3215.761426824297
12917,6,11,2670.63,109,2024-01-05 15:46:36,2025-12-26 08:50:12,United Kingdom,242.78454545454545,720,4,3,2,432,Loyal Customers,0,3215.761426824297
12918,7,11,3502.25,141,2024-01-05 06:37:59,2025-12-25 10:58:14,United Kingdom,318.3863636363636,720,4,3,4,434,Loyal Customers,0,3215.761426824297
12919,197,11,2553.65,112,2024-01-03 19:14:35,2025-06-18 01:37:13,United Kingdom,232.15,531,1,3,2,132,At Risk,0,3215.761426824297
12920,30,11,4545.62,149,2024-01-22 20:00:34,2025-12-02 19:32:10,United Kingdom,413.23818181818183,679,2,3,5,235,At Risk,0,3215.761426824297
12921,15,11,6126.5199999999995,150,2024-01-09 20:23:05,2025-12-17 21:06:09,United Kingdom,556.9563636363636,708,3,3,5,335,Loyal Customers,0,3215.761426824297
12922,20,11,4590.22,130,2024-01-01 15:13:50,2025-12-12 07:16:45,United Kingdom,417.2927272727273,710,3,3,5,335,Loyal Customers,0,3215.761426824297
12923,7,11,2079.13,102,2024-01-08 13:14:42,2025-12-25 11:51:29,United Kingdom,189.0118181818182,716,4,3,1,431,Loyal Customers,0,3215.761426824297
12924,18,11,2145.7799999999997,106,2024-01-28 05:45:35,2025-12-14 17:35:30,United Kingdom,195.07090909090905,686,3,3,1,331,Loyal Customers,0,3215.761426824297
12925,7,11,3305.09,124,2024-01-16 13:54:39,2025-12-25 01:04:11,United Kingdom,300.4627272727273,708,4,3,4,434,Loyal Customers,0,3215.761426824297
12926,2,10,3448.35,123,2024-01-13 09:02:22,2025-12-30 14:49:00,United Kingdom,344.835,717,5,1,4,514,New / Promising,1,3109.399468085106
12927,12,11,2649.4,123,2024-01-17 09:29:31,2025-12-20 18:21:14,United Kingdom,240.85454545454547,703,4,3,2,432,Loyal Customers,0,3215.761426824297
12928,13,11,3164.5,105,2024-01-29 21:42:14,2025-12-19 06:57:28,United Kingdom,287.6818181818182,689,3,3,3,333,Loyal Customers,0,3215.761426824297
12929,13,11,2554.83,104,2024-01-18 18:04:36,2025-12-19 14:55:06,United Kingdom,232.25727272727272,700,3,3,2,332,Loyal Customers,0,3215.761426824297
12930,3,11,1970.6200000000001,117,2024-01-06 01:15:35,2025-12-29 02:40:55,United Kingdom,179.14727272727274,723,5,3,1,531,Loyal Customers,0,3215.761426824297
12931,28,11,2657.3,123,2024-01-16 18:19:11,2025-12-04 15:14:14,United Kingdom,241.5727272727273,687,2,3,2,232,At Risk,0,3215.761426824297
12932,54,11,5056.81,154,2024-01-11 00:20:19,2025-11-08 06:45:48,United Kingdom,459.71000000000004,667,1,3,5,135,At Risk,0,3215.761426824297
12933,105,11,4351.04,145,2024-01-19 23:42:19,2025-09-18 07:02:52,United Kingdom,395.5490909090909,607,1,3,5,135,At Risk,0,3215.761426824297
12934,6,11,2814.19,124,2024-01-17 02:29:43,2025-12-26 12:56:33,United Kingdom,255.83545454545455,709,4,3,2,432,Loyal Customers,0,3215.761426824297
12935,54,11,3289.44,127,2024-01-14 08:40:56,2025-11-08 05:58:16,United Kingdom,299.04,663,1,3,4,134,At Risk,0,3215.761426824297
12936,21,11,4164.57,139,2024-04-10 17:06:48,2025-12-11 13:51:36,United Kingdom,378.5972727272727,609,3,3,5,335,Loyal Customers,0,3215.761426824297
12937,16,11,3957.38,127,2024-01-04 00:31:12,2025-12-16 17:08:18,United Kingdom,359.76181818181817,712,3,3,5,335,Loyal Customers,0,3215.761426824297
12938,13,11,4197.3,137,2024-01-30 15:19:09,2025-12-19 23:46:37,United Kingdom,381.57272727272726,689,3,3,5,335,Loyal Customers,0,3215.761426824297
12939,9,11,3527.69,124,2024-02-27 04:55:39,2025-12-23 03:39:32,United Kingdom,320.6990909090909,664,4,3,4,434,Loyal Customers,0,3215.761426824297
12940,14,11,2846.63,126,2024-02-13 05:38:39,2025-12-18 23:32:53,United Kingdom,258.7845454545455,674,3,3,3,333,Loyal Customers,0,3215.761426824297
12941,9,11,4382.75,124,2024-02-27 15:47:46,2025-12-23 17:08:14,United Kingdom,398.4318181818182,665,4,3,5,435,Loyal Customers,0,3215.761426824297
12942,12,11,3413.0699999999997,142,2024-01-17 17:59:04,2025-12-20 13:26:30,United Kingdom,310.2790909090909,702,4,3,4,434,Loyal Customers,0,3215.761426824297
12943,19,11,2968.18,116,2024-01-04 02:49:37,2025-12-13 09:33:56,United Kingdom,269.83454545454543,709,3,3,3,333,Loyal Customers,0,3215.761426824297
12944,20,11,6157.84,154,2024-01-14 07:38:25,2025-12-12 18:21:54,United Kingdom,559.8036363636364,698,3,3,5,335,Loyal Customers,0,3215.761426824297
12945,2,11,2741.14,125,2024-02-01 05:35:12,2025-12-30 18:30:52,United Kingdom,249.19454545454545,698,5,3,2,532,Loyal Customers,0,3215.761426824297
12946,25,11,4705.61,141,2024-01-03 16:31:51,2025-12-07 14:02:35,United Kingdom,427.78272727272724,703,2,3,5,235,At Risk,0,3215.761426824297
12947,14,11,5430.7,158,2024-01-18 05:48:24,2025-12-18 21:48:02,United Kingdom,493.7,700,3,3,5,335,Loyal Customers,0,3215.761426824297
12948,55,11,4418.15,129,2024-01-13 17:26:16,2025-11-07 19:25:32,United Kingdom,401.65,664,1,3,5,135,At Risk,0,3215.761426824297
12949,37,11,3972.32,140,2024-01-08 00:47:07,2025-11-25 08:27:08,United Kingdom,361.12,687,2,3,5,235,At Risk,0,3215.761426824297
12950,12,11,3024.62,96,2024-01-20 02:56:43,2025-12-20 23:13:23,United Kingdom,274.9654545454545,700,4,3,3,433,Loyal Customers,0,3215.761426824297
12951,18,11,3361.01,124,2024-01-24 14:55:00,2025-12-14 14:53:10,United Kingdom,305.54636363636365,689,3,3,4,334,Loyal Customers,0,3215.761426824297
12952,5,11,3185.41,130,2024-01-22 02:19:30,2025-12-27 11:08:28,United Kingdom,289.58272727272725,705,5,3,3,533,Loyal Customers,0,3215.761426824297
12953,18,11,7716.9400000000005,184,2024-01-20 01:54:09,2025-12-14 20:57:36,United Kingdom,701.5400000000001,694,3,3,5,335,Loyal Customers,0,3215.761426824297
12954,19,11,2716.07,104,2024-03-25 07:00:43,2025-12-13 01:36:09,United Kingdom,246.91545454545457,627,3,3,2,332,Loyal Customers,0,3215.761426824297
12955,6,10,2916.42,123,2024-03-02 07:38:55,2025-12-26 12:16:48,United Kingdom,291.642,664,4,1,3,413,New / Promising,1,3109.399468085106
12956,81,11,3560.9,117,2024-01-26 19:31:23,2025-10-12 12:04:01,United Kingdom,323.71818181818185,624,1,3,4,134,At Risk,0,3215.761426824297
12957,2,11,2684.43,106,2024-01-12 23:59:14,2025-12-30 04:36:52,United Kingdom,244.0390909090909,717,5,3,2,532,Loyal Customers,0,3215.761426824297
12958,8,11,2791.75,100,2024-02-14 18:00:22,2025-12-24 00:12:37,United Kingdom,253.79545454545453,678,4,4,2,442,Loyal Customers,0,3215.761426824297
12959,17,11,3166.96,114,2024-01-21 16:58:20,2025-12-15 11:12:42,United Kingdom,287.9054545454546,693,3,4,3,343,Loyal Customers,0,3215.761426824297
12960,17,11,2023.91,98,2024-02-16 01:46:17,2025-12-15 02:45:23,United Kingdom,183.9918181818182,668,3,4,1,341,Loyal Customers,0,3215.761426824297
12961,37,11,3150.07,132,2024-02-15 12:50:25,2025-11-25 01:50:11,United Kingdom,286.37,648,2,4,3,243,Cannot Lose Them,0,3215.761426824297
12962,16,11,2397.87,104,2024-02-11 23:23:33,2025-12-16 05:22:21,United Kingdom,217.9881818181818,673,3,4,1,341,Loyal Customers,0,3215.761426824297
12963,3,11,3872.31,132,2024-01-01 03:04:47,2025-12-29 13:59:55,United Kingdom,352.0281818181818,728,5,4,5,545,Champions,0,3215.761426824297
12964,15,11,4476.72,145,2024-01-01 07:13:37,2025-12-17 09:53:13,United Kingdom,406.9745454545455,716,3,4,5,345,Loyal Customers,0,3215.761426824297
12965,4,11,3414.75,123,2024-01-13 02:01:59,2025-12-28 16:34:52,United Kingdom,310.4318181818182,715,5,4,4,544,Champions,0,3215.761426824297
12966,39,10,4717.64,124,2024-03-28 09:21:55,2025-11-23 05:56:11,United Kingdom,471.764,604,1,1,5,115,Hibernating,1,3109.399468085106
12967,43,11,2623.46,114,2024-03-31 01:56:49,2025-11-19 14:20:20,United Kingdom,238.49636363636364,598,1,4,2,142,Cannot Lose Them,0,3215.761426824297
12968,15,11,2037.95,103,2024-01-09 00:13:07,2025-12-17 02:34:05,United Kingdom,185.26818181818183,708,3,4,1,341,Loyal Customers,0,3215.761426824297
12969,11,11,2864.93,121,2024-01-26 07:23:20,2025-12-21 10:32:25,United Kingdom,260.4481818181818,695,4,4,3,443,Loyal Customers,0,3215.761426824297
12970,11,11,2026.32,98,2024-04-07 23:42:17,2025-12-21 09:50:50,United Kingdom,184.2109090909091,622,4,4,1,441,Loyal Customers,0,3215.761426824297
12971,10,11,2540.53,117,2024-01-15 11:00:52,2025-12-22 05:03:26,United Kingdom,230.95727272727274,706,4,4,2,442,Loyal Customers,0,3215.761426824297
12972,10,11,4996.4400000000005,138,2024-01-19 16:52:27,2025-12-22 05:57:04,United Kingdom,454.2218181818182,702,4,4,5,445,Champions,0,3215.761426824297
12973,9,11,4306.21,156,2024-01-06 22:48:36,2025-12-23 17:11:49,United Kingdom,391.4736363636364,716,4,4,5,445,Champions,0,3215.761426824297
12974,8,11,1919.5,108,2024-01-25 04:01:14,2025-12-24 12:01:00,United Kingdom,174.5,699,4,4,1,441,Loyal Customers,0,3215.761426824297
12975,10,11,2902.17,121,2024-02-03 22:36:42,2025-12-22 21:21:08,United Kingdom,263.83363636363634,687,4,4,3,443,Loyal Customers,0,3215.761426824297
12976,11,11,3718.0,125,2024-01-14 10:27:54,2025-12-21 06:11:31,United Kingdom,338.0,706,4,4,4,444,Champions,0,3215.761426824297
12977,15,11,2447.5699999999997,110,2024-01-15 11:07:05,2025-12-17 03:14:29,United Kingdom,222.5063636363636,701,3,4,1,341,Loyal Customers,0,3215.761426824297
12978,28,11,5264.66,150,2024-02-11 13:41:44,2025-12-04 17:28:47,United Kingdom,478.6054545454545,662,2,4,5,245,Cannot Lose Them,0,3215.761426824297
12979,16,11,2500.7,121,2024-01-06 11:53:42,2025-12-16 08:59:40,United Kingdom,227.33636363636361,709,3,4,2,342,Loyal Customers,0,3215.761426824297
12980,1,11,2626.4,115,2024-03-03 16:01:26,2025-12-31 02:50:18,United Kingdom,238.76363636363638,667,5,4,2,542,Loyal Customers,0,3215.761426824297
12981,8,11,2412.36,106,2024-01-06 06:35:48,2025-12-24 16:02:04,United Kingdom,219.30545454545455,718,4,4,1,441,Loyal Customers,0,3215.761426824297
12982,13,11,3148.18,108,2024-01-31 19:33:00,2025-12-19 10:34:45,United Kingdom,286.1981818181818,687,3,4,3,343,Loyal Customers,0,3215.761426824297
12983,6,11,2102.37,108,2024-01-26 00:16:53,2025-12-26 05:57:32,United Kingdom,191.12454545454545,700,4,4,1,441,Loyal Customers,0,3215.761426824297
12984,42,11,2904.49,115,2024-01-03 06:53:20,2025-11-20 05:56:14,United Kingdom,264.0445454545454,686,1,4,3,143,Cannot Lose Them,0,3215.761426824297
12985,4,11,3302.49,132,2024-01-11 16:32:27,2025-12-28 15:12:16,United Kingdom,300.2263636363636,716,5,4,4,544,Champions,0,3215.761426824297
12986,24,11,2839.7200000000003,128,2024-01-15 15:26:51,2025-12-08 08:41:33,United Kingdom,258.15636363636366,692,2,4,3,243,Cannot Lose Them,0,3215.761426824297
12987,1,11,3016.72,128,2024-01-18 06:56:53,2025-12-31 15:45:32,United Kingdom,274.24727272727273,713,5,4,3,543,Loyal Customers,0,3215.761426824297
12988,23,11,2682.52,122,2024-02-21 21:52:18,2025-12-09 06:15:29,United Kingdom,243.86545454545455,656,2,4,2,242,Cannot Lose Them,0,3215.761426824297
12989,10,11,2508.98,121,2024-01-01 05:31:27,2025-12-22 03:49:32,United Kingdom,228.0890909090909,720,4,4,2,442,Loyal Customers,0,3215.761426824297
12990,16,11,3922.8,144,2024-02-09 11:28:50,2025-12-16 03:46:02,United Kingdom,356.6181818181818,675,3,4,5,345,Loyal Customers,0,3215.761426824297
12991,28,11,3753.43,128,2024-01-02 13:27:16,2025-12-04 02:54:27,United Kingdom,341.22090909090906,701,2,4,4,244,Cannot Lose Them,0,3215.761426824297
12992,17,11,2834.5299999999997,109,2024-03-09 12:06:20,2025-12-15 01:07:35,United Kingdom,257.68454545454546,645,3,4,3,343,Loyal Customers,0,3215.761426824297
12993,2,11,2438.85,110,2024-01-02 03:28:00,2025-12-30 18:04:31,United Kingdom,221.71363636363637,728,5,4,1,541,Loyal Customers,0,3215.761426824297
12994,3,11,2364.06,108,2024-01-05 06:50:29,2025-12-29 04:40:56,United Kingdom,214.91454545454545,723,5,4,1,541,Loyal Customers,0,3215.761426824297
12995,15,11,2971.7,123,2024-01-23 11:36:16,2025-12-17 17:02:24,United Kingdom,270.1545454545454,694,3,4,3,343,Loyal Customers,0,3215.761426824297
12996,3,11,2720.92,113,2024-01-13 21:50:01,2025-12-29 09:06:08,United Kingdom,247.35636363636365,715,5,4,2,542,Loyal Customers,0,3215.761426824297
12997,4,11,5600.86,155,2024-02-27 16:55:24,2025-12-28 22:51:37,United Kingdom,509.16909090909087,670,5,4,5,545,Champions,0,3215.761426824297
12998,94,11,3885.15,127,2024-01-09 06:04:05,2025-09-29 05:42:20,United Kingdom,353.19545454545454,628,1,4,5,145,Cannot Lose Them,0,3215.761426824297
12999,20,11,2316.94,107,2024-03-31 23:03:00,2025-12-12 13:00:42,United Kingdom,210.63090909090909,620,3,4,1,341,Loyal Customers,0,3215.761426824297
13000,3,11,2909.28,119,2024-01-03 12:49:38,2025-12-29 17:34:49,United Kingdom,264.48,726,5,4,3,543,Loyal Customers,0,3215.761426824297
13001,29,11,2269.97,107,2024-02-16 13:21:34,2025-12-03 12:17:06,United Kingdom,206.36090909090908,655,2,4,1,241,Cannot Lose Them,0,3215.761426824297
13002,6,10,3495.66,124,2024-01-26 05:16:35,2025-12-26 13:15:55,United Kingdom,349.566,700,4,1,4,414,New / Promising,1,3109.399468085106
13003,1,11,4389.7,129,2024-01-23 11:26:02,2025-12-31 14:32:20,United Kingdom,399.06363636363636,708,5,4,5,545,Champions,0,3215.761426824297
13004,17,11,3503.7599999999998,112,2024-01-12 07:41:28,2025-12-15 22:38:14,United Kingdom,318.52363636363634,703,3,4,4,344,Loyal Customers,0,3215.761426824297
13005,20,11,3929.46,131,2024-01-02 20:20:50,2025-12-12 23:43:05,United Kingdom,357.2236363636364,710,3,4,5,345,Loyal Customers,0,3215.761426824297
13006,34,11,3160.1,115,2024-01-11 06:38:34,2025-11-28 17:16:41,United Kingdom,287.28181818181815,687,2,4,3,243,Cannot Lose Them,0,3215.761426824297
13007,96,11,2384.55,120,2024-01-05 06:37:15,2025-09-27 00:27:45,United Kingdom,216.77727272727273,630,1,4,1,141,Cannot Lose Them,0,3215.761426824297
13008,9,11,2840.2999999999997,122,2024-01-20 23:30:51,2025-12-23 08:55:54,United Kingdom,258.2090909090909,702,4,4,3,443,Loyal Customers,0,3215.761426824297
13009,16,11,5509.57,163,2024-02-24 00:29:03,2025-12-16 07:20:04,United Kingdom,500.86999999999995,661,3,4,5,345,Loyal Customers,0,3215.761426824297
13010,30,11,2089.58,106,2024-01-23 14:14:46,2025-12-02 14:52:21,United Kingdom,189.9618181818182,679,2,4,1,241,Cannot Lose Them,0,3215.761426824297
13011,22,11,3582.46,133,2024-01-06 02:37:15,2025-12-10 10:15:44,United Kingdom,325.6781818181818,704,3,4,4,344,Loyal Customers,0,3215.761426824297
13012,13,11,5376.35,129,2024-01-15 18:58:57,2025-12-19 18:37:36,United Kingdom,488.75909090909096,703,3,4,5,345,Loyal Customers,0,3215.761426824297
13013,3,11,4136.3099999999995,127,2024-01-03 17:03:40,2025-12-29 08:31:48,United Kingdom,376.0281818181818,725,5,4,5,545,Champions,0,3215.761426824297
13014,10,11,2884.83,113,2024-02-19 07:40:17,2025-12-22 20:39:57,United Kingdom,262.2572727272727,672,4,4,3,443,Loyal Customers,0,3215.761426824297
13015,8,11,3099.9700000000003,117,2024-02-08 05:56:27,2025-12-24 05:30:26,United Kingdom,281.81545454545454,684,4,4,3,443,Loyal Customers,0,3215.761426824297
13016,5,11,4299.64,150,2024-01-21 14:31:46,2025-12-27 05:01:33,United Kingdom,390.8763636363637,705,5,4,5,545,Champions,0,3215.761426824297
13017,11,11,2008.24,106,2024-01-04 09:28:23,2025-12-21 11:49:12,United Kingdom,182.56727272727272,717,4,4,1,441,Loyal Customers,0,3215.761426824297
13018,32,11,3244.37,132,2024-02-22 00:35:47,2025-11-30 17:29:31,United Kingdom,294.94272727272727,647,2,4,4,244,Cannot Lose Them,0,3215.761426824297
13019,7,11,3823.75,120,2024-04-10 03:03:11,2025-12-25 03:13:33,United Kingdom,347.6136363636364,624,4,4,4,444,Champions,0,3215.761426824297
13020,7,11,2733.46,117,2024-03-22 12:49:13,2025-12-25 19:33:15,United Kingdom,248.49636363636364,643,4,4,2,442,Loyal Customers,0,3215.761426824297
13021,10,11,3619.19,112,2024-01-14 11:04:23,2025-12-22 20:32:22,United Kingdom,329.0172727272727,708,4,4,4,444,Champions,0,3215.761426824297
13022,7,11,4522.38,152,2024-01-08 13:33:28,2025-12-25 21:03:58,United Kingdom,411.12545454545455,717,4,4,5,445,Champions,0,3215.761426824297
13023,31,11,2713.24,108,2024-01-17 03:27:26,2025-12-01 03:27:52,United Kingdom,246.6581818181818,684,2,4,2,242,Cannot Lose Them,0,3215.761426824297
13024,8,11,2140.8,94,2024-02-16 11:59:10,2025-12-24 15:12:03,United Kingdom,194.61818181818182,677,4,4,1,441,Loyal Customers,0,3215.761426824297
13025,6,11,2568.19,105,2024-02-03 00:19:48,2025-12-26 20:43:30,United Kingdom,233.47181818181818,692,4,4,2,442,Loyal Customers,0,3215.761426824297
13026,11,11,3116.79,119,2024-02-13 05:19:55,2025-12-21 20:13:56,United Kingdom,283.3445454545454,677,4,4,3,443,Loyal Customers,0,3215.761426824297
13027,55,11,3151.94,119,2024-01-14 00:50:48,2025-11-07 15:32:42,United Kingdom,286.54,663,1,4,3,143,Cannot Lose Them,0,3215.761426824297
13028,26,11,4480.16,150,2024-02-02 18:14:28,2025-12-06 04:10:49,United Kingdom,407.2872727272727,672,2,4,5,245,Cannot Lose Them,0,3215.761426824297
13029,10,11,6426.46,168,2024-01-12 05:09:32,2025-12-22 16:49:51,United Kingdom,584.2236363636364,710,4,4,5,445,Champions,0,3215.761426824297
13030,28,11,2514.11,105,2024-01-03 01:35:49,2025-12-04 04:18:11,United Kingdom,228.55545454545455,701,2,4,2,242,Cannot Lose Them,0,3215.761426824297
13031,60,11,3201.17,122,2024-05-09 14:58:06,2025-11-02 20:11:44,United Kingdom,291.01545454545453,542,1,4,3,143,Cannot Lose Them,0,3215.761426824297
13032,30,11,2544.15,99,2024-01-02 01:40:15,2025-12-02 00:31:20,United Kingdom,231.28636363636363,699,2,4,2,242,Cannot Lose Them,0,3215.761426824297
13033,7,11,2668.08,113,2024-01-04 13:36:45,2025-12-25 08:06:53,United Kingdom,242.55272727272725,720,4,4,2,442,Loyal Customers,0,3215.761426824297
13034,46,11,5316.88,152,2024-01-12 19:32:36,2025-11-16 19:48:57,United Kingdom,483.3527272727273,674,1,4,5,145,Cannot Lose Them,0,3215.761426824297
13035,57,11,4081.2,133,2024-02-23 00:33:58,2025-11-05 17:15:44,United Kingdom,371.0181818181818,621,1,4,5,145,Cannot Lose Them,0,3215.761426824297
13036,28,11,2785.62,128,2024-01-11 20:49:40,2025-12-04 04:20:32,United Kingdom,253.2381818181818,692,2,4,2,242,Cannot Lose Them,0,3215.761426824297
13037,9,11,3887.7200000000003,127,2024-01-13 19:32:20,2025-12-23 17:22:44,United Kingdom,353.4290909090909,709,4,4,5,445,Champions,0,3215.761426824297
13038,11,11,5120.2300000000005,131,2024-01-05 21:38:17,2025-12-21 12:07:27,United Kingdom,465.47545454545457,715,4,4,5,445,Champions,0,3215.761426824297
13039,12,11,3982.93,137,2024-01-17 14:42:55,2025-12-20 07:52:01,United Kingdom,362.08454545454543,702,4,4,5,445,Champions,0,3215.761426824297
13040,3,11,3082.34,122,2024-01-01 14:22:11,2025-12-29 11:48:25,United Kingdom,280.2127272727273,727,5,4,3,543,Loyal Customers,0,3215.761426824297
13041,52,11,2407.02,112,2024-02-25 16:13:15,2025-11-10 01:35:40,United Kingdom,218.82,623,1,4,1,141,Cannot Lose Them,0,3215.761426824297
13042,73,11,2956.0099999999998,108,2024-01-16 05:11:17,2025-10-20 06:03:53,United Kingdom,268.7281818181818,643,1,4,3,143,Cannot Lose Them,0,3215.761426824297
13043,14,11,3299.95,109,2024-02-07 08:58:57,2025-12-18 05:54:18,United Kingdom,299.99545454545455,679,3,4,4,344,Loyal Customers,0,3215.761426824297
13044,52,11,3517.21,116,2024-01-26 22:55:28,2025-11-10 19:25:02,United Kingdom,319.74636363636364,653,1,4,4,144,Cannot Lose Them,0,3215.761426824297
13045,10,11,2431.54,115,2024-01-26 23:23:07,2025-12-22 14:06:23,United Kingdom,221.0490909090909,695,4,4,1,441,Loyal Customers,0,3215.761426824297
13046,19,11,3225.85,121,2024-02-01 21:05:51,2025-12-13 08:27:35,United Kingdom,293.2590909090909,680,3,4,4,344,Loyal Customers,0,3215.761426824297
13047,109,11,3423.71,126,2024-01-31 01:49:28,2025-09-14 07:16:09,United Kingdom,311.24636363636364,592,1,4,4,144,Cannot Lose Them,0,3215.761426824297
13048,7,11,2371.3,108,2024-01-09 01:25:20,2025-12-25 14:09:22,United Kingdom,215.5727272727273,716,4,4,1,441,Loyal Customers,0,3215.761426824297
13049,42,11,2152.64,101,2024-01-06 03:09:42,2025-11-20 05:17:17,United Kingdom,195.69454545454545,684,1,4,1,141,Cannot Lose Them,0,3215.761426824297
13050,39,10,5212.92,133,2024-02-13 08:41:29,2025-11-23 07:57:17,United Kingdom,521.292,648,1,1,5,115,Hibernating,1,3109.399468085106
13051,4,11,4040.94,141,2024-02-04 15:09:09,2025-12-28 13:56:01,United Kingdom,367.35818181818183,692,5,4,5,545,Champions,0,3215.761426824297
13052,45,11,2597.6800000000003,111,2024-01-08 22:23:56,2025-11-17 13:30:56,United Kingdom,236.1527272727273,678,1,4,2,142,Cannot Lose Them,0,3215.761426824297
13053,6,11,4492.92,126,2024-01-24 10:47:45,2025-12-26 13:29:38,United Kingdom,408.4472727272727,702,4,4,5,445,Champions,0,3215.761426824297
13054,50,11,4429.81,137,2024-01-11 00:06:18,2025-11-12 01:28:28,United Kingdom,402.71000000000004,671,1,4,5,145,Cannot Lose Them,0,3215.761426824297
13055,19,11,2718.88,119,2024-02-08 00:33:20,2025-12-13 18:22:24,United Kingdom,247.1709090909091,674,3,4,2,342,Loyal Customers,0,3215.761426824297
13056,12,11,4231.26,134,2024-01-03 10:35:03,2025-12-20 00:58:06,United Kingdom,384.66,716,4,4,5,445,Champions,0,3215.761426824297
13057,38,11,3052.07,113,2024-01-23 03:48:51,2025-11-24 23:25:03,United Kingdom,277.4609090909091,671,2,4,3,243,Cannot Lose Them,0,3215.761426824297
13058,24,11,2425.54,99,2024-01-05 16:49:14,2025-12-08 08:37:03,United Kingdom,220.50363636363636,702,2,4,1,241,Cannot Lose Them,0,3215.761426824297
13059,12,11,2538.96,104,2024-02-06 23:29:43,2025-12-20 15:04:17,United Kingdom,230.81454545454545,682,4,4,2,442,Loyal Customers,0,3215.761426824297
13060,1,11,4276.82,146,2024-01-13 15:27:44,2025-12-31 00:50:17,United Kingdom,388.80181818181813,717,5,4,5,545,Champions,0,3215.761426824297
13061,29,11,5352.52,152,2024-02-03 03:34:12,2025-12-03 10:56:29,United Kingdom,486.5927272727273,669,2,4,5,245,Cannot Lose Them,0,3215.761426824297
13062,20,11,4338.54,136,2024-02-06 14:13:41,2025-12-12 01:29:01,United Kingdom,394.4127272727273,674,3,4,5,345,Loyal Customers,0,3215.761426824297
13063,15,11,3476.94,114,2024-02-05 11:19:37,2025-12-17 01:32:56,United Kingdom,316.0854545454545,680,3,4,4,344,Loyal Customers,0,3215.761426824297
13064,39,11,1995.4,105,2024-01-24 19:24:41,2025-11-23 08:21:14,United Kingdom,181.4,668,1,4,1,141,Cannot Lose Them,0,3215.761426824297
13065,21,11,2397.48,117,2024-03-22 10:13:40,2025-12-11 09:20:04,United Kingdom,217.9527272727273,628,3,4,1,341,Loyal Customers,0,3215.761426824297
13066,22,11,2486.19,107,2024-01-04 23:40:30,2025-12-10 09:24:57,United Kingdom,226.01727272727274,705,3,4,2,342,Loyal Customers,0,3215.761426824297
13067,8,11,4817.59,133,2024-01-07 03:40:04,2025-12-24 21:47:34,United Kingdom,437.9627272727273,717,4,4,5,445,Champions,0,3215.761426824297
13068,9,10,2084.4,94,2024-01-09 18:29:55,2025-12-23 21:53:10,United Kingdom,208.44,714,4,1,1,411,New / Promising,1,3109.399468085106
13069,20,11,2627.97,113,2024-02-02 13:49:42,2025-12-12 10:56:06,United Kingdom,238.9063636363636,678,3,4,2,342,Loyal Customers,0,3215.761426824297
13070,130,11,3278.26,134,2024-01-04 21:23:07,2025-08-24 16:19:05,United Kingdom,298.0236363636364,597,1,4,4,144,Cannot Lose Them,0,3215.761426824297
13071,40,11,3192.43,125,2024-01-23 01:27:06,2025-11-22 16:51:13,United Kingdom,290.22090909090906,669,1,4,3,143,Cannot Lose Them,0,3215.761426824297
13072,1,11,3683.34,127,2024-01-03 02:11:28,2025-12-31 19:08:56,United Kingdom,334.84909090909093,728,5,4,4,544,Champions,0,3215.761426824297
13073,64,11,2732.83,118,2024-01-01 22:21:13,2025-10-29 06:39:49,United Kingdom,248.4390909090909,666,1,4,2,142,Cannot Lose Them,0,3215.761426824297
13074,87,11,2910.8900000000003,127,2024-01-14 11:18:59,2025-10-06 18:10:14,United Kingdom,264.6263636363637,631,1,4,3,143,Cannot Lose Them,0,3215.761426824297
13075,29,11,3507.76,137,2024-01-03 01:10:06,2025-12-03 19:16:06,United Kingdom,318.8872727272728,700,2,4,4,244,Cannot Lose Them,0,3215.761426824297
13076,24,11,2847.03,117,2024-01-10 10:39:36,2025-12-08 06:49:09,United Kingdom,258.8209090909091,697,2,4,3,243,Cannot Lose Them,0,3215.761426824297
13077,5,11,4690.16,132,2024-01-24 05:25:41,2025-12-27 09:11:10,United Kingdom,426.3781818181818,703,5,4,5,545,Champions,0,3215.761426824297
13078,8,11,2381.08,94,2024-01-16 09:14:16,2025-12-24 23:48:23,United Kingdom,216.4618181818182,708,4,4,1,441,Loyal Customers,0,3215.761426824297
13079,2,11,3232.88,121,2024-04-08 10:54:47,2025-12-30 04:45:49,United Kingdom,293.89818181818185,630,5,4,4,544,Champions,0,3215.761426824297
13080,8,11,1926.88,107,2024-01-01 07:03:22,2025-12-24 12:10:16,United Kingdom,175.1709090909091,723,4,4,1,441,Loyal Customers,0,3215.761426824297
13081,43,11,4173.5599999999995,127,2024-02-19 12:45:58,2025-11-19 05:30:24,United Kingdom,379.4145454545454,638,1,4,5,145,Cannot Lose Them,0,3215.761426824297
13082,81,11,2902.0,105,2024-01-08 09:27:20,2025-10-12 19:14:13,United Kingdom,263.8181818181818,643,1,4,3,143,Cannot Lose Them,0,3215.761426824297
13083,16,11,4650.01,143,2024-02-20 18:22:50,2025-12-16 14:23:48,United Kingdom,422.72818181818184,664,3,4,5,345,Loyal Customers,0,3215.761426824297
13084,40,11,2569.69,115,2024-01-12 08:14:08,2025-11-22 16:09:23,United Kingdom,233.60818181818183,680,1,4,2,142,Cannot Lose Them,0,3215.761426824297
13085,20,11,3567.73,108,2024-01-05 22:36:36,2025-12-12 14:05:45,United Kingdom,324.3390909090909,706,3,4,4,344,Loyal Customers,0,3215.761426824297
13086,22,11,3536.48,130,2024-02-09 18:41:49,2025-12-10 16:24:53,United Kingdom,321.4981818181818,669,3,4,4,344,Loyal Customers,0,3215.761426824297
13087,13,11,2648.52,121,2024-01-26 03:50:36,2025-12-19 07:26:22,United Kingdom,240.77454545454546,693,3,4,2,342,Loyal Customers,0,3215.761426824297
13088,16,11,2771.71,141,2024-01-15 22:36:58,2025-12-16 20:22:54,United Kingdom,251.97363636363636,700,3,4,2,342,Loyal Customers,0,3215.761426824297
13089,23,11,2025.35,104,2024-01-27 05:13:07,2025-12-09 16:02:50,United Kingdom,184.12272727272727,682,2,4,1,241,Cannot Lose Them,0,3215.761426824297
13090,7,11,3737.32,133,2024-01-18 06:04:20,2025-12-25 21:18:00,United Kingdom,339.75636363636363,707,4,4,4,444,Champions,0,3215.761426824297
13091,22,11,3103.53,116,2024-03-15 08:29:08,2025-12-10 16:58:42,United Kingdom,282.13909090909095,635,3,4,3,343,Loyal Customers,0,3215.761426824297
13092,43,11,3315.62,132,2024-01-20 01:36:01,2025-11-19 19:15:45,United Kingdom,301.42,669,1,4,4,144,Cannot Lose Them,0,3215.761426824297
13093,16,11,4761.42,156,2024-01-18 07:20:30,2025-12-16 14:14:10,United Kingdom,432.85636363636365,698,3,4,5,345,Loyal Customers,0,3215.761426824297
13094,1,11,3547.68,138,2024-01-20 00:31:23,2025-12-31 23:52:34,United Kingdom,322.5163636363636,711,5,4,4,544,Champions,0,3215.761426824297
13095,10,11,3296.19,107,2024-01-12 16:26:27,2025-12-22 10:09:10,United Kingdom,299.6536363636364,709,4,4,4,444,Champions,0,3215.761426824297
13096,40,11,2690.38,124,2024-01-22 17:35:29,2025-11-22 20:55:12,United Kingdom,244.58,670,1,4,2,142,Cannot Lose Them,0,3215.761426824297
13097,12,11,2936.88,130,2024-01-27 12:47:51,2025-12-20 21:02:46,United Kingdom,266.9890909090909,693,4,4,3,443,Loyal Customers,0,3215.761426824297
13098,26,11,2638.13,100,2024-01-22 18:59:57,2025-12-06 06:45:29,United Kingdom,239.83,683,2,4,2,242,Cannot Lose Them,0,3215.761426824297
13099,17,11,3301.4500000000003,119,2024-02-09 14:47:17,2025-12-15 19:37:19,United Kingdom,300.13181818181823,675,3,4,4,344,Loyal Customers,0,3215.761426824297
13100,20,11,4188.05,136,2024-01-10 13:28:17,2025-12-12 17:30:49,United Kingdom,380.7318181818182,702,3,4,5,345,Loyal Customers,0,3215.761426824297
13101,13,11,3095.97,106,2024-01-29 19:16:42,2025-12-19 10:21:27,United Kingdom,281.45181818181817,689,3,4,3,343,Loyal Customers,0,3215.761426824297
13102,1,11,2751.68,106,2024-03-24 00:33:55,2025-12-31 17:44:52,United Kingdom,250.15272727272725,647,5,4,2,542,Loyal Customers,0,3215.761426824297
13103,30,10,2453.47,129,2024-02-08 15:44:18,2025-12-02 08:03:22,United Kingdom,245.34699999999998,662,2,1,1,211,Hibernating,1,3109.399468085106
13104,20,11,2160.22,116,2024-01-06 03:37:00,2025-12-12 22:32:13,United Kingdom,196.38363636363636,706,3,4,1,341,Loyal Customers,0,3215.761426824297
13105,24,11,3071.48,112,2024-01-04 17:55:34,2025-12-08 04:42:38,United Kingdom,279.22545454545457,703,2,4,3,243,Cannot Lose Them,0,3215.761426824297
13106,8,11,2741.86,121,2024-01-03 02:07:51,2025-12-24 03:07:23,United Kingdom,249.26000000000002,721,4,4,2,442,Loyal Customers,0,3215.761426824297
13107,24,11,2599.15,110,2024-02-13 15:49:36,2025-12-08 06:07:02,United Kingdom,236.28636363636363,663,2,4,2,242,Cannot Lose Them,0,3215.761426824297
13108,63,11,2332.06,107,2024-01-18 10:08:27,2025-10-30 12:38:47,United Kingdom,212.00545454545454,651,1,4,1,141,Cannot Lose Them,0,3215.761426824297
13109,11,11,2850.1000000000004,105,2024-01-13 19:27:50,2025-12-21 15:39:20,United Kingdom,259.1,707,4,4,3,443,Loyal Customers,0,3215.761426824297
13110,18,11,3860.78,133,2024-02-02 18:46:47,2025-12-14 14:05:19,United Kingdom,350.98,680,3,4,5,345,Loyal Customers,0,3215.761426824297
13111,22,11,3136.64,106,2024-03-19 01:01:20,2025-12-10 14:19:21,United Kingdom,285.1490909090909,631,3,4,3,343,Loyal Customers,0,3215.761426824297
13112,32,11,5389.91,143,2024-01-01 09:31:13,2025-11-30 00:21:25,United Kingdom,489.9918181818182,698,2,4,5,245,Cannot Lose Them,0,3215.761426824297
13113,1,11,2345.59,103,2024-02-07 20:59:15,2025-12-31 16:40:05,United Kingdom,213.23545454545456,692,5,4,1,541,Loyal Customers,0,3215.761426824297
13114,35,11,4678.5,165,2024-01-17 11:12:23,2025-11-27 07:44:48,United Kingdom,425.3181818181818,679,2,4,5,245,Cannot Lose Them,0,3215.761426824297
13115,1,11,3113.5099999999998,119,2024-02-01 16:52:36,2025-12-31 07:02:17,United Kingdom,283.0463636363636,698,5,4,3,543,Loyal Customers,0,3215.761426824297
13116,7,11,3028.58,103,2024-01-11 22:48:58,2025-12-25 10:50:06,United Kingdom,275.32545454545453,713,4,4,3,443,Loyal Customers,0,3215.761426824297
13117,43,11,2977.15,120,2024-02-05 16:08:20,2025-11-19 03:13:19,United Kingdom,270.65000000000003,652,1,4,3,143,Cannot Lose Them,0,3215.761426824297
13118,24,11,3180.89,119,2024-01-25 01:27:23,2025-12-08 00:31:07,United Kingdom,289.1718181818182,682,2,4,3,243,Cannot Lose Them,0,3215.761426824297
13119,4,11,2212.76,108,2024-01-14 13:05:33,2025-12-28 00:41:52,United Kingdom,201.16000000000003,713,5,4,1,541,Loyal Customers,0,3215.761426824297
13120,22,11,2478.11,103,2024-01-16 01:28:02,2025-12-10 04:45:58,United Kingdom,225.28272727272727,694,3,4,2,342,Loyal Customers,0,3215.761426824297
13121,22,11,2633.63,108,2024-01-10 08:19:01,2025-12-10 22:13:56,United Kingdom,239.4209090909091,700,3,4,2,342,Loyal Customers,0,3215.761426824297
13122,23,11,3940.77,143,2024-01-25 19:55:47,2025-12-09 12:03:50,United Kingdom,358.2518181818182,683,2,4,5,245,Cannot Lose Them,0,3215.761426824297
13123,47,11,2818.01,122,2024-01-19 01:52:22,2025-11-15 02:36:25,United Kingdom,256.1827272727273,666,1,4,2,142,Cannot Lose Them,0,3215.761426824297
13124,8,11,2877.73,111,2024-03-15 22:22:38,2025-12-24 01:45:17,United Kingdom,261.6118181818182,648,4,4,3,443,Loyal Customers,0,3215.761426824297
13125,52,11,3086.81,109,2024-01-06 23:51:59,2025-11-10 09:54:58,United Kingdom,280.6190909090909,673,1,4,3,143,Cannot Lose Them,0,3215.761426824297
13126,39,11,2753.14,106,2024-01-22 14:34:54,2025-11-23 01:06:28,United Kingdom,250.28545454545454,670,1,4,2,142,Cannot Lose Them,0,3215.761426824297
13127,15,11,3652.94,115,2024-03-23 19:32:26,2025-12-17 03:42:06,United Kingdom,332.0854545454545,633,3,4,4,344,Loyal Customers,0,3215.761426824297
13128,64,11,3248.09,118,2024-01-25 12:43:18,2025-10-29 15:30:03,United Kingdom,295.2809090909091,643,1,4,4,144,Cannot Lose Them,0,3215.761426824297
13129,17,11,4703.4400000000005,137,2024-01-24 03:05:20,2025-12-15 22:52:26,United Kingdom,427.5854545454546,691,3,4,5,345,Loyal Customers,0,3215.761426824297
13130,23,11,2904.85,124,2024-01-27 09:01:11,2025-12-09 09:27:00,United Kingdom,264.0772727272727,682,2,4,3,243,Cannot Lose Them,0,3215.761426824297
13131,9,11,3142.32,100,2024-01-10 04:42:36,2025-12-23 07:26:59,United Kingdom,285.66545454545457,713,4,4,3,443,Loyal Customers,0,3215.761426824297
13132,20,11,3311.75,120,2024-04-09 17:58:50,2025-12-12 04:15:50,United Kingdom,301.0681818181818,611,3,4,4,344,Loyal Customers,0,3215.761426824297
13133,15,11,3769.0299999999997,125,2024-02-07 14:00:08,2025-12-17 22:32:46,United Kingdom,342.6390909090909,679,3,4,4,344,Loyal Customers,0,3215.761426824297
13134,2,11,3526.2,133,2024-01-19 10:23:23,2025-12-30 12:02:51,United Kingdom,320.56363636363636,711,5,4,4,544,Champions,0,3215.761426824297
13135,10,11,2418.12,108,2024-01-22 20:24:55,2025-12-22 12:48:25,United Kingdom,219.8290909090909,699,4,4,1,441,Loyal Customers,0,3215.761426824297
13136,21,11,3314.48,119,2024-01-07 19:59:00,2025-12-11 23:31:42,United Kingdom,301.31636363636363,704,3,4,4,344,Loyal Customers,0,3215.761426824297
13137,6,11,2418.95,94,2024-01-04 07:15:44,2025-12-26 10:27:35,United Kingdom,219.90454545454543,722,4,4,1,441,Loyal Customers,0,3215.761426824297
13138,55,11,2876.5,121,2024-01-28 16:35:00,2025-11-07 21:20:35,United Kingdom,261.5,649,1,4,3,143,Cannot Lose Them,0,3215.761426824297
13139,13,11,3057.15,114,2024-02-16 18:17:02,2025-12-19 12:31:10,United Kingdom,277.9227272727273,671,3,4,3,343,Loyal Customers,0,3215.761426824297
13140,27,11,5870.38,149,2024-01-21 12:16:25,2025-12-05 08:43:23,United Kingdom,533.670909090909,683,2,4,5,245,Cannot Lose Them,0,3215.761426824297
13141,49,11,3271.06,117,2024-01-27 15:48:11,2025-11-13 00:36:34,United Kingdom,297.3690909090909,655,1,4,4,144,Cannot Lose Them,0,3215.761426824297
13142,35,11,3777.73,145,2024-03-09 04:39:07,2025-11-27 04:34:58,United Kingdom,343.43,627,2,4,4,244,Cannot Lose Them,0,3215.761426824297
13143,25,11,2159.43,107,2024-01-20 04:00:54,2025-12-07 05:38:43,United Kingdom,196.31181818181815,687,2,4,1,241,Cannot Lose Them,0,3215.761426824297
13144,19,11,4119.15,130,2024-01-14 04:15:17,2025-12-13 14:09:18,United Kingdom,374.4681818181818,699,3,4,5,345,Loyal Customers,0,3215.761426824297
13145,31,11,2744.0,111,2024-02-07 07:12:24,2025-12-01 17:56:48,United Kingdom,249.45454545454547,663,2,4,2,242,Cannot Lose Them,0,3215.761426824297
13146,4,11,4817.79,150,2024-01-24 13:31:29,2025-12-28 15:13:06,United Kingdom,437.9809090909091,704,5,4,5,545,Champions,0,3215.761426824297
13147,27,11,2815.64,129,2024-02-19 22:04:46,2025-12-05 13:36:59,United Kingdom,255.96727272727273,654,2,4,2,242,Cannot Lose Them,0,3215.761426824297
13148,9,11,3315.85,124,2024-02-13 19:08:28,2025-12-23 17:49:15,United Kingdom,301.4409090909091,678,4,4,4,444,Champions,0,3215.761426824297
13149,35,11,2299.48,105,2024-01-06 00:12:00,2025-11-27 09:17:14,United Kingdom,209.04363636363635,691,2,4,1,241,Cannot Lose Them,0,3215.761426824297
13150,19,11,3448.44,120,2024-01-08 04:07:56,2025-12-13 13:46:56,United Kingdom,313.49454545454546,705,3,4,4,344,Loyal Customers,0,3215.761426824297
13151,13,11,3574.68,118,2024-01-04 09:53:50,2025-12-19 19:31:32,United Kingdom,324.97090909090906,715,3,4,4,344,Loyal Customers,0,3215.761426824297
13152,7,11,2763.13,102,2024-02-16 11:26:47,2025-12-25 03:53:02,United Kingdom,251.1936363636364,677,4,4,2,442,Loyal Customers,0,3215.761426824297
13153,25,11,4805.33,140,2024-04-03 10:57:56,2025-12-07 15:03:59,United Kingdom,436.8481818181818,613,2,4,5,245,Cannot Lose Them,0,3215.761426824297
13154,8,11,4293.3,135,2024-01-06 18:19:24,2025-12-24 12:41:25,United Kingdom,390.3,717,4,4,5,445,Champions,0,3215.761426824297
13155,3,11,3744.32,121,2024-01-08 02:19:35,2025-12-29 00:06:41,United Kingdom,340.3927272727273,720,5,4,4,544,Champions,0,3215.761426824297
13156,12,11,2026.7,103,2024-01-19 02:31:16,2025-12-20 03:47:17,United Kingdom,184.24545454545455,701,4,4,1,441,Loyal Customers,0,3215.761426824297
13157,67,11,3392.71,128,2024-01-03 15:41:06,2025-10-26 04:28:43,United Kingdom,308.4281818181818,661,1,4,4,144,Cannot Lose Them,0,3215.761426824297
13158,3,11,3850.9,135,2024-02-06 19:09:05,2025-12-29 07:08:53,United Kingdom,350.08181818181816,691,5,4,4,544,Champions,0,3215.761426824297
13159,27,11,2586.39,117,2024-01-14 16:51:39,2025-12-05 17:32:03,United Kingdom,235.12636363636364,691,2,4,2,242,Cannot Lose Them,0,3215.761426824297
13160,3,11,2669.64,107,2024-01-24 02:37:32,2025-12-29 10:51:48,United Kingdom,242.69454545454545,705,5,4,2,542,Loyal Customers,0,3215.761426824297
13161,10,11,1917.02,108,2024-01-16 14:14:30,2025-12-22 20:10:28,United Kingdom,174.27454545454546,706,4,4,1,441,Loyal Customers,0,3215.761426824297
13162,4,11,2472.38,89,2024-01-02 04:11:50,2025-12-28 08:10:01,United Kingdom,224.7618181818182,726,5,4,2,542,Loyal Customers,0,3215.761426824297
13163,22,11,4247.69,113,2024-01-13 19:46:42,2025-12-10 23:17:49,United Kingdom,386.15363636363634,697,3,4,5,345,Loyal Customers,0,3215.761426824297
13164,38,11,2497.29,109,2024-01-31 22:02:18,2025-11-24 13:17:08,United Kingdom,227.02636363636364,662,2,4,2,242,Cannot Lose Them,0,3215.761426824297
13165,21,11,7179.46,149,2024-02-01 11:13:29,2025-12-11 06:15:36,United Kingdom,652.6781818181818,678,3,4,5,345,Loyal Customers,0,3215.761426824297
13166,21,11,4276.01,136,2024-02-08 18:30:11,2025-12-11 06:20:25,United Kingdom,388.72818181818184,671,3,4,5,345,Loyal Customers,0,3215.761426824297
13167,12,11,4349.38,123,2024-01-23 19:24:30,2025-12-20 00:21:50,United Kingdom,395.39818181818185,696,4,4,5,445,Champions,0,3215.761426824297
13168,56,11,5279.03,142,2024-01-01 07:54:11,2025-11-06 12:12:14,United Kingdom,479.91181818181815,675,1,4,5,145,Cannot Lose Them,0,3215.761426824297
13169,11,11,2687.46,113,2024-01-26 00:39:46,2025-12-21 09:55:07,United Kingdom,244.31454545454545,695,4,4,2,442,Loyal Customers,0,3215.761426824297
13170,8,10,2594.33,121,2024-01-16 12:43:58,2025-12-24 22:08:27,United Kingdom,259.433,708,4,1,2,412,New / Promising,1,3109.399468085106
13171,27,11,2593.3900000000003,107,2024-01-09 16:58:42,2025-12-05 15:44:59,United Kingdom,235.7627272727273,695,2,4,2,242,Cannot Lose Them,0,3215.761426824297
13172,4,11,3003.86,120,2024-01-10 22:59:21,2025-12-28 05:37:23,United Kingdom,273.0781818181818,717,5,4,3,543,Loyal Customers,0,3215.761426824297
13173,19,11,4286.71,136,2024-03-29 11:08:25,2025-12-13 19:13:08,United Kingdom,389.7009090909091,624,3,4,5,345,Loyal Customers,0,3215.761426824297
13174,9,11,5467.2300000000005,148,2024-01-30 11:17:40,2025-12-23 08:27:03,United Kingdom,497.02090909090913,692,4,4,5,445,Champions,0,3215.761426824297
13175,6,11,3143.0,123,2024-01-24 21:43:32,2025-12-26 12:05:44,United Kingdom,285.72727272727275,701,4,4,3,443,Loyal Customers,0,3215.761426824297
13176,20,11,2516.9,117,2024-02-19 01:53:25,2025-12-12 06:31:34,United Kingdom,228.8090909090909,662,3,4,2,342,Loyal Customers,0,3215.761426824297
13177,34,11,2973.8,102,2024-01-10 04:23:58,2025-11-28 05:37:16,United Kingdom,270.3454545454546,688,2,4,3,243,Cannot Lose Them,0,3215.761426824297
13178,24,11,2993.4,124,2024-02-05 04:59:07,2025-12-08 13:26:12,United Kingdom,272.1272727272727,672,2,4,3,243,Cannot Lose Them,0,3215.761426824297
13179,35,11,2385.23,105,2024-01-02 04:15:10,2025-11-27 18:34:25,United Kingdom,216.8390909090909,695,2,4,1,241,Cannot Lose Them,0,3215.761426824297
13180,3,11,1961.98,104,2024-01-11 13:32:40,2025-12-29 15:34:58,United Kingdom,178.3618181818182,718,5,4,1,541,Loyal Customers,0,3215.761426824297
13181,23,11,4635.17,145,2024-02-13 14:14:51,2025-12-09 12:10:03,United Kingdom,421.3790909090909,664,2,4,5,245,Cannot Lose Them,0,3215.761426824297
13182,11,11,2653.49,119,2024-02-06 10:26:57,2025-12-21 16:16:03,United Kingdom,241.22636363636363,684,4,4,2,442,Loyal Customers,0,3215.761426824297
13183,9,11,4306.55,132,2024-01-13 19:36:23,2025-12-23 18:39:02,United Kingdom,391.50454545454545,709,4,4,5,445,Champions,0,3215.761426824297
13184,16,11,2611.89,106,2024-01-16 23:09:39,2025-12-16 11:12:52,United Kingdom,237.44454545454545,699,3,4,2,342,Loyal Customers,0,3215.761426824297
13185,27,11,3392.64,121,2024-01-05 19:23:47,2025-12-05 09:03:06,United Kingdom,308.4218181818182,699,2,4,4,244,Cannot Lose Them,0,3215.761426824297
13186,8,11,3615.32,110,2024-02-22 19:38:57,2025-12-24 14:28:59,United Kingdom,328.66545454545457,670,4,4,4,444,Champions,0,3215.761426824297
13187,26,11,2600.27,120,2024-02-28 16:52:34,2025-12-06 07:03:13,United Kingdom,236.3881818181818,646,2,4,2,242,Cannot Lose Them,0,3215.761426824297
13188,34,11,3311.49,125,2024-02-08 02:04:12,2025-11-28 23:49:42,United Kingdom,301.0445454545454,659,2,4,4,244,Cannot Lose Them,0,3215.761426824297
13189,16,11,2492.99,108,2024-01-18 04:56:15,2025-12-16 18:11:48,United Kingdom,226.63545454545454,698,3,4,2,342,Loyal Customers,0,3215.761426824297
13190,25,11,2682.75,112,2024-01-06 12:56:40,2025-12-07 19:59:31,United Kingdom,243.88636363636363,701,2,4,2,242,Cannot Lose Them,0,3215.761426824297
13191,5,11,3468.54,127,2024-01-04 21:48:33,2025-12-27 18:57:57,United Kingdom,315.3218181818182,722,5,4,4,544,Champions,0,3215.761426824297
13192,23,11,2653.41,105,2024-02-19 03:21:16,2025-12-09 01:38:34,United Kingdom,241.2190909090909,658,2,4,2,242,Cannot Lose Them,0,3215.761426824297
13193,3,11,2439.17,99,2024-01-01 03:46:30,2025-12-29 18:17:49,United Kingdom,221.74272727272728,728,5,4,1,541,Loyal Customers,0,3215.761426824297
13194,23,11,3569.69,135,2024-03-06 05:59:53,2025-12-09 08:41:08,United Kingdom,324.5172727272727,643,2,4,4,244,Cannot Lose Them,0,3215.761426824297
13195,9,11,2560.27,112,2024-01-04 12:08:26,2025-12-23 00:51:28,United Kingdom,232.75181818181818,718,4,4,2,442,Loyal Customers,0,3215.761426824297
13196,2,11,1829.74,110,2024-01-09 12:24:50,2025-12-30 00:51:16,United Kingdom,166.34,720,5,4,1,541,Loyal Customers,0,3215.761426824297
13197,1,11,4366.31,140,2024-01-21 22:19:25,2025-12-31 01:59:28,United Kingdom,396.9372727272728,709,5,4,5,545,Champions,0,3215.761426824297
13198,51,11,6649.32,160,2024-01-10 15:49:56,2025-11-11 11:10:57,United Kingdom,604.4836363636364,670,1,4,5,145,Cannot Lose Them,0,3215.761426824297
13199,18,11,2945.29,128,2024-01-10 03:15:29,2025-12-14 08:56:11,United Kingdom,267.75363636363636,704,3,4,3,343,Loyal Customers,0,3215.761426824297
13200,42,11,1860.63,97,2024-02-28 04:21:31,2025-11-20 08:21:37,United Kingdom,169.14818181818183,631,1,4,1,141,Cannot Lose Them,0,3215.761426824297
13201,3,11,3415.07,117,2024-01-09 00:36:55,2025-12-29 21:10:01,United Kingdom,310.4609090909091,720,5,4,4,544,Champions,0,3215.761426824297
13202,13,11,4906.5,135,2024-01-20 02:20:04,2025-12-19 02:48:26,United Kingdom,446.04545454545456,699,3,4,5,345,Loyal Customers,0,3215.761426824297
13203,31,11,2243.1,116,2024-01-03 15:59:46,2025-12-01 20:21:33,United Kingdom,203.9181818181818,698,2,4,1,241,Cannot Lose Them,0,3215.761426824297
13204,38,11,3359.42,131,2024-01-10 09:12:37,2025-11-24 01:40:48,United Kingdom,305.4018181818182,683,2,4,4,244,Cannot Lose Them,0,3215.761426824297
13205,6,11,3276.0,118,2024-01-01 22:42:25,2025-12-26 15:35:10,United Kingdom,297.8181818181818,724,4,4,4,444,Champions,0,3215.761426824297
13206,28,11,4437.14,141,2024-01-17 10:39:45,2025-12-04 15:41:22,United Kingdom,403.3763636363637,687,2,4,5,245,Cannot Lose Them,0,3215.761426824297
13207,19,11,4215.1,132,2024-01-15 02:48:20,2025-12-13 00:04:14,United Kingdom,383.19090909090914,697,3,4,5,345,Loyal Customers,0,3215.761426824297
13208,4,11,3223.33,132,2024-01-03 02:17:18,2025-12-28 18:09:20,United Kingdom,293.03,725,5,4,4,544,Champions,0,3215.761426824297
13209,59,11,4374.81,144,2024-01-09 16:34:43,2025-11-03 12:10:24,United Kingdom,397.71000000000004,663,1,4,5,145,Cannot Lose Them,0,3215.761426824297
13210,7,11,3593.54,110,2024-01-11 06:22:50,2025-12-25 05:57:34,United Kingdom,326.68545454545455,713,4,4,4,444,Champions,0,3215.761426824297
13211,31,11,6106.16,175,2024-02-15 14:51:59,2025-12-01 02:30:38,United Kingdom,555.1054545454546,654,2,4,5,245,Cannot Lose Them,0,3215.761426824297
13212,50,11,2215.0299999999997,94,2024-02-05 09:03:54,2025-11-12 13:31:43,United Kingdom,201.36636363636362,646,1,4,1,141,Cannot Lose Them,0,3215.761426824297
13213,14,11,5356.01,133,2024-01-19 18:41:03,2025-12-18 19:45:07,United Kingdom,486.91,699,3,4,5,345,Loyal Customers,0,3215.761426824297
13214,10,11,2735.79,125,2024-01-06 23:51:52,2025-12-22 20:28:10,United Kingdom,248.70818181818183,715,4,4,2,442,Loyal Customers,0,3215.761426824297
13215,18,11,2939.64,112,2024-02-10 22:53:26,2025-12-14 19:20:53,United Kingdom,267.24,672,3,4,3,343,Loyal Customers,0,3215.761426824297
13216,12,11,3209.05,128,2024-01-21 10:13:35,2025-12-20 04:28:54,United Kingdom,291.7318181818182,698,4,4,3,443,Loyal Customers,0,3215.761426824297
13217,12,11,3085.64,107,2024-01-01 07:21:05,2025-12-20 13:34:07,United Kingdom,280.51272727272726,719,4,4,3,443,Loyal Customers,0,3215.761426824297
13218,45,11,4053.14,130,2024-01-01 06:50:11,2025-11-17 21:36:32,United Kingdom,368.4672727272727,686,1,4,5,145,Cannot Lose Them,0,3215.761426824297
13219,80,11,3015.35,124,2024-01-19 01:42:24,2025-10-13 09:21:36,United Kingdom,274.1227272727273,633,1,4,3,143,Cannot Lose Them,0,3215.761426824297
13220,39,11,2715.75,123,2024-02-07 17:07:24,2025-11-23 13:25:20,United Kingdom,246.88636363636363,654,1,4,2,142,Cannot Lose Them,0,3215.761426824297
13221,15,11,3964.86,128,2024-01-19 08:39:15,2025-12-17 08:20:45,United Kingdom,360.4418181818182,697,3,4,5,345,Loyal Customers,0,3215.761426824297
13222,23,11,7364.2,172,2024-01-14 23:11:49,2025-12-09 07:06:28,United Kingdom,669.4727272727273,694,2,4,5,245,Cannot Lose Them,0,3215.761426824297
13223,7,11,3846.35,153,2024-01-27 03:44:05,2025-12-25 06:50:03,United Kingdom,349.66818181818184,698,4,4,4,444,Champions,0,3215.761426824297
13224,23,11,2962.39,109,2024-01-30 21:52:38,2025-12-09 17:11:31,United Kingdom,269.3081818181818,678,2,4,3,243,Cannot Lose Them,0,3215.761426824297
13225,55,11,2687.58,123,2024-01-02 16:29:27,2025-11-07 21:26:48,United Kingdom,244.32545454545453,675,1,4,2,142,Cannot Lose Them,0,3215.761426824297
13226,19,11,3319.34,126,2024-04-07 08:50:02,2025-12-13 10:22:48,United Kingdom,301.7581818181818,615,3,4,4,344,Loyal Customers,0,3215.761426824297
13227,10,11,2699.24,111,2024-01-06 07:35:34,2025-12-22 19:03:57,United Kingdom,245.38545454545454,716,4,4,2,442,Loyal Customers,0,3215.761426824297
13228,109,11,2982.96,125,2024-01-03 12:12:54,2025-09-14 12:08:42,United Kingdom,271.1781818181818,619,1,4,3,143,Cannot Lose Them,0,3215.761426824297
13229,2,11,2594.48,111,2024-02-12 03:19:37,2025-12-30 15:07:58,United Kingdom,235.8618181818182,687,5,4,2,542,Loyal Customers,0,3215.761426824297
13230,12,11,2840.49,107,2024-04-13 16:26:43,2025-12-20 23:46:06,United Kingdom,258.2263636363636,616,4,4,3,443,Loyal Customers,0,3215.761426824297
13231,22,11,2849.06,122,2024-01-05 19:59:16,2025-12-10 16:55:09,United Kingdom,259.00545454545454,704,3,4,3,343,Loyal Customers,0,3215.761426824297
13232,44,11,3097.5299999999997,125,2024-03-07 19:42:24,2025-11-18 19:43:22,United Kingdom,281.59363636363634,621,1,4,3,143,Cannot Lose Them,0,3215.761426824297
13233,3,11,4160.06,143,2024-01-19 03:20:19,2025-12-29 21:39:17,United Kingdom,378.1872727272728,710,5,4,5,545,Champions,0,3215.761426824297
13234,74,11,2034.67,96,2024-01-13 01:44:58,2025-10-19 01:33:13,United Kingdom,184.97,644,1,4,1,141,Cannot Lose Them,0,3215.761426824297
13235,33,11,3281.22,127,2024-02-08 14:33:58,2025-11-29 13:04:00,United Kingdom,298.29272727272723,659,2,4,4,244,Cannot Lose Them,0,3215.761426824297
13236,5,11,2749.98,107,2024-01-05 02:00:54,2025-12-27 03:03:09,United Kingdom,249.99818181818182,722,5,4,2,542,Loyal Customers,0,3215.761426824297
13237,10,11,3424.93,112,2024-01-06 21:00:29,2025-12-22 18:43:21,United Kingdom,311.3572727272727,715,4,4,4,444,Champions,0,3215.761426824297
13238,28,11,4692.86,133,2024-01-07 06:36:58,2025-12-04 08:46:14,United Kingdom,426.6236363636363,697,2,4,5,245,Cannot Lose Them,0,3215.761426824297
13239,61,11,7465.74,196,2024-01-28 22:23:16,2025-11-01 14:29:05,United Kingdom,678.7036363636363,642,1,4,5,145,Cannot Lose Them,0,3215.761426824297
13240,54,11,3260.43,124,2024-01-12 18:02:20,2025-11-08 11:14:04,United Kingdom,296.40272727272725,665,1,4,4,144,Cannot Lose Them,0,3215.761426824297
13241,19,11,1916.1,103,2024-01-04 00:19:35,2025-12-13 22:33:39,United Kingdom,174.1909090909091,709,3,4,1,341,Loyal Customers,0,3215.761426824297
13242,28,11,3053.26,117,2024-01-24 13:43:26,2025-12-04 10:58:27,United Kingdom,277.5690909090909,679,2,4,3,243,Cannot Lose Them,0,3215.761426824297
13243,32,11,2001.21,104,2024-01-05 01:41:05,2025-11-30 10:37:39,United Kingdom,181.92818181818183,695,2,4,1,241,Cannot Lose Them,0,3215.761426824297
13244,2,11,4413.02,132,2024-01-29 01:06:56,2025-12-30 17:16:58,United Kingdom,401.1836363636364,701,5,4,5,545,Champions,0,3215.761426824297
13245,57,11,2035.3700000000001,110,2024-01-02 18:45:48,2025-11-05 08:50:48,United Kingdom,185.03363636363636,672,1,4,1,141,Cannot Lose Them,0,3215.761426824297
13246,3,11,2229.44,114,2024-03-26 00:35:01,2025-12-29 01:56:44,United Kingdom,202.67636363636365,643,5,4,1,541,Loyal Customers,0,3215.761426824297
13247,7,11,2274.0,105,2024-01-16 04:19:15,2025-12-25 11:16:36,United Kingdom,206.72727272727272,709,4,4,1,441,Loyal Customers,0,3215.761426824297
13248,2,11,4377.95,143,2024-02-29 03:11:28,2025-12-30 03:29:52,United Kingdom,397.99545454545455,670,5,4,5,545,Champions,0,3215.761426824297
13249,12,11,3527.61,133,2024-04-21 08:49:14,2025-12-20 20:31:15,United Kingdom,320.6918181818182,608,4,4,4,444,Champions,0,3215.761426824297
13250,42,11,2671.39,122,2024-01-18 22:16:32,2025-11-20 21:50:03,United Kingdom,242.85363636363635,671,1,4,2,142,Cannot Lose Them,0,3215.761426824297
13251,3,11,3657.63,122,2024-01-24 19:52:55,2025-12-29 04:23:51,United Kingdom,332.51181818181817,704,5,4,4,544,Champions,0,3215.761426824297
13252,8,11,3797.4900000000002,133,2024-02-13 14:14:20,2025-12-24 01:24:18,United Kingdom,345.22636363636366,679,4,4,4,444,Champions,0,3215.761426824297
13253,42,11,2579.53,117,2024-01-06 22:01:26,2025-11-20 15:52:57,United Kingdom,234.5027272727273,683,1,4,2,142,Cannot Lose Them,0,3215.761426824297
13254,16,11,4255.91,133,2024-02-01 15:00:07,2025-12-16 08:20:56,United Kingdom,386.90090909090907,683,3,4,5,345,Loyal Customers,0,3215.761426824297
13255,16,11,2088.08,101,2024-02-06 18:00:01,2025-12-16 23:45:10,United Kingdom,189.82545454545453,679,3,4,1,341,Loyal Customers,0,3215.761426824297
13256,6,11,2754.83,104,2024-01-03 07:56:11,2025-12-26 18:49:48,United Kingdom,250.4390909090909,723,4,4,2,442,Loyal Customers,0,3215.761426824297
13257,2,11,3810.83,120,2024-03-03 13:46:03,2025-12-30 17:23:31,United Kingdom,346.4390909090909,667,5,4,4,544,Champions,0,3215.761426824297
13258,35,11,2188.1,101,2024-01-23 16:26:03,2025-11-27 23:32:02,United Kingdom,198.9181818181818,674,2,4,1,241,Cannot Lose Them,0,3215.761426824297
13259,2,11,4026.77,124,2024-01-01 18:23:11,2025-12-30 07:11:23,United Kingdom,366.07,728,5,4,5,545,Champions,0,3215.761426824297
13260,50,11,2423.71,120,2024-01-03 18:52:19,2025-11-12 14:41:00,United Kingdom,220.33727272727273,678,1,4,1,141,Cannot Lose Them,0,3215.761426824297
13261,7,11,3005.5,108,2024-01-11 01:58:50,2025-12-25 17:01:07,United Kingdom,273.22727272727275,714,4,4,3,443,Loyal Customers,0,3215.761426824297
13262,20,11,2467.79,104,2024-01-06 21:19:41,2025-12-12 18:40:16,United Kingdom,224.34454545454545,705,3,4,2,342,Loyal Customers,0,3215.761426824297
13263,3,11,2288.6,115,2024-01-28 10:17:46,2025-12-29 13:15:21,United Kingdom,208.05454545454543,701,5,4,1,541,Loyal Customers,0,3215.761426824297
13264,21,11,2624.22,102,2024-01-10 11:19:27,2025-12-11 13:35:23,United Kingdom,238.56545454545451,701,3,4,2,342,Loyal Customers,0,3215.761426824297
13265,3,11,2957.21,123,2024-01-24 18:51:49,2025-12-29 02:49:39,United Kingdom,268.8372727272727,704,5,4,3,543,Loyal Customers,0,3215.761426824297
13266,6,11,2624.53,114,2024-01-04 07:54:58,2025-12-26 10:30:54,United Kingdom,238.5936363636364,722,4,4,2,442,Loyal Customers,0,3215.761426824297
13267,53,11,3001.02,119,2024-02-05 08:30:00,2025-11-09 14:16:25,United Kingdom,272.82,643,1,4,3,143,Cannot Lose Them,0,3215.761426824297
13268,2,11,3681.23,133,2024-02-14 23:44:22,2025-12-30 21:31:16,United Kingdom,334.65727272727275,684,5,4,4,544,Champions,0,3215.761426824297
13269,35,11,4797.55,127,2024-01-03 18:52:33,2025-11-27 11:28:43,United Kingdom,436.14090909090913,693,2,4,5,245,Cannot Lose Them,0,3215.761426824297
13270,23,11,4617.92,152,2024-01-26 05:20:25,2025-12-09 13:17:33,United Kingdom,419.8109090909091,683,2,4,5,245,Cannot Lose Them,0,3215.761426824297
13271,3,11,2480.99,106,2024-01-09 18:29:39,2025-12-29 00:32:23,United Kingdom,225.54454545454544,719,5,4,2,542,Loyal Customers,0,3215.761426824297
13272,73,11,2470.82,109,2024-01-01 16:33:52,2025-10-20 21:06:15,United Kingdom,224.62,658,1,4,2,142,Cannot Lose Them,0,3215.761426824297
13273,7,11,4627.64,138,2024-02-17 11:06:45,2025-12-25 11:32:12,United Kingdom,420.6945454545455,677,4,4,5,445,Champions,0,3215.761426824297
13274,64,10,2301.4,111,2024-01-19 21:24:25,2025-10-29 02:29:57,United Kingdom,230.14000000000001,648,1,1,1,111,Hibernating,1,3109.399468085106
13275,24,11,2719.41,107,2024-02-25 14:14:00,2025-12-08 10:31:28,United Kingdom,247.2190909090909,651,2,4,2,242,Cannot Lose Them,0,3215.761426824297
13276,13,11,2599.05,114,2024-02-01 00:14:07,2025-12-19 04:13:01,United Kingdom,236.27727272727273,687,3,4,2,342,Loyal Customers,0,3215.761426824297
13277,16,11,1726.76,96,2024-02-06 09:16:49,2025-12-16 03:59:30,United Kingdom,156.9781818181818,678,3,4,1,341,Loyal Customers,0,3215.761426824297
13278,19,11,2851.88,110,2024-02-21 17:25:46,2025-12-13 14:50:05,United Kingdom,259.26181818181817,660,3,4,3,343,Loyal Customers,0,3215.761426824297
13279,76,11,3439.68,125,2024-01-08 11:53:27,2025-10-17 10:36:34,United Kingdom,312.6981818181818,647,1,4,4,144,Cannot Lose Them,0,3215.761426824297
13280,12,11,3677.18,125,2024-01-17 20:03:49,2025-12-20 00:24:28,United Kingdom,334.2890909090909,702,4,4,4,444,Champions,0,3215.761426824297
13281,2,11,2747.68,109,2024-01-07 20:40:32,2025-12-30 10:25:49,United Kingdom,249.7890909090909,722,5,4,2,542,Loyal Customers,0,3215.761426824297
13282,6,11,2750.8,120,2024-02-28 17:44:48,2025-12-26 08:48:43,United Kingdom,250.0727272727273,666,4,4,2,442,Loyal Customers,0,3215.761426824297
13283,4,11,3177.19,115,2024-01-08 21:42:13,2025-12-28 03:43:04,United Kingdom,288.8354545454545,719,5,4,3,543,Loyal Customers,0,3215.761426824297
13284,7,11,2522.45,100,2024-01-08 08:26:07,2025-12-25 17:37:08,United Kingdom,229.31363636363633,717,4,4,2,442,Loyal Customers,0,3215.761426824297
13285,15,11,2919.78,108,2024-01-01 00:30:14,2025-12-17 01:13:24,United Kingdom,265.43454545454546,716,3,4,3,343,Loyal Customers,0,3215.761426824297
13286,20,11,2474.44,109,2024-01-30 22:57:41,2025-12-12 00:03:28,United Kingdom,224.94909090909093,681,3,4,2,342,Loyal Customers,0,3215.761426824297
13287,1,11,3305.58,118,2024-01-31 23:27:46,2025-12-31 21:08:00,United Kingdom,300.5072727272727,699,5,4,4,544,Champions,0,3215.761426824297
13288,21,11,3457.7400000000002,122,2024-01-30 23:51:33,2025-12-11 19:38:56,United Kingdom,314.34000000000003,680,3,4,4,344,Loyal Customers,0,3215.761426824297
13289,13,11,3083.11,123,2024-01-03 07:16:49,2025-12-19 22:26:02,United Kingdom,280.2827272727273,716,3,4,3,343,Loyal Customers,0,3215.761426824297
13290,24,11,3137.12,118,2024-02-13 08:06:06,2025-12-08 00:20:10,United Kingdom,285.19272727272727,663,2,4,3,243,Cannot Lose Them,0,3215.761426824297
13291,6,11,2384.8,104,2024-01-08 23:44:06,2025-12-26 09:56:59,United Kingdom,216.8,717,4,4,1,441,Loyal Customers,0,3215.761426824297
13292,1,11,2491.79,100,2024-01-03 09:15:26,2025-12-31 18:49:10,United Kingdom,226.52636363636364,728,5,4,2,542,Loyal Customers,0,3215.761426824297
13293,4,11,5807.8,151,2024-01-01 13:06:36,2025-12-28 16:16:51,United Kingdom,527.9818181818182,727,5,4,5,545,Champions,0,3215.761426824297
13294,35,11,2765.71,117,2024-01-04 19:15:21,2025-11-27 02:56:45,United Kingdom,251.42818181818183,692,2,4,2,242,Cannot Lose Them,0,3215.761426824297
13295,4,11,4041.7,146,2024-01-10 17:56:38,2025-12-28 22:30:36,United Kingdom,367.42727272727274,718,5,4,5,545,Champions,0,3215.761426824297
13296,2,11,2356.43,107,2024-02-04 06:46:37,2025-12-30 10:07:14,United Kingdom,214.2209090909091,695,5,4,1,541,Loyal Customers,0,3215.761426824297
13297,36,11,4370.1,132,2024-01-10 07:47:54,2025-11-26 01:54:44,United Kingdom,397.2818181818182,685,2,4,5,245,Cannot Lose Them,0,3215.761426824297
13298,20,11,2601.4,111,2024-01-09 07:51:31,2025-12-12 20:59:17,United Kingdom,236.4909090909091,703,3,4,2,342,Loyal Customers,0,3215.761426824297
13299,48,11,2880.91,116,2024-01-07 02:01:26,2025-11-14 22:46:03,United Kingdom,261.90090909090907,677,1,4,3,143,Cannot Lose Them,0,3215.761426824297
13300,4,11,2255.4300000000003,103,2024-02-10 17:21:30,2025-12-28 12:18:25,United Kingdom,205.03909090909093,686,5,4,1,541,Loyal Customers,0,3215.761426824297
13301,37,11,3057.35,113,2024-01-03 00:22:07,2025-11-25 04:55:25,United Kingdom,277.9409090909091,692,2,4,3,243,Cannot Lose Them,0,3215.761426824297
13302,49,11,2593.19,103,2024-01-21 21:47:08,2025-11-13 07:03:33,United Kingdom,235.74454545454546,661,1,4,2,142,Cannot Lose Them,0,3215.761426824297
13303,50,11,2978.91,117,2024-01-14 15:56:46,2025-11-12 18:12:56,United Kingdom,270.81,668,1,4,3,143,Cannot Lose Them,0,3215.761426824297
13304,12,11,2970.08,105,2024-01-29 03:33:04,2025-12-20 08:05:01,United Kingdom,270.0072727272727,691,4,4,3,443,Loyal Customers,0,3215.761426824297
13305,16,11,4154.24,131,2024-01-09 16:01:36,2025-12-16 17:16:37,United Kingdom,377.6581818181818,707,3,4,5,345,Loyal Customers,0,3215.761426824297
13306,14,11,3328.65,130,2024-01-01 02:11:49,2025-12-18 19:50:41,United Kingdom,302.6045454545455,717,3,4,4,344,Loyal Customers,0,3215.761426824297
13307,3,11,3310.7200000000003,117,2024-01-02 12:26:27,2025-12-29 02:01:23,United Kingdom,300.9745454545455,726,5,4,4,544,Champions,0,3215.761426824297
13308,5,11,3018.7799999999997,107,2024-01-18 10:16:00,2025-12-27 15:28:39,United Kingdom,274.43454545454546,709,5,4,3,543,Loyal Customers,0,3215.761426824297
13309,16,11,2919.19,132,2024-01-23 03:47:30,2025-12-16 23:18:12,United Kingdom,265.3809090909091,693,3,4,3,343,Loyal Customers,0,3215.761426824297
13310,33,11,2527.72,99,2024-01-04 20:04:50,2025-11-29 04:04:24,United Kingdom,229.79272727272726,694,2,4,2,242,Cannot Lose Them,0,3215.761426824297
13311,8,11,3839.65,131,2024-01-12 14:27:46,2025-12-24 00:55:48,United Kingdom,349.0590909090909,711,4,4,4,444,Champions,0,3215.761426824297
13312,6,11,2084.48,101,2024-01-08 06:49:57,2025-12-26 04:59:40,United Kingdom,189.49818181818182,717,4,4,1,441,Loyal Customers,0,3215.761426824297
13313,103,11,3602.77,128,2024-01-02 21:31:26,2025-09-20 16:18:35,United Kingdom,327.52454545454543,626,1,4,4,144,Cannot Lose Them,0,3215.761426824297
13314,39,11,2650.25,119,2024-01-13 22:50:15,2025-11-23 17:48:54,United Kingdom,240.9318181818182,679,1,4,2,142,Cannot Lose Them,0,3215.761426824297
13315,69,11,4615.7,138,2024-01-09 16:10:01,2025-10-24 18:16:04,United Kingdom,419.60909090909087,654,1,4,5,145,Cannot Lose Them,0,3215.761426824297
13316,9,11,5094.06,142,2024-01-14 10:51:31,2025-12-23 07:34:17,United Kingdom,463.09636363636366,708,4,4,5,445,Champions,0,3215.761426824297
13317,22,11,1548.36,90,2024-01-14 03:33:11,2025-12-10 11:19:06,United Kingdom,140.76,696,3,4,1,341,Loyal Customers,0,3215.761426824297
13318,9,11,2413.47,102,2024-01-28 07:32:40,2025-12-23 09:45:11,United Kingdom,219.4063636363636,695,4,4,1,441,Loyal Customers,0,3215.761426824297
13319,76,11,2698.08,120,2024-03-01 05:09:44,2025-10-17 07:43:34,United Kingdom,245.28,595,1,4,2,142,Cannot Lose Them,0,3215.761426824297
13320,11,11,2820.3599999999997,104,2024-01-14 14:11:40,2025-12-21 03:43:29,United Kingdom,256.3963636363636,706,4,4,3,443,Loyal Customers,0,3215.761426824297
13321,14,11,2803.39,118,2024-01-04 03:04:14,2025-12-18 21:28:52,United Kingdom,254.85363636363635,714,3,4,2,342,Loyal Customers,0,3215.761426824297
13322,35,11,2072.59,102,2024-01-11 04:09:03,2025-11-27 23:01:01,United Kingdom,188.41727272727275,686,2,4,1,241,Cannot Lose Them,0,3215.761426824297
13323,4,11,4741.75,137,2024-02-08 10:18:17,2025-12-28 07:06:25,United Kingdom,431.0681818181818,688,5,4,5,545,Champions,0,3215.761426824297
13324,10,11,2994.05,113,2024-01-22 00:07:08,2025-12-22 06:31:25,United Kingdom,272.18636363636364,700,4,4,3,443,Loyal Customers,0,3215.761426824297
13325,5,11,3671.7799999999997,139,2024-01-11 09:36:28,2025-12-27 09:34:58,United Kingdom,333.7981818181818,715,5,4,4,544,Champions,0,3215.761426824297
13326,21,11,3168.49,138,2024-01-15 02:46:43,2025-12-11 15:34:40,United Kingdom,288.0445454545454,696,3,4,3,343,Loyal Customers,0,3215.761426824297
13327,35,11,1915.38,97,2024-01-29 13:03:37,2025-11-27 19:36:01,United Kingdom,174.12545454545455,668,2,4,1,241,Cannot Lose Them,0,3215.761426824297
13328,32,11,2537.85,104,2024-01-19 01:37:45,2025-11-29 23:56:47,United Kingdom,230.71363636363637,680,2,4,2,242,Cannot Lose Them,0,3215.761426824297
13329,26,11,3758.49,125,2024-01-08 11:28:12,2025-12-06 04:55:51,United Kingdom,341.6809090909091,697,2,4,4,244,Cannot Lose Them,0,3215.761426824297
13330,18,11,4538.7,142,2024-02-02 19:07:21,2025-12-14 09:12:04,United Kingdom,412.60909090909087,680,3,4,5,345,Loyal Customers,0,3215.761426824297
13331,5,11,3060.4300000000003,111,2024-01-13 07:12:28,2025-12-27 00:58:19,United Kingdom,278.2209090909091,713,5,4,3,543,Loyal Customers,0,3215.761426824297
13332,20,11,1900.08,102,2024-02-07 18:50:27,2025-12-12 00:33:11,United Kingdom,172.73454545454544,673,3,4,1,341,Loyal Customers,0,3215.761426824297
13333,27,11,2850.2,116,2024-01-19 09:45:05,2025-12-05 22:15:18,United Kingdom,259.10909090909087,686,2,4,3,243,Cannot Lose Them,0,3215.761426824297
13334,3,11,2322.26,120,2024-02-08 11:19:14,2025-12-29 21:52:18,United Kingdom,211.11454545454546,690,5,4,1,541,Loyal Customers,0,3215.761426824297
13335,17,11,3666.17,126,2024-01-08 16:51:28,2025-12-15 10:09:05,United Kingdom,333.28818181818184,706,3,4,4,344,Loyal Customers,0,3215.761426824297
13336,42,11,2258.92,107,2024-01-01 03:50:39,2025-11-20 12:59:13,United Kingdom,205.35636363636365,689,1,4,1,141,Cannot Lose Them,0,3215.761426824297
13337,1,11,2207.12,94,2024-05-23 16:38:38,2025-12-31 17:28:46,United Kingdom,200.6472727272727,587,5,4,1,541,Loyal Customers,0,3215.761426824297
13338,7,11,1975.96,90,2024-04-05 21:33:17,2025-12-25 09:17:11,United Kingdom,179.63272727272727,628,4,4,1,441,Loyal Customers,0,3215.761426824297
13339,13,11,2793.41,111,2024-01-03 07:52:00,2025-12-19 06:31:23,United Kingdom,253.94636363636363,715,3,4,2,342,Loyal Customers,0,3215.761426824297
13340,10,11,4359.360000000001,136,2024-01-03 18:35:05,2025-12-22 22:07:54,United Kingdom,396.3054545454546,719,4,4,5,445,Champions,0,3215.761426824297
13341,54,11,4841.64,134,2024-01-17 09:25:59,2025-11-08 09:27:19,United Kingdom,440.14909090909094,661,1,4,5,145,Cannot Lose Them,0,3215.761426824297
13342,12,11,3068.65,115,2024-01-03 15:18:58,2025-12-20 14:10:13,United Kingdom,278.96818181818185,716,4,4,3,443,Loyal Customers,0,3215.761426824297
13343,43,11,2688.64,104,2024-02-29 20:43:20,2025-11-19 01:44:08,United Kingdom,244.42181818181817,628,1,4,2,142,Cannot Lose Them,0,3215.761426824297
13344,4,11,2740.16,113,2024-01-26 07:11:49,2025-12-28 15:43:24,United Kingdom,249.10545454545453,702,5,4,2,542,Loyal Customers,0,3215.761426824297
13345,1,11,2337.03,108,2024-01-17 11:37:26,2025-12-31 13:28:47,United Kingdom,212.45727272727274,714,5,4,1,541,Loyal Customers,0,3215.761426824297
13346,10,11,5599.33,134,2024-02-09 10:30:33,2025-12-22 06:15:31,United Kingdom,509.03,681,4,4,5,445,Champions,0,3215.761426824297
13347,35,11,3474.58,118,2024-01-13 12:59:07,2025-11-27 23:30:09,United Kingdom,315.8709090909091,684,2,4,4,244,Cannot Lose Them,0,3215.761426824297
13348,18,11,2947.48,123,2024-01-01 16:14:15,2025-12-14 10:22:08,United Kingdom,267.95272727272726,712,3,4,3,343,Loyal Customers,0,3215.761426824297
13349,58,11,4818.599999999999,131,2024-02-08 00:41:18,2025-11-04 14:10:03,United Kingdom,438.0545454545454,635,1,4,5,145,Cannot Lose Them,0,3215.761426824297
13350,25,11,5205.95,136,2024-03-20 06:11:08,2025-12-07 10:54:23,United Kingdom,473.2681818181818,627,2,4,5,245,Cannot Lose Them,0,3215.761426824297
13351,92,11,3662.11,113,2024-01-09 18:08:23,2025-10-01 20:46:22,United Kingdom,332.9190909090909,631,1,4,4,144,Cannot Lose Them,0,3215.761426824297
13352,5,11,2507.12,99,2024-02-02 07:34:18,2025-12-27 11:57:57,United Kingdom,227.92,694,5,4,2,542,Loyal Customers,0,3215.761426824297
13353,64,11,4143.01,135,2024-01-08 12:31:11,2025-10-29 02:07:36,United Kingdom,376.6372727272728,659,1,4,5,145,Cannot Lose Them,0,3215.761426824297
13354,7,11,5870.21,162,2024-02-21 00:03:22,2025-12-25 22:11:58,United Kingdom,533.6554545454545,673,4,4,5,445,Champions,0,3215.761426824297
13355,9,11,2359.2599999999998,92,2024-01-01 04:51:41,2025-12-23 03:26:03,United Kingdom,214.4781818181818,721,4,4,1,441,Loyal Customers,0,3215.761426824297
13356,40,11,1895.2,103,2024-01-03 14:14:45,2025-11-22 09:48:21,United Kingdom,172.29090909090908,688,1,4,1,141,Cannot Lose Them,0,3215.761426824297
13357,53,11,2894.83,126,2024-01-05 11:46:27,2025-11-09 05:47:57,United Kingdom,263.16636363636366,673,1,4,3,143,Cannot Lose Them,0,3215.761426824297
13358,2,11,3237.7599999999998,117,2024-02-08 05:12:09,2025-12-30 13:49:43,United Kingdom,294.34181818181816,691,5,4,4,544,Champions,0,3215.761426824297
13359,21,11,2686.27,110,2024-01-23 06:34:05,2025-12-11 12:27:45,United Kingdom,244.20636363636365,688,3,4,2,342,Loyal Customers,0,3215.761426824297
13360,2,11,4218.49,143,2024-01-17 04:33:02,2025-12-30 21:41:01,United Kingdom,383.4990909090909,713,5,4,5,545,Champions,0,3215.761426824297
13361,19,11,3391.08,136,2024-01-17 08:11:30,2025-12-13 07:48:05,United Kingdom,308.28,695,3,4,4,344,Loyal Customers,0,3215.761426824297
13362,32,11,2687.54,103,2024-01-13 22:47:48,2025-11-30 05:34:23,United Kingdom,244.32181818181817,686,2,4,2,242,Cannot Lose Them,0,3215.761426824297
13363,9,11,3103.66,124,2024-01-03 08:39:55,2025-12-23 19:54:57,United Kingdom,282.15090909090907,720,4,4,3,443,Loyal Customers,0,3215.761426824297
13364,10,11,2883.2400000000002,108,2024-01-18 16:01:38,2025-12-22 19:00:38,United Kingdom,262.1127272727273,704,4,4,3,443,Loyal Customers,0,3215.761426824297
13365,32,11,3671.22,145,2024-03-19 14:02:04,2025-11-30 00:48:06,United Kingdom,333.74727272727273,620,2,4,4,244,Cannot Lose Them,0,3215.761426824297
13366,14,11,3801.6,128,2024-01-30 12:09:47,2025-12-18 00:51:20,United Kingdom,345.59999999999997,687,3,4,4,344,Loyal Customers,0,3215.761426824297
13367,108,11,3642.53,126,2024-01-13 08:51:40,2025-09-15 10:19:13,United Kingdom,331.13909090909095,611,1,4,4,144,Cannot Lose Them,0,3215.761426824297
13368,17,11,2488.6,96,2024-01-21 01:08:10,2025-12-15 09:34:41,United Kingdom,226.23636363636362,694,3,4,2,342,Loyal Customers,0,3215.761426824297
13369,18,11,5181.89,154,2024-01-20 22:04:29,2025-12-14 15:15:11,United Kingdom,471.08090909090913,693,3,4,5,345,Loyal Customers,0,3215.761426824297
13370,41,11,4667.07,130,2024-03-09 14:14:48,2025-11-21 22:58:43,United Kingdom,424.2790909090909,622,1,4,5,145,Cannot Lose Them,0,3215.761426824297
13371,39,11,3417.74,118,2024-01-04 10:47:28,2025-11-23 14:41:07,United Kingdom,310.70363636363635,689,1,4,4,144,Cannot Lose Them,0,3215.761426824297
13372,27,11,2922.58,115,2024-01-04 13:58:25,2025-12-05 12:58:28,United Kingdom,265.6890909090909,700,2,4,3,243,Cannot Lose Them,0,3215.761426824297
13373,26,11,2495.09,114,2024-01-06 14:55:39,2025-12-06 15:28:45,United Kingdom,226.82636363636365,700,2,4,2,242,Cannot Lose Them,0,3215.761426824297
13374,20,11,2361.82,118,2024-01-07 10:16:49,2025-12-12 21:33:10,United Kingdom,214.7109090909091,705,3,4,1,341,Loyal Customers,0,3215.761426824297
13375,18,11,2048.82,94,2024-01-25 20:37:47,2025-12-14 20:57:34,United Kingdom,186.25636363636366,689,3,4,1,341,Loyal Customers,0,3215.761426824297
13376,47,11,3148.58,141,2024-02-02 23:02:13,2025-11-15 15:37:20,United Kingdom,286.23454545454547,651,1,4,3,143,Cannot Lose Them,0,3215.761426824297
13377,13,11,2547.63,99,2024-01-22 20:46:20,2025-12-19 03:20:51,United Kingdom,231.6027272727273,696,3,4,2,342,Loyal Customers,0,3215.761426824297
13378,26,11,2490.87,101,2024-01-06 02:50:04,2025-12-06 15:24:04,United Kingdom,226.44272727272727,700,2,4,2,242,Cannot Lose Them,0,3215.761426824297
13379,21,11,2626.68,103,2024-01-07 23:13:17,2025-12-11 01:51:00,United Kingdom,238.7890909090909,703,3,4,2,342,Loyal Customers,0,3215.761426824297
13380,2,11,2244.5,102,2024-01-01 19:11:42,2025-12-30 06:30:35,United Kingdom,204.04545454545453,728,5,4,1,541,Loyal Customers,0,3215.761426824297
13381,27,11,4311.88,126,2024-02-20 08:11:21,2025-12-05 20:32:20,United Kingdom,391.9890909090909,654,2,4,5,245,Cannot Lose Them,0,3215.761426824297
13382,63,11,3696.16,136,2024-01-09 23:24:41,2025-10-30 03:02:57,United Kingdom,336.01454545454544,659,1,4,4,144,Cannot Lose Them,0,3215.761426824297
13383,3,11,2705.69,118,2024-01-05 10:53:20,2025-12-29 02:50:22,United Kingdom,245.97181818181818,723,5,4,2,542,Loyal Customers,0,3215.761426824297
13384,19,11,3179.67,119,2024-02-12 05:58:13,2025-12-13 18:42:50,United Kingdom,289.0609090909091,670,3,4,3,343,Loyal Customers,0,3215.761426824297
13385,6,11,2430.09,103,2024-02-27 09:26:32,2025-12-26 11:27:57,United Kingdom,220.91727272727275,668,4,4,1,441,Loyal Customers,0,3215.761426824297
13386,28,11,2622.06,108,2024-01-29 11:50:51,2025-12-04 16:52:38,United Kingdom,238.36909090909091,675,2,4,2,242,Cannot Lose Them,0,3215.761426824297
13387,5,11,2712.25,110,2024-01-08 11:42:29,2025-12-27 02:20:31,United Kingdom,246.5681818181818,718,5,4,2,542,Loyal Customers,0,3215.761426824297
13388,13,11,3190.27,110,2024-02-20 01:09:09,2025-12-19 17:01:06,United Kingdom,290.02454545454543,668,3,4,3,343,Loyal Customers,0,3215.761426824297
13389,23,11,4181.03,134,2024-02-02 16:01:49,2025-12-09 09:41:27,United Kingdom,380.09363636363634,675,2,4,5,245,Cannot Lose Them,0,3215.761426824297
13390,20,11,3730.1,130,2024-04-20 10:14:38,2025-12-12 01:39:46,United Kingdom,339.09999999999997,600,3,4,4,344,Loyal Customers,0,3215.761426824297
13391,16,11,3145.38,113,2024-01-26 10:39:04,2025-12-16 15:25:52,United Kingdom,285.94363636363636,690,3,4,3,343,Loyal Customers,0,3215.761426824297
13392,9,11,3166.36,104,2024-02-10 20:38:27,2025-12-23 22:18:52,United Kingdom,287.8509090909091,682,4,4,3,443,Loyal Customers,0,3215.761426824297
13393,51,11,3250.47,122,2024-01-03 16:49:30,2025-11-11 23:47:59,United Kingdom,295.49727272727273,678,1,4,4,144,Cannot Lose Them,0,3215.761426824297
13394,53,11,2995.83,115,2024-01-25 04:51:03,2025-11-09 22:56:33,United Kingdom,272.3481818181818,654,1,4,3,143,Cannot Lose Them,0,3215.761426824297
13395,25,11,3276.15,124,2024-02-07 10:26:00,2025-12-07 07:46:11,United Kingdom,297.83181818181816,668,2,4,4,244,Cannot Lose Them,0,3215.761426824297
13396,80,11,2715.11,124,2024-01-04 21:24:56,2025-10-13 09:28:20,United Kingdom,246.82818181818183,647,1,4,2,142,Cannot Lose Them,0,3215.761426824297
13397,2,11,6564.33,170,2024-02-02 05:49:40,2025-12-30 18:24:20,United Kingdom,596.7572727272727,697,5,4,5,545,Champions,0,3215.761426824297
13398,3,11,3493.66,110,2024-01-08 15:38:47,2025-12-29 08:23:45,United Kingdom,317.6054545454545,720,5,4,4,544,Champions,0,3215.761426824297
13399,3,11,1894.48,97,2024-01-21 16:42:16,2025-12-29 09:25:33,United Kingdom,172.22545454545454,707,5,4,1,541,Loyal Customers,0,3215.761426824297
13400,47,11,2740.47,112,2024-01-19 03:28:33,2025-11-15 13:58:48,United Kingdom,249.13363636363636,666,1,4,2,142,Cannot Lose Them,0,3215.761426824297
13401,3,11,2690.04,104,2024-01-10 22:11:50,2025-12-29 21:09:07,United Kingdom,244.5490909090909,718,5,4,2,542,Loyal Customers,0,3215.761426824297
13402,21,11,4773.59,124,2024-01-09 22:21:43,2025-12-11 01:59:39,United Kingdom,433.9627272727273,701,3,4,5,345,Loyal Customers,0,3215.761426824297
13403,17,11,2835.42,114,2024-01-16 17:05:57,2025-12-15 15:08:55,United Kingdom,257.76545454545453,698,3,4,3,343,Loyal Customers,0,3215.761426824297
13404,68,11,3524.3599999999997,117,2024-01-03 03:02:34,2025-10-25 07:24:03,United Kingdom,320.3963636363636,661,1,4,4,144,Cannot Lose Them,0,3215.761426824297
13405,3,11,3858.0,135,2024-01-08 05:40:02,2025-12-29 14:06:38,United Kingdom,350.72727272727275,721,5,4,5,545,Champions,0,3215.761426824297
13406,22,11,4255.95,138,2024-01-04 17:03:17,2025-12-10 13:05:59,United Kingdom,386.9045454545454,705,3,4,5,345,Loyal Customers,0,3215.761426824297
13407,8,11,2947.67,131,2024-01-01 00:26:14,2025-12-24 00:04:25,United Kingdom,267.97,722,4,4,3,443,Loyal Customers,0,3215.761426824297
13408,21,11,2765.28,112,2024-01-03 19:52:54,2025-12-11 16:27:07,United Kingdom,251.38909090909092,707,3,4,2,342,Loyal Customers,0,3215.761426824297
13409,89,11,3109.36,124,2024-01-26 16:32:31,2025-10-04 00:46:17,United Kingdom,282.6690909090909,616,1,4,3,143,Cannot Lose Them,0,3215.761426824297
13410,15,11,4254.14,139,2024-01-12 03:21:33,2025-12-17 03:51:47,United Kingdom,386.74,705,3,4,5,345,Loyal Customers,0,3215.761426824297
13411,13,11,2686.2400000000002,121,2024-01-27 15:46:30,2025-12-19 17:36:40,United Kingdom,244.20363636363638,692,3,4,2,342,Loyal Customers,0,3215.761426824297
13412,30,11,4048.92,119,2024-01-15 07:09:51,2025-12-02 19:00:36,United Kingdom,368.08363636363634,687,2,4,5,245,Cannot Lose Them,0,3215.761426824297
13413,12,11,3050.42,110,2024-01-10 02:11:27,2025-12-20 00:35:45,United Kingdom,277.3109090909091,709,4,4,3,443,Loyal Customers,0,3215.761426824297
13414,36,11,2306.21,98,2024-02-26 13:31:43,2025-11-26 11:29:34,United Kingdom,209.65545454545455,638,2,4,1,241,Cannot Lose Them,0,3215.761426824297
13415,27,11,6768.13,166,2024-01-20 13:40:58,2025-12-05 14:55:12,United Kingdom,615.2845454545454,685,2,4,5,245,Cannot Lose Them,0,3215.761426824297
13416,49,11,3082.29,128,2024-05-26 16:55:15,2025-11-13 08:54:33,United Kingdom,280.2081818181818,535,1,4,3,143,Cannot Lose Them,0,3215.761426824297
13417,30,11,4916.03,168,2024-01-09 09:24:03,2025-12-02 09:12:05,United Kingdom,446.91181818181815,692,2,4,5,245,Cannot Lose Them,0,3215.761426824297
13418,16,11,2260.23,113,2024-04-22 14:26:37,2025-12-16 09:55:52,United Kingdom,205.47545454545454,602,3,4,1,341,Loyal Customers,0,3215.761426824297
13419,37,11,2480.11,108,2024-03-25 23:08:35,2025-11-25 17:07:30,United Kingdom,225.46454545454546,609,2,4,2,242,Cannot Lose Them,0,3215.761426824297
13420,27,11,3489.4,141,2024-01-11 17:04:49,2025-12-05 19:10:19,United Kingdom,317.21818181818185,694,2,4,4,244,Cannot Lose Them,0,3215.761426824297
13421,26,11,4414.79,134,2024-02-13 02:32:07,2025-12-06 01:42:06,United Kingdom,401.3445454545454,661,2,4,5,245,Cannot Lose Them,0,3215.761426824297
13422,21,11,3812.75,136,2024-01-04 20:19:05,2025-12-11 04:39:06,United Kingdom,346.6136363636364,706,3,4,4,344,Loyal Customers,0,3215.761426824297
13423,44,11,2925.2400000000002,112,2024-02-17 08:09:46,2025-11-18 13:33:12,United Kingdom,265.9309090909091,640,1,4,3,143,Cannot Lose Them,0,3215.761426824297
13424,18,11,3419.38,125,2024-02-09 10:41:26,2025-12-14 14:16:45,United Kingdom,310.8527272727273,674,3,4,4,344,Loyal Customers,0,3215.761426824297
13425,49,11,2289.33,111,2024-01-01 15:06:34,2025-11-13 05:32:23,United Kingdom,208.1209090909091,681,1,4,1,141,Cannot Lose Them,0,3215.761426824297
13426,1,11,3190.63,128,2024-01-26 01:36:21,2025-12-31 05:43:34,United Kingdom,290.05727272727273,705,5,4,3,543,Loyal Customers,0,3215.761426824297
13427,30,11,3078.5699999999997,111,2024-01-02 17:06:48,2025-12-02 09:05:04,United Kingdom,279.86999999999995,699,2,4,3,243,Cannot Lose Them,0,3215.761426824297
13428,34,11,2819.09,130,2024-02-04 15:17:42,2025-11-28 14:41:26,United Kingdom,256.2809090909091,662,2,4,3,243,Cannot Lose Them,0,3215.761426824297
13429,11,11,4069.85,125,2024-02-02 18:57:16,2025-12-21 18:19:19,United Kingdom,369.98636363636365,687,4,4,5,445,Champions,0,3215.761426824297
13430,25,11,2338.96,117,2024-01-14 15:22:43,2025-12-07 07:48:04,United Kingdom,212.63272727272727,692,2,4,1,241,Cannot Lose Them,0,3215.761426824297
13431,11,11,4247.03,148,2024-01-15 20:37:27,2025-12-21 20:03:02,United Kingdom,386.09363636363634,705,4,4,5,445,Champions,0,3215.761426824297
13432,59,11,2356.37,98,2024-01-03 16:39:01,2025-11-03 20:11:41,United Kingdom,214.21545454545455,670,1,4,1,141,Cannot Lose Them,0,3215.761426824297
13433,26,11,3938.04,131,2024-01-16 00:28:28,2025-12-05 23:52:38,United Kingdom,358.00363636363636,689,2,4,5,245,Cannot Lose Them,0,3215.761426824297
13434,30,11,2654.02,113,2024-01-02 22:10:28,2025-12-02 01:59:40,United Kingdom,241.27454545454546,699,2,4,2,242,Cannot Lose Them,0,3215.761426824297
13435,70,11,2333.87,109,2024-01-10 14:41:51,2025-10-23 00:29:30,United Kingdom,212.17,651,1,4,1,141,Cannot Lose Them,0,3215.761426824297
13436,14,11,1990.44,102,2024-01-18 16:57:48,2025-12-18 02:52:46,United Kingdom,180.94909090909093,699,3,4,1,341,Loyal Customers,0,3215.761426824297
13437,12,11,2060.37,107,2024-01-06 06:27:40,2025-12-20 06:02:46,United Kingdom,187.3063636363636,713,4,4,1,441,Loyal Customers,0,3215.761426824297
13438,14,11,2288.84,104,2024-01-10 15:39:50,2025-12-18 06:45:43,United Kingdom,208.07636363636365,707,3,4,1,341,Loyal Customers,0,3215.761426824297
13439,6,11,2399.23,122,2024-02-27 04:29:46,2025-12-26 16:11:24,United Kingdom,218.1118181818182,668,4,4,1,441,Loyal Customers,0,3215.761426824297
13440,3,11,2548.44,108,2024-01-12 21:20:13,2025-12-29 22:42:21,United Kingdom,231.67636363636365,717,5,4,2,542,Loyal Customers,0,3215.761426824297
13441,86,11,3654.14,146,2024-01-01 09:33:06,2025-10-07 14:37:07,United Kingdom,332.19454545454545,645,1,4,4,144,Cannot Lose Them,0,3215.761426824297
13442,7,11,4948.64,143,2024-01-02 19:37:07,2025-12-25 22:52:15,United Kingdom,449.8763636363637,723,4,4,5,445,Champions,0,3215.761426824297
13443,55,11,3853.47,134,2024-02-26 07:59:16,2025-11-07 05:45:15,United Kingdom,350.31545454545454,619,1,4,4,144,Cannot Lose Them,0,3215.761426824297
13444,4,11,2370.73,115,2024-01-05 02:12:27,2025-12-28 00:16:05,United Kingdom,215.5209090909091,722,5,4,1,541,Loyal Customers,0,3215.761426824297
13445,19,11,3050.03,124,2024-02-08 12:54:55,2025-12-13 18:46:17,United Kingdom,277.2754545454546,674,3,4,3,343,Loyal Customers,0,3215.761426824297
13446,16,11,2907.5099999999998,105,2024-01-18 19:13:31,2025-12-16 19:41:21,United Kingdom,264.3190909090909,698,3,4,3,343,Loyal Customers,0,3215.761426824297
13447,17,11,4414.26,135,2024-02-03 12:12:52,2025-12-15 12:52:07,United Kingdom,401.29636363636365,681,3,4,5,345,Loyal Customers,0,3215.761426824297
13448,49,11,3559.14,123,2024-02-19 13:59:03,2025-11-13 01:38:59,United Kingdom,323.5581818181818,632,1,4,4,144,Cannot Lose Them,0,3215.761426824297
13449,8,11,2598.86,109,2024-01-14 00:52:54,2025-12-24 19:34:19,United Kingdom,236.26000000000002,710,4,4,2,442,Loyal Customers,0,3215.761426824297
13450,11,11,1875.51,86,2024-01-06 05:59:13,2025-12-21 07:54:36,United Kingdom,170.5009090909091,715,4,4,1,441,Loyal Customers,0,3215.761426824297
13451,9,11,3043.05,108,2024-02-19 08:44:57,2025-12-23 14:56:09,United Kingdom,276.64090909090913,673,4,4,3,443,Loyal Customers,0,3215.761426824297
13452,26,11,2046.3,90,2024-01-25 07:29:03,2025-12-06 17:03:50,United Kingdom,186.02727272727273,681,2,4,1,241,Cannot Lose Them,0,3215.761426824297
13453,1,11,2968.4,114,2024-01-02 04:08:44,2025-12-31 12:31:22,United Kingdom,269.8545454545455,729,5,4,3,543,Loyal Customers,0,3215.761426824297
13454,1,11,6350.63,150,2024-01-04 16:29:10,2025-12-31 09:35:23,United Kingdom,577.33,726,5,4,5,545,Champions,0,3215.761426824297
13455,6,11,2580.08,108,2024-02-01 12:38:56,2025-12-26 18:27:33,United Kingdom,234.55272727272725,694,4,4,2,442,Loyal Customers,0,3215.761426824297
13456,12,11,2389.15,119,2024-01-05 03:01:55,2025-12-20 12:03:13,United Kingdom,217.19545454545457,715,4,4,1,441,Loyal Customers,0,3215.761426824297
13457,27,10,2363.98,105,2024-01-01 17:17:27,2025-12-05 04:59:50,United Kingdom,236.398,703,2,1,1,211,Hibernating,1,3109.399468085106
13458,14,11,3058.4500000000003,115,2024-06-18 22:54:33,2025-12-18 15:17:42,United Kingdom,278.0409090909091,547,3,4,3,343,Loyal Customers,0,3215.761426824297
13459,59,11,3202.73,120,2024-01-03 01:03:53,2025-11-03 19:31:47,United Kingdom,291.15727272727275,670,1,4,3,143,Cannot Lose Them,0,3215.761426824297
13460,36,11,5415.11,147,2024-02-22 22:19:55,2025-11-26 07:03:38,United Kingdom,492.28272727272724,642,2,4,5,245,Cannot Lose Them,0,3215.761426824297
13461,16,11,3146.39,130,2024-01-21 15:20:22,2025-12-15 23:57:26,United Kingdom,286.0354545454545,694,3,4,3,343,Loyal Customers,0,3215.761426824297
13462,7,10,5251.47,132,2024-01-27 06:28:09,2025-12-25 11:50:47,United Kingdom,525.147,698,4,1,5,415,New / Promising,1,3109.399468085106
13463,11,11,3063.69,119,2024-01-04 09:56:24,2025-12-21 21:00:01,United Kingdom,278.5172727272727,717,4,4,3,443,Loyal Customers,0,3215.761426824297
13464,61,11,2961.0499999999997,110,2024-01-02 05:52:05,2025-11-01 06:26:23,United Kingdom,269.18636363636364,669,1,4,3,143,Cannot Lose Them,0,3215.761426824297
13465,58,11,2863.2,119,2024-01-04 22:18:34,2025-11-04 00:47:55,United Kingdom,260.29090909090905,669,1,4,3,143,Cannot Lose Them,0,3215.761426824297
13466,40,11,2301.44,106,2024-03-19 18:45:28,2025-11-22 17:15:57,United Kingdom,209.22181818181818,612,1,4,1,141,Cannot Lose Them,0,3215.761426824297
13467,59,11,2966.88,118,2024-02-03 06:41:17,2025-11-03 13:15:10,United Kingdom,269.71636363636367,639,1,4,3,143,Cannot Lose Them,0,3215.761426824297
13468,5,11,4821.89,139,2024-01-29 05:35:15,2025-12-27 05:29:29,United Kingdom,438.3536363636364,697,5,4,5,545,Champions,0,3215.761426824297
13469,106,11,3443.48,140,2024-01-01 07:16:18,2025-09-17 15:23:59,United Kingdom,313.0436363636364,625,1,4,4,144,Cannot Lose Them,0,3215.761426824297
13470,35,11,6866.14,184,2024-02-11 11:34:01,2025-11-27 10:26:52,United Kingdom,624.1945454545455,654,2,4,5,245,Cannot Lose Them,0,3215.761426824297
13471,39,11,3631.5,120,2024-01-12 05:23:40,2025-11-23 19:56:26,United Kingdom,330.1363636363636,681,1,4,4,144,Cannot Lose Them,0,3215.761426824297
13472,10,11,2889.04,105,2024-01-13 16:51:05,2025-12-22 04:43:06,United Kingdom,262.64,708,4,4,3,443,Loyal Customers,0,3215.761426824297
13473,70,11,3425.2000000000003,133,2024-01-16 12:38:23,2025-10-23 18:24:36,United Kingdom,311.38181818181823,646,1,4,4,144,Cannot Lose Them,0,3215.761426824297
13474,59,11,5711.2699999999995,152,2024-02-01 13:32:28,2025-11-03 17:37:26,United Kingdom,519.2063636363636,641,1,4,5,145,Cannot Lose Them,0,3215.761426824297
13475,7,11,5843.9,158,2024-01-06 15:40:52,2025-12-25 04:47:31,United Kingdom,531.2636363636364,718,4,4,5,445,Champions,0,3215.761426824297
13476,17,11,2403.43,101,2024-01-11 00:17:21,2025-12-15 13:22:22,United Kingdom,218.49363636363634,704,3,4,1,341,Loyal Customers,0,3215.761426824297
13477,4,11,2654.7400000000002,109,2024-01-18 07:48:35,2025-12-28 23:46:47,United Kingdom,241.34000000000003,710,5,4,2,542,Loyal Customers,0,3215.761426824297
13478,8,11,2228.35,105,2024-02-23 22:46:50,2025-12-24 16:31:34,United Kingdom,202.5772727272727,669,4,4,1,441,Loyal Customers,0,3215.761426824297
13479,8,11,2735.35,101,2024-02-20 06:38:27,2025-12-24 11:30:12,United Kingdom,248.6681818181818,673,4,4,2,442,Loyal Customers,0,3215.761426824297
13480,13,11,2303.16,118,2024-01-24 21:35:00,2025-12-19 02:20:27,United Kingdom,209.37818181818182,694,3,4,1,341,Loyal Customers,0,3215.761426824297
13481,41,11,2631.28,112,2024-01-24 15:24:51,2025-11-21 09:32:52,United Kingdom,239.20727272727274,666,1,4,2,142,Cannot Lose Them,0,3215.761426824297
13482,1,11,3326.25,124,2024-02-19 03:50:42,2025-12-31 19:07:07,United Kingdom,302.3863636363636,681,5,4,4,544,Champions,0,3215.761426824297
13483,45,11,2576.77,101,2024-01-10 17:56:54,2025-11-17 07:24:36,United Kingdom,234.25181818181818,676,1,4,2,142,Cannot Lose Them,0,3215.761426824297
13484,66,11,3393.07,136,2024-01-14 07:03:15,2025-10-27 09:02:40,United Kingdom,308.4609090909091,652,1,4,4,144,Cannot Lose Them,0,3215.761426824297
13485,7,11,2354.1400000000003,107,2024-01-21 16:29:27,2025-12-25 07:38:14,United Kingdom,214.0127272727273,703,4,4,1,441,Loyal Customers,0,3215.761426824297
13486,7,11,2403.2,102,2024-01-16 06:32:58,2025-12-25 12:04:26,United Kingdom,218.47272727272727,709,4,4,1,441,Loyal Customers,0,3215.761426824297
13487,38,11,2745.13,116,2024-01-12 10:26:03,2025-11-24 22:30:09,United Kingdom,249.55727272727273,682,1,4,2,142,Cannot Lose Them,0,3215.761426824297
13488,14,11,2300.72,110,2024-01-03 03:24:54,2025-12-18 00:45:09,United Kingdom,209.1563636363636,714,3,4,1,341,Loyal Customers,0,3215.761426824297
13489,4,11,2092.26,102,2024-01-05 14:12:23,2025-12-28 02:59:16,United Kingdom,190.20545454545456,722,5,4,1,541,Loyal Customers,0,3215.761426824297
13490,12,11,2434.43,100,2024-01-01 03:42:24,2025-12-20 18:46:04,United Kingdom,221.31181818181815,719,4,4,1,441,Loyal Customers,0,3215.761426824297
13491,2,11,2480.7,111,2024-01-21 17:28:14,2025-12-30 20:01:42,United Kingdom,225.5181818181818,709,5,4,2,542,Loyal Customers,0,3215.761426824297
13492,59,11,3705.07,138,2024-02-05 19:40:41,2025-11-03 05:12:30,United Kingdom,336.82454545454544,636,1,4,4,144,Cannot Lose Them,0,3215.761426824297
13493,15,11,4099.63,128,2024-01-04 09:49:02,2025-12-17 11:15:17,United Kingdom,372.69363636363636,713,3,4,5,345,Loyal Customers,0,3215.761426824297
13494,12,10,2949.93,103,2024-01-01 15:28:48,2025-12-20 01:01:03,United Kingdom,294.993,718,4,1,3,413,New / Promising,1,3109.399468085106
13495,1,11,2920.89,113,2024-02-08 01:04:12,2025-12-31 23:25:54,United Kingdom,265.5354545454545,692,5,4,3,543,Loyal Customers,0,3215.761426824297
13496,64,11,2734.39,126,2024-01-26 09:39:39,2025-10-29 08:12:17,United Kingdom,248.58090909090907,641,1,4,2,142,Cannot Lose Them,0,3215.761426824297
13497,33,11,2340.5099999999998,98,2024-01-23 09:34:31,2025-11-29 19:00:01,United Kingdom,212.77363636363634,676,2,4,1,241,Cannot Lose Them,0,3215.761426824297
13498,9,11,4932.45,154,2024-02-10 09:09:50,2025-12-23 14:43:04,United Kingdom,448.4045454545454,682,4,4,5,445,Champions,0,3215.761426824297
13499,7,11,2806.5499999999997,107,2024-02-05 07:25:22,2025-12-25 19:48:21,United Kingdom,255.14090909090908,689,4,4,2,442,Loyal Customers,0,3215.761426824297
13500,10,11,3376.06,118,2024-01-15 19:54:44,2025-12-22 22:36:13,United Kingdom,306.9145454545455,707,4,4,4,444,Champions,0,3215.761426824297
13501,48,11,5546.75,158,2024-02-08 12:55:41,2025-11-14 14:54:44,United Kingdom,504.25,645,1,4,5,145,Cannot Lose Them,0,3215.761426824297
13502,28,11,2922.59,120,2024-02-07 19:28:08,2025-12-04 06:12:46,United Kingdom,265.69,665,2,4,3,243,Cannot Lose Them,0,3215.761426824297
13503,15,11,2167.66,109,2024-02-07 10:22:58,2025-12-17 22:12:30,United Kingdom,197.05999999999997,679,3,4,1,341,Loyal Customers,0,3215.761426824297
13504,6,11,2473.29,115,2024-01-01 23:15:42,2025-12-26 14:51:31,United Kingdom,224.84454545454545,724,4,4,2,442,Loyal Customers,0,3215.761426824297
13505,13,11,2109.17,95,2024-02-12 02:42:43,2025-12-19 00:17:56,United Kingdom,191.74272727272728,675,3,4,1,341,Loyal Customers,0,3215.761426824297
13506,4,11,3740.89,122,2024-01-04 14:03:13,2025-12-28 19:48:08,United Kingdom,340.0809090909091,724,5,4,4,544,Champions,0,3215.761426824297
13507,58,11,6493.71,144,2024-01-08 21:29:45,2025-11-04 04:43:24,United Kingdom,590.3372727272728,665,1,4,5,145,Cannot Lose Them,0,3215.761426824297
13508,44,11,3308.19,131,2024-01-27 02:23:00,2025-11-18 20:25:57,United Kingdom,300.74454545454546,661,1,4,4,144,Cannot Lose Them,0,3215.761426824297
13509,76,10,4790.97,142,2024-01-21 16:02:32,2025-10-17 11:15:07,United Kingdom,479.09700000000004,634,1,1,5,115,Hibernating,1,3109.399468085106
13510,16,11,3611.27,123,2024-01-22 09:15:30,2025-12-16 15:17:52,United Kingdom,328.29727272727274,694,3,4,4,344,Loyal Customers,0,3215.761426824297
13511,15,11,5176.9400000000005,133,2024-01-15 21:39:12,2025-12-17 10:21:29,United Kingdom,470.63090909090914,701,3,4,5,345,Loyal Customers,0,3215.761426824297
13512,14,11,6254.29,155,2024-01-11 07:51:49,2025-12-18 16:39:55,United Kingdom,568.5718181818182,707,3,4,5,345,Loyal Customers,0,3215.761426824297
13513,5,11,2514.7,110,2024-01-03 07:20:50,2025-12-27 21:06:53,United Kingdom,228.6090909090909,724,5,4,2,542,Loyal Customers,0,3215.761426824297
13514,20,11,2726.4700000000003,122,2024-02-25 21:53:53,2025-12-12 12:21:44,United Kingdom,247.8609090909091,655,3,4,2,342,Loyal Customers,0,3215.761426824297
13515,8,11,3505.53,124,2024-01-20 16:31:01,2025-12-24 11:40:40,United Kingdom,318.68454545454546,703,4,4,4,444,Champions,0,3215.761426824297
13516,68,11,3760.94,129,2024-06-06 11:47:35,2025-10-25 23:44:03,United Kingdom,341.9036363636364,506,1,4,4,144,Cannot Lose Them,0,3215.761426824297
13517,37,11,3003.64,109,2024-01-27 03:28:09,2025-11-25 07:13:04,United Kingdom,273.0581818181818,668,2,4,3,243,Cannot Lose Them,0,3215.761426824297
13518,78,11,3699.98,103,2024-02-08 22:21:02,2025-10-15 15:17:11,France,336.3618181818182,614,1,4,4,144,Cannot Lose Them,0,3215.761426824297
13519,4,11,3281.94,117,2024-02-11 10:05:00,2025-12-28 07:49:47,United Kingdom,298.35818181818183,685,5,4,4,544,Champions,0,3215.761426824297
13520,5,11,3484.86,127,2024-01-09 08:54:47,2025-12-26 23:58:14,United Kingdom,316.80545454545455,717,5,4,4,544,Champions,0,3215.761426824297
13521,52,11,2796.05,121,2024-01-30 09:48:43,2025-11-10 00:37:40,United Kingdom,254.18636363636367,649,1,4,2,142,Cannot Lose Them,0,3215.761426824297
13522,79,11,2102.38,96,2024-01-12 13:55:50,2025-10-14 05:01:58,United Kingdom,191.12545454545455,640,1,4,1,141,Cannot Lose Them,0,3215.761426824297
13523,3,11,2917.97,117,2024-01-29 17:36:08,2025-12-29 10:23:50,United Kingdom,265.27,699,5,4,3,543,Loyal Customers,0,3215.761426824297
13524,24,11,3647.05,131,2024-01-10 15:01:33,2025-12-08 07:58:34,United Kingdom,331.55,697,2,4,4,244,Cannot Lose Them,0,3215.761426824297
13525,24,11,4485.24,145,2024-01-02 09:33:06,2025-12-08 09:56:37,United Kingdom,407.7490909090909,706,2,4,5,245,Cannot Lose Them,0,3215.761426824297
13526,16,11,3328.61,135,2024-01-08 23:39:20,2025-12-16 10:59:44,United Kingdom,302.6009090909091,707,3,4,4,344,Loyal Customers,0,3215.761426824297
13527,20,11,3206.36,130,2024-02-12 10:48:42,2025-12-12 16:32:51,United Kingdom,291.48727272727274,669,3,4,3,343,Loyal Customers,0,3215.761426824297
13528,134,11,2533.47,115,2024-01-10 21:25:58,2025-08-20 18:28:08,United Kingdom,230.31545454545451,587,1,4,2,142,Cannot Lose Them,0,3215.761426824297
13529,16,11,2931.72,126,2024-02-07 23:41:53,2025-12-16 07:19:07,United Kingdom,266.52,677,3,4,3,343,Loyal Customers,0,3215.761426824297
13530,24,11,2233.49,115,2024-01-29 14:52:10,2025-12-08 08:33:56,United Kingdom,203.04454545454544,678,2,4,1,241,Cannot Lose Them,0,3215.761426824297
13531,9,11,3182.94,107,2024-01-02 06:52:24,2025-12-23 03:34:56,United Kingdom,289.35818181818183,720,4,4,3,443,Loyal Customers,0,3215.761426824297
13532,29,11,4621.24,155,2024-01-26 18:01:57,2025-12-03 19:05:44,United Kingdom,420.1127272727272,677,2,4,5,245,Cannot Lose Them,0,3215.761426824297
13533,11,11,2866.27,117,2024-01-24 21:43:53,2025-12-21 03:54:56,United Kingdom,260.57,696,4,4,3,443,Loyal Customers,0,3215.761426824297
13534,34,11,2371.69,90,2024-01-05 10:41:17,2025-11-28 23:32:38,United Kingdom,215.60818181818183,693,2,4,1,241,Cannot Lose Them,0,3215.761426824297
13535,2,11,2354.07,119,2024-01-28 19:14:36,2025-12-30 15:08:08,United Kingdom,214.00636363636366,701,5,4,1,541,Loyal Customers,0,3215.761426824297
13536,87,11,3971.8,136,2024-01-06 18:27:04,2025-10-06 21:25:23,United Kingdom,361.07272727272726,639,1,4,5,145,Cannot Lose Them,0,3215.761426824297
13537,31,11,3216.26,105,2024-02-01 05:05:49,2025-12-01 01:52:57,United Kingdom,292.3872727272728,668,2,4,3,243,Cannot Lose Them,0,3215.761426824297
13538,41,11,3175.2,115,2024-01-20 06:45:29,2025-11-21 11:35:53,United Kingdom,288.6545454545454,671,1,4,3,143,Cannot Lose Them,0,3215.761426824297
13539,60,11,3295.07,119,2024-01-26 12:42:29,2025-11-02 02:24:59,United Kingdom,299.5518181818182,645,1,4,4,144,Cannot Lose Them,0,3215.761426824297
13540,34,11,4065.27,125,2024-01-08 14:18:46,2025-11-28 19:28:12,United Kingdom,369.57,690,2,4,5,245,Cannot Lose Them,0,3215.761426824297
13541,34,11,3293.52,119,2024-01-18 23:19:53,2025-11-28 10:34:40,United Kingdom,299.4109090909091,679,2,4,4,244,Cannot Lose Them,0,3215.761426824297
13542,18,11,3471.4700000000003,116,2024-01-09 17:45:55,2025-12-14 20:02:24,United Kingdom,315.58818181818185,705,3,4,4,344,Loyal Customers,0,3215.761426824297
13543,4,11,3557.37,110,2024-02-23 05:12:09,2025-12-28 22:14:43,United Kingdom,323.3972727272727,674,5,4,4,544,Champions,0,3215.761426824297
13544,32,11,2023.0,100,2024-01-24 00:21:52,2025-11-30 19:31:01,United Kingdom,183.9090909090909,676,2,4,1,241,Cannot Lose Them,0,3215.761426824297
13545,13,10,3419.56,133,2024-02-20 17:12:20,2025-12-19 23:02:53,United Kingdom,341.956,668,3,1,4,314,Need Attention,1,3109.399468085106
13546,22,11,2855.63,127,2024-01-26 20:39:18,2025-12-10 07:27:41,United Kingdom,259.6027272727273,683,3,4,3,343,Loyal Customers,0,3215.761426824297
13547,28,11,3690.89,132,2024-01-14 06:34:33,2025-12-04 14:24:37,United Kingdom,335.5354545454545,690,2,4,4,244,Cannot Lose Them,0,3215.761426824297
13548,52,11,2177.89,107,2024-01-17 06:36:56,2025-11-10 02:23:27,United Kingdom,197.98999999999998,662,1,4,1,141,Cannot Lose Them,0,3215.761426824297
13549,51,11,2741.63,115,2024-03-03 14:50:42,2025-11-11 08:54:36,Germany,249.23909090909092,617,1,4,2,142,Cannot Lose Them,0,3215.761426824297
13550,4,11,2826.14,107,2024-02-24 05:45:27,2025-12-28 04:09:43,United Kingdom,256.9218181818182,672,5,4,3,543,Loyal Customers,0,3215.761426824297
13551,31,11,2491.04,116,2024-02-05 11:10:15,2025-12-01 23:50:57,United Kingdom,226.45818181818183,665,2,4,2,242,Cannot Lose Them,0,3215.761426824297
13552,21,11,7709.05,172,2024-01-07 02:29:13,2025-12-11 10:12:32,United Kingdom,700.8227272727273,704,3,4,5,345,Loyal Customers,0,3215.761426824297
13553,36,11,2810.88,120,2024-01-20 17:53:41,2025-11-26 14:58:13,United Kingdom,255.53454545454545,675,2,4,2,242,Cannot Lose Them,0,3215.761426824297
13554,45,11,2710.2799999999997,105,2024-01-22 04:24:32,2025-11-17 16:26:49,United Kingdom,246.3890909090909,665,1,4,2,142,Cannot Lose Them,0,3215.761426824297
13555,4,11,3562.6800000000003,142,2024-01-13 13:14:18,2025-12-28 06:48:06,United Kingdom,323.88000000000005,714,5,4,4,544,Champions,0,3215.761426824297
13556,12,11,3727.42,129,2024-01-03 02:02:50,2025-12-20 20:42:43,United Kingdom,338.85636363636365,717,4,4,4,444,Champions,0,3215.761426824297
13557,26,11,2627.78,109,2024-01-12 17:59:31,2025-12-06 12:40:33,United Kingdom,238.88909090909092,693,2,4,2,242,Cannot Lose Them,0,3215.761426824297
13558,4,11,3408.2,115,2024-01-04 01:45:59,2025-12-28 23:21:30,United Kingdom,309.8363636363636,724,5,4,4,544,Champions,0,3215.761426824297
13559,12,11,2332.13,107,2024-01-12 10:02:31,2025-12-20 00:53:23,United Kingdom,212.0118181818182,707,4,4,1,441,Loyal Customers,0,3215.761426824297
13560,27,11,3666.2799999999997,135,2024-01-11 08:18:28,2025-12-05 09:13:47,United Kingdom,333.2981818181818,694,2,4,4,244,Cannot Lose Them,0,3215.761426824297
13561,13,11,3232.44,111,2024-01-22 01:02:29,2025-12-19 05:39:20,United Kingdom,293.85818181818183,697,3,4,4,344,Loyal Customers,0,3215.761426824297
13562,68,11,3536.99,126,2024-01-26 21:01:19,2025-10-25 02:21:42,United Kingdom,321.5445454545454,637,1,4,4,144,Cannot Lose Them,0,3215.761426824297
13563,30,11,3324.23,121,2024-01-03 07:18:54,2025-12-02 21:18:31,United Kingdom,302.20272727272726,699,2,4,4,244,Cannot Lose Them,0,3215.761426824297
13564,5,11,2395.42,106,2024-01-04 15:04:03,2025-12-27 10:17:22,United Kingdom,217.76545454545456,722,5,4,1,541,Loyal Customers,0,3215.761426824297
13565,5,11,3074.96,123,2024-02-14 21:12:02,2025-12-27 00:04:22,United Kingdom,279.5418181818182,681,5,4,3,543,Loyal Customers,0,3215.761426824297
13566,21,11,3587.13,130,2024-01-04 13:03:25,2025-12-11 09:10:08,United Kingdom,326.1027272727273,706,3,4,4,344,Loyal Customers,0,3215.761426824297
13567,30,11,5114.79,136,2024-01-06 17:11:45,2025-12-02 07:48:50,United Kingdom,464.9809090909091,695,2,4,5,245,Cannot Lose Them,0,3215.761426824297
13568,1,11,2946.59,120,2024-02-04 21:49:58,2025-12-31 21:43:12,United Kingdom,267.8718181818182,695,5,4,3,543,Loyal Customers,0,3215.761426824297
13569,42,11,5188.85,154,2024-01-18 08:24:39,2025-11-20 13:17:08,United Kingdom,471.7136363636364,672,1,4,5,145,Cannot Lose Them,0,3215.761426824297
13570,4,10,2955.17,113,2024-01-29 06:06:06,2025-12-28 10:32:54,United Kingdom,295.517,699,5,1,3,513,New / Promising,1,3109.399468085106
13571,30,11,3068.29,122,2024-01-04 19:56:24,2025-12-02 14:00:44,United Kingdom,278.93545454545455,697,2,4,3,243,Cannot Lose Them,0,3215.761426824297
13572,69,11,4468.15,137,2024-01-03 21:20:25,2025-10-24 13:57:46,United Kingdom,406.19545454545454,659,1,4,5,145,Cannot Lose Them,0,3215.761426824297
13573,10,11,2684.66,110,2024-01-02 19:51:53,2025-12-22 11:04:21,United Kingdom,244.05999999999997,719,4,4,2,442,Loyal Customers,0,3215.761426824297
13574,23,11,3526.2799999999997,114,2024-02-01 07:29:19,2025-12-09 14:45:04,United Kingdom,320.5709090909091,677,2,4,4,244,Cannot Lose Them,0,3215.761426824297
13575,7,11,3361.29,124,2024-03-02 07:26:55,2025-12-25 14:25:15,United Kingdom,305.5718181818182,663,4,4,4,444,Champions,0,3215.761426824297
13576,3,11,2735.22,118,2024-01-08 09:14:57,2025-12-29 15:05:01,United Kingdom,248.6563636363636,721,5,4,2,542,Loyal Customers,0,3215.761426824297
13577,44,10,3381.69,131,2024-02-14 09:55:39,2025-11-18 05:36:13,United Kingdom,338.169,642,1,1,4,114,Hibernating,1,3109.399468085106
13578,8,11,3237.54,120,2024-01-01 17:42:50,2025-12-24 05:07:42,United Kingdom,294.3218181818182,722,4,4,4,444,Champions,0,3215.761426824297
13579,52,11,2993.55,103,2024-01-16 20:29:54,2025-11-10 10:22:16,United Kingdom,272.14090909090913,663,1,4,3,143,Cannot Lose Them,0,3215.761426824297
13580,32,11,2166.39,112,2024-01-03 07:49:45,2025-11-30 09:31:20,United Kingdom,196.94454545454545,697,2,4,1,241,Cannot Lose Them,0,3215.761426824297
13581,29,11,2203.17,97,2024-01-09 11:29:46,2025-12-03 07:42:00,United Kingdom,200.2881818181818,693,2,4,1,241,Cannot Lose Them,0,3215.761426824297
13582,68,11,3592.25,144,2024-01-22 03:23:50,2025-10-25 19:48:44,United Kingdom,326.5681818181818,642,1,4,4,144,Cannot Lose Them,0,3215.761426824297
13583,10,11,3020.91,115,2024-01-07 17:59:52,2025-12-22 15:49:58,United Kingdom,274.6281818181818,714,4,4,3,443,Loyal Customers,0,3215.761426824297
13584,57,11,3479.55,132,2024-02-04 21:23:00,2025-11-05 19:24:04,United Kingdom,316.32272727272726,639,1,4,4,144,Cannot Lose Them,0,3215.761426824297
13585,13,11,2885.81,117,2024-03-18 05:00:09,2025-12-19 05:50:33,United Kingdom,262.3463636363636,641,3,4,3,343,Loyal Customers,0,3215.761426824297
13586,6,11,2492.36,106,2024-01-09 09:32:14,2025-12-26 14:45:41,United Kingdom,226.57818181818183,717,4,4,2,442,Loyal Customers,0,3215.761426824297
13587,47,11,3012.52,124,2024-02-02 10:56:47,2025-11-15 17:04:54,United Kingdom,273.86545454545455,652,1,4,3,143,Cannot Lose Them,0,3215.761426824297
13588,9,11,2804.93,110,2024-04-01 14:39:41,2025-12-23 14:19:09,United Kingdom,254.99363636363634,630,4,4,2,442,Loyal Customers,0,3215.761426824297
13589,1,11,4264.83,128,2024-02-06 00:38:10,2025-12-31 12:41:12,United Kingdom,387.71181818181816,694,5,4,5,545,Champions,0,3215.761426824297
13590,4,11,2361.31,102,2024-02-11 12:55:33,2025-12-28 20:38:43,United Kingdom,214.66454545454545,686,5,4,1,541,Loyal Customers,0,3215.761426824297
13591,2,11,2259.19,106,2024-01-06 09:36:53,2025-12-30 09:45:13,United Kingdom,205.38090909090909,724,5,4,1,541,Loyal Customers,0,3215.761426824297
13592,6,11,2318.44,119,2024-01-03 19:21:12,2025-12-26 01:47:54,United Kingdom,210.76727272727274,722,4,4,1,441,Loyal Customers,0,3215.761426824297
13593,2,11,2495.02,115,2024-05-22 15:48:04,2025-12-30 10:50:36,United Kingdom,226.82,586,5,4,2,542,Loyal Customers,0,3215.761426824297
13594,12,11,3308.99,130,2024-01-25 12:29:55,2025-12-20 04:08:49,United Kingdom,300.8172727272727,694,4,4,4,444,Champions,0,3215.761426824297
13595,58,11,3285.16,132,2024-01-04 21:24:30,2025-11-04 03:59:14,United Kingdom,298.65090909090907,669,1,4,4,144,Cannot Lose Them,0,3215.761426824297
13596,9,11,2910.67,121,2024-03-14 01:08:27,2025-12-23 12:34:21,United Kingdom,264.60636363636365,649,4,4,3,443,Loyal Customers,0,3215.761426824297
13597,50,11,2754.73,123,2024-02-20 04:42:55,2025-11-12 06:54:59,United Kingdom,250.43,631,1,4,2,142,Cannot Lose Them,0,3215.761426824297
13598,16,11,3633.2,115,2024-01-14 09:01:27,2025-12-16 10:41:50,United Kingdom,330.29090909090905,702,3,4,4,344,Loyal Customers,0,3215.761426824297
13599,157,11,4743.05,142,2024-01-15 17:58:17,2025-07-28 04:50:47,United Kingdom,431.18636363636364,559,1,4,5,145,Cannot Lose Them,0,3215.761426824297
13600,53,11,3789.6800000000003,126,2024-02-05 03:51:38,2025-11-09 10:32:01,United Kingdom,344.5163636363637,643,1,4,4,144,Cannot Lose Them,0,3215.761426824297
13601,7,11,2414.93,119,2024-01-18 18:32:00,2025-12-25 13:08:04,United Kingdom,219.5390909090909,706,4,4,1,441,Loyal Customers,0,3215.761426824297
13602,40,11,4585.69,148,2024-01-05 01:09:57,2025-11-22 10:38:50,United Kingdom,416.88090909090903,687,1,4,5,145,Cannot Lose Them,0,3215.761426824297
13603,2,11,2899.77,121,2024-03-11 04:25:46,2025-12-30 14:21:00,United Kingdom,263.61545454545455,659,5,4,3,543,Loyal Customers,0,3215.761426824297
13604,16,11,2606.13,122,2024-01-11 22:45:16,2025-12-16 11:14:49,United Kingdom,236.9209090909091,704,3,4,2,342,Loyal Customers,0,3215.761426824297
13605,20,11,2679.9,114,2024-02-10 02:21:54,2025-12-12 15:11:52,United Kingdom,243.62727272727273,671,3,4,2,342,Loyal Customers,0,3215.761426824297
13606,28,11,3055.38,123,2024-01-18 13:27:56,2025-12-04 15:45:51,United Kingdom,277.76181818181817,686,2,4,3,243,Cannot Lose Them,0,3215.761426824297
13607,7,11,4022.92,118,2024-04-16 14:17:10,2025-12-25 00:36:29,United Kingdom,365.72,617,4,4,5,445,Champions,0,3215.761426824297
13608,33,11,3552.48,133,2024-02-09 11:33:00,2025-11-29 10:50:03,United Kingdom,322.95272727272726,658,2,4,4,244,Cannot Lose Them,0,3215.761426824297
13609,115,10,2887.57,104,2024-01-16 17:33:00,2025-09-08 12:46:37,United Kingdom,288.757,600,1,1,3,113,Hibernating,1,3109.399468085106
13610,61,11,3521.92,131,2024-01-17 09:34:26,2025-11-01 13:32:01,United Kingdom,320.17454545454547,654,1,4,4,144,Cannot Lose Them,0,3215.761426824297
13611,22,11,3432.8,110,2024-01-01 09:50:36,2025-12-10 11:28:33,United Kingdom,312.07272727272726,709,3,4,4,344,Loyal Customers,0,3215.761426824297
13612,75,11,2741.19,118,2024-01-03 14:03:40,2025-10-18 21:52:05,United Kingdom,249.19909090909093,654,1,4,2,142,Cannot Lose Them,0,3215.761426824297
13613,8,11,2367.46,94,2024-01-11 05:19:25,2025-12-24 03:47:28,United Kingdom,215.22363636363636,712,4,4,1,441,Loyal Customers,0,3215.761426824297
13614,11,11,4048.24,134,2024-01-20 10:24:33,2025-12-21 15:11:17,United Kingdom,368.02181818181816,701,4,4,5,445,Champions,0,3215.761426824297
13615,5,11,3174.88,114,2024-02-04 19:21:31,2025-12-27 21:13:19,United Kingdom,288.62545454545455,692,5,4,3,543,Loyal Customers,0,3215.761426824297
13616,10,11,3190.74,130,2024-01-30 21:32:42,2025-12-22 03:02:46,United Kingdom,290.0672727272727,691,4,4,3,443,Loyal Customers,0,3215.761426824297
13617,2,11,2849.88,107,2024-01-03 00:40:44,2025-12-30 09:26:35,United Kingdom,259.08,727,5,4,3,543,Loyal Customers,0,3215.761426824297
13618,89,11,3165.3,122,2024-01-02 17:07:32,2025-10-04 04:00:38,United Kingdom,287.75454545454545,640,1,4,3,143,Cannot Lose Them,0,3215.761426824297
13619,4,11,4665.05,123,2024-03-04 11:27:30,2025-12-28 16:30:10,United Kingdom,424.0954545454546,664,5,4,5,545,Champions,0,3215.761426824297
13620,16,11,3174.71,124,2024-02-17 02:27:40,2025-12-16 08:46:48,United Kingdom,288.61,668,3,4,3,343,Loyal Customers,0,3215.761426824297
13621,15,11,3661.7,125,2024-01-19 19:09:28,2025-12-17 16:19:48,United Kingdom,332.8818181818182,697,3,4,4,344,Loyal Customers,0,3215.761426824297
13622,16,11,2247.45,99,2024-01-24 00:44:32,2025-12-16 05:36:36,United Kingdom,204.31363636363633,692,3,4,1,341,Loyal Customers,0,3215.761426824297
13623,6,11,5541.0199999999995,141,2024-01-05 11:49:09,2025-12-26 23:14:19,United Kingdom,503.72909090909087,721,4,4,5,445,Champions,0,3215.761426824297
13624,6,11,2671.89,123,2024-02-03 07:29:45,2025-12-26 13:54:06,United Kingdom,242.8990909090909,692,4,4,2,442,Loyal Customers,0,3215.761426824297
13625,11,11,2611.53,108,2024-03-03 20:52:52,2025-12-21 15:07:02,United Kingdom,237.4118181818182,657,4,4,2,442,Loyal Customers,0,3215.761426824297
13626,2,11,3267.24,118,2024-01-07 21:50:17,2025-12-30 03:08:30,United Kingdom,297.02181818181816,722,5,4,4,544,Champions,0,3215.761426824297
13627,22,11,4504.94,142,2024-01-28 00:46:48,2025-12-10 09:41:55,United Kingdom,409.53999999999996,682,3,4,5,345,Loyal Customers,0,3215.761426824297
13628,5,11,4338.96,121,2024-05-18 01:42:58,2025-12-27 23:38:05,United Kingdom,394.4509090909091,588,5,4,5,545,Champions,0,3215.761426824297
13629,30,11,1964.94,115,2024-01-10 03:10:51,2025-12-02 07:47:58,United Kingdom,178.63090909090909,692,2,4,1,241,Cannot Lose Them,0,3215.761426824297
13630,27,11,3107.96,106,2024-01-31 11:26:04,2025-12-05 06:36:02,United Kingdom,282.5418181818182,673,2,4,3,243,Cannot Lose Them,0,3215.761426824297
13631,46,11,3079.38,134,2024-04-07 19:51:36,2025-11-16 04:53:36,United Kingdom,279.94363636363636,587,1,4,3,143,Cannot Lose Them,0,3215.761426824297
13632,33,11,3352.4,116,2024-03-11 17:10:11,2025-11-29 22:17:10,United Kingdom,304.76363636363635,628,2,4,4,244,Cannot Lose Them,0,3215.761426824297
13633,35,11,3163.92,131,2024-01-05 07:48:17,2025-11-27 17:14:01,United Kingdom,287.6290909090909,692,2,4,3,243,Cannot Lose Them,0,3215.761426824297
13634,61,11,3048.36,115,2024-02-16 11:23:56,2025-11-01 18:23:59,United Kingdom,277.12363636363636,624,1,4,3,143,Cannot Lose Them,0,3215.761426824297
13635,11,11,3121.71,110,2024-01-07 15:14:23,2025-12-21 03:17:45,United Kingdom,283.7918181818182,713,4,4,3,443,Loyal Customers,0,3215.761426824297
13636,5,11,4313.97,114,2024-01-11 14:39:50,2025-12-27 02:05:41,Germany,392.1790909090909,715,5,4,5,545,Champions,0,3215.761426824297
13637,19,11,3281.9900000000002,132,2024-05-08 01:44:20,2025-12-13 13:14:45,United Kingdom,298.3627272727273,584,3,4,4,344,Loyal Customers,0,3215.761426824297
13638,15,11,2994.06,116,2024-01-10 14:27:49,2025-12-17 23:31:14,United Kingdom,272.1872727272727,707,3,4,3,343,Loyal Customers,0,3215.761426824297
13639,37,11,4390.86,139,2024-01-12 04:27:42,2025-11-25 06:17:38,United Kingdom,399.16909090909087,683,2,4,5,245,Cannot Lose Them,0,3215.761426824297
13640,15,10,3051.43,123,2024-01-03 17:59:34,2025-12-17 07:53:26,United Kingdom,305.143,713,3,1,3,313,Need Attention,1,3109.399468085106
13641,52,11,3118.19,116,2024-01-14 16:58:48,2025-11-10 01:39:02,United Kingdom,283.4718181818182,665,1,4,3,143,Cannot Lose Them,0,3215.761426824297
13642,13,11,3574.23,123,2024-01-16 04:30:01,2025-12-19 11:10:27,United Kingdom,324.93,703,3,4,4,344,Loyal Customers,0,3215.761426824297
13643,39,11,2766.23,117,2024-02-14 06:30:36,2025-11-23 16:28:58,United Kingdom,251.47545454545454,648,1,4,2,142,Cannot Lose Them,0,3215.761426824297
13644,21,11,2111.33,92,2024-01-12 00:48:02,2025-12-11 16:10:32,United Kingdom,191.9390909090909,699,3,4,1,341,Loyal Customers,0,3215.761426824297
13645,34,11,3793.08,129,2024-01-30 21:19:12,2025-11-28 02:13:47,United Kingdom,344.82545454545453,667,2,4,4,244,Cannot Lose Them,0,3215.761426824297
13646,29,10,5020.74,136,2024-01-21 02:04:13,2025-12-03 14:58:26,United Kingdom,502.07399999999996,682,2,1,5,215,Hibernating,1,3109.399468085106
13647,29,11,2645.63,102,2024-02-03 15:53:50,2025-12-03 21:26:27,United Kingdom,240.5118181818182,669,2,4,2,242,Cannot Lose Them,0,3215.761426824297
13648,4,11,4251.6,132,2024-01-14 11:19:45,2025-12-28 22:45:21,United Kingdom,386.50909090909096,714,5,4,5,545,Champions,0,3215.761426824297
13649,8,11,6251.8099999999995,154,2024-01-01 08:04:56,2025-12-24 14:06:11,United Kingdom,568.3463636363635,723,4,4,5,445,Champions,0,3215.761426824297
13650,28,11,5551.7699999999995,151,2024-01-08 03:17:15,2025-12-04 22:44:37,United Kingdom,504.7063636363636,696,2,4,5,245,Cannot Lose Them,0,3215.761426824297
13651,19,11,4630.78,121,2024-02-08 16:10:38,2025-12-13 19:19:21,United Kingdom,420.97999999999996,674,3,4,5,345,Loyal Customers,0,3215.761426824297
13652,3,11,2616.7,109,2024-01-01 13:19:28,2025-12-29 04:43:46,United Kingdom,237.88181818181818,727,5,4,2,542,Loyal Customers,0,3215.761426824297
13653,7,10,2957.93,86,2024-03-28 10:20:31,2025-12-25 01:21:46,United Kingdom,295.793,636,4,1,3,413,New / Promising,1,3109.399468085106
13654,28,11,4101.74,137,2024-01-23 12:06:32,2025-12-04 05:56:38,United Kingdom,372.88545454545454,680,2,4,5,245,Cannot Lose Them,0,3215.761426824297
13655,5,11,2720.2599999999998,110,2024-04-08 11:56:14,2025-12-27 05:19:06,United Kingdom,247.29636363636362,627,5,4,2,542,Loyal Customers,0,3215.761426824297
13656,20,11,2132.91,101,2024-01-10 09:27:36,2025-12-12 08:46:09,United Kingdom,193.90090909090907,701,3,4,1,341,Loyal Customers,0,3215.761426824297
13657,27,11,2933.27,109,2024-01-22 08:26:20,2025-12-05 21:48:08,United Kingdom,266.6609090909091,683,2,4,3,243,Cannot Lose Them,0,3215.761426824297
13658,17,11,3335.15,127,2024-01-17 09:49:21,2025-12-15 11:34:32,United Kingdom,303.19545454545454,698,3,4,4,344,Loyal Customers,0,3215.761426824297
13659,2,11,2690.67,116,2024-01-26 08:55:29,2025-12-30 17:58:19,United Kingdom,244.60636363636365,704,5,4,2,542,Loyal Customers,0,3215.761426824297
13660,13,11,3480.39,123,2024-01-21 10:15:48,2025-12-19 23:40:20,United Kingdom,316.3990909090909,698,3,4,4,344,Loyal Customers,0,3215.761426824297
13661,24,11,2843.02,129,2024-01-23 13:50:52,2025-12-08 17:55:40,United Kingdom,258.4563636363636,685,2,4,3,243,Cannot Lose Them,0,3215.761426824297
13662,15,11,2924.83,112,2024-02-15 07:17:43,2025-12-17 07:41:23,United Kingdom,265.89363636363635,671,3,4,3,343,Loyal Customers,0,3215.761426824297
13663,7,11,3407.45,120,2024-02-12 14:38:12,2025-12-25 20:33:07,United Kingdom,309.7681818181818,682,4,4,4,444,Champions,0,3215.761426824297
13664,41,11,2971.7400000000002,114,2024-01-27 16:11:04,2025-11-21 16:33:05,United Kingdom,270.15818181818184,664,1,4,3,143,Cannot Lose Them,0,3215.761426824297
13665,42,11,3428.64,132,2024-01-01 13:17:24,2025-11-20 22:45:01,United Kingdom,311.69454545454545,689,1,4,4,144,Cannot Lose Them,0,3215.761426824297
13666,36,11,3588.63,129,2024-02-07 19:18:19,2025-11-26 22:07:32,United Kingdom,326.2390909090909,658,2,4,4,244,Cannot Lose Them,0,3215.761426824297
13667,2,11,3262.85,120,2024-01-22 10:32:22,2025-12-30 05:52:23,United Kingdom,296.6227272727273,707,5,4,4,544,Champions,0,3215.761426824297
13668,12,11,3551.4300000000003,115,2024-04-03 22:45:38,2025-12-20 23:46:54,United Kingdom,322.85727272727274,626,4,4,4,444,Champions,0,3215.761426824297
13669,3,11,2887.75,125,2024-01-24 12:30:36,2025-12-29 16:26:45,United Kingdom,262.52272727272725,705,5,4,3,543,Loyal Customers,0,3215.761426824297
13670,11,11,2112.92,119,2024-01-15 10:46:38,2025-12-21 17:30:03,United Kingdom,192.08363636363637,706,4,4,1,441,Loyal Customers,0,3215.761426824297
13671,39,11,2675.98,112,2024-02-12 10:11:09,2025-11-23 22:28:20,United Kingdom,243.2709090909091,650,1,4,2,142,Cannot Lose Them,0,3215.761426824297
13672,12,11,1966.57,97,2024-02-23 05:29:23,2025-12-20 08:47:10,United Kingdom,178.7790909090909,666,4,4,1,441,Loyal Customers,0,3215.761426824297
13673,5,11,2179.96,107,2024-01-10 12:53:40,2025-12-27 16:44:47,United Kingdom,198.17818181818183,717,5,4,1,541,Loyal Customers,0,3215.761426824297
13674,6,11,2338.2799999999997,106,2024-01-18 04:24:47,2025-12-26 14:28:20,United Kingdom,212.57090909090905,708,4,4,1,441,Loyal Customers,0,3215.761426824297
13675,11,11,3242.35,121,2024-01-16 05:48:41,2025-12-21 02:14:16,United Kingdom,294.7590909090909,704,4,4,4,444,Champions,0,3215.761426824297
13676,29,11,2718.14,114,2024-01-02 04:25:22,2025-12-03 07:27:01,United Kingdom,247.10363636363635,701,2,4,2,242,Cannot Lose Them,0,3215.761426824297
13677,9,11,2853.87,130,2024-02-06 01:57:05,2025-12-23 23:14:42,United Kingdom,259.44272727272727,686,4,4,3,443,Loyal Customers,0,3215.761426824297
13678,1,11,2458.86,115,2024-01-29 04:51:18,2025-12-31 15:56:50,United Kingdom,223.53272727272727,702,5,4,2,542,Loyal Customers,0,3215.761426824297
13679,1,11,3073.24,130,2024-01-07 01:14:04,2025-12-31 12:52:03,United Kingdom,279.38545454545454,724,5,4,3,543,Loyal Customers,0,3215.761426824297
13680,19,11,3108.4700000000003,123,2024-01-26 10:59:26,2025-12-13 17:29:34,United Kingdom,282.58818181818185,687,3,4,3,343,Loyal Customers,0,3215.761426824297
13681,27,11,3008.2,112,2024-01-25 15:36:39,2025-12-05 17:28:27,United Kingdom,273.47272727272724,680,2,4,3,243,Cannot Lose Them,0,3215.761426824297
13682,8,11,3400.64,129,2024-01-12 14:34:54,2025-12-24 11:37:51,United Kingdom,309.1490909090909,711,4,4,4,444,Champions,0,3215.761426824297
13683,40,11,3273.02,114,2024-03-03 13:00:07,2025-11-22 03:18:46,United Kingdom,297.54727272727274,628,1,4,4,144,Cannot Lose Them,0,3215.761426824297
13684,12,11,5269.8,151,2024-05-02 04:53:53,2025-12-20 22:49:15,United Kingdom,479.07272727272726,597,4,4,5,445,Champions,0,3215.761426824297
13685,67,11,2317.95,90,2024-01-16 15:25:53,2025-10-26 08:13:54,United Kingdom,210.72272727272727,648,1,4,1,141,Cannot Lose Them,0,3215.761426824297
13686,78,11,3164.56,119,2024-01-01 12:16:44,2025-10-15 16:23:25,United Kingdom,287.6872727272727,653,1,4,3,143,Cannot Lose Them,0,3215.761426824297
13687,20,11,2129.24,99,2024-03-29 13:56:13,2025-12-12 14:23:12,United Kingdom,193.5672727272727,623,3,4,1,341,Loyal Customers,0,3215.761426824297
13688,5,11,2837.26,111,2024-01-17 08:28:29,2025-12-27 19:11:28,United Kingdom,257.9327272727273,710,5,4,3,543,Loyal Customers,0,3215.761426824297
13689,5,11,2011.9,97,2024-02-10 12:29:14,2025-12-27 00:41:48,United Kingdom,182.9,685,5,4,1,541,Loyal Customers,0,3215.761426824297
13690,10,11,2754.17,114,2024-02-24 13:00:03,2025-12-22 09:56:43,United Kingdom,250.3790909090909,666,4,4,2,442,Loyal Customers,0,3215.761426824297
13691,15,11,2961.49,108,2024-01-02 13:16:05,2025-12-17 20:38:12,United Kingdom,269.2263636363636,715,3,4,3,343,Loyal Customers,0,3215.761426824297
13692,37,11,2267.92,97,2024-01-15 04:52:10,2025-11-25 12:24:24,United Kingdom,206.17454545454547,680,2,4,1,241,Cannot Lose Them,0,3215.761426824297
13693,2,11,2282.7599999999998,98,2024-02-03 21:15:00,2025-12-30 01:52:58,United Kingdom,207.52363636363634,695,5,4,1,541,Loyal Customers,0,3215.761426824297
13694,7,11,3075.55,114,2024-01-06 20:40:15,2025-12-25 03:52:57,United Kingdom,279.5954545454546,718,4,4,3,443,Loyal Customers,0,3215.761426824297
13695,17,11,2313.0,98,2024-02-07 20:38:11,2025-12-15 13:24:26,United Kingdom,210.27272727272728,676,3,4,1,341,Loyal Customers,0,3215.761426824297
13696,17,11,3019.05,120,2024-02-01 13:49:10,2025-12-15 21:10:05,United Kingdom,274.45909090909095,683,3,4,3,343,Loyal Customers,0,3215.761426824297
13697,21,11,3269.54,124,2024-01-15 08:32:10,2025-12-11 07:56:07,United Kingdom,297.2309090909091,695,3,4,4,344,Loyal Customers,0,3215.761426824297
13698,8,11,4608.65,151,2024-02-22 10:44:29,2025-12-24 04:24:58,United Kingdom,418.9681818181818,670,4,4,5,445,Champions,0,3215.761426824297
13699,3,11,3583.16,120,2024-01-11 11:43:37,2025-12-29 23:04:59,United Kingdom,325.7418181818182,718,5,4,4,544,Champions,0,3215.761426824297
13700,8,11,2046.71,104,2024-02-24 10:26:00,2025-12-24 02:26:59,United Kingdom,186.06454545454545,668,4,4,1,441,Loyal Customers,0,3215.761426824297
13701,3,11,3036.09,123,2024-01-03 01:04:42,2025-12-29 10:45:01,United Kingdom,276.0081818181818,726,5,4,3,543,Loyal Customers,0,3215.761426824297
13702,56,11,4232.74,133,2024-01-10 10:24:21,2025-11-06 22:54:35,United Kingdom,384.7945454545454,666,1,4,5,145,Cannot Lose Them,0,3215.761426824297
13703,27,11,2714.51,116,2024-03-09 14:01:13,2025-12-05 11:54:16,United Kingdom,246.77363636363637,635,2,4,2,242,Cannot Lose Them,0,3215.761426824297
13704,17,11,2348.53,107,2024-01-24 02:30:16,2025-12-15 10:00:16,United Kingdom,213.5027272727273,691,3,4,1,341,Loyal Customers,0,3215.761426824297
13705,3,11,3684.13,121,2024-01-12 12:44:10,2025-12-29 13:44:32,United Kingdom,334.9209090909091,717,5,4,4,544,Champions,0,3215.761426824297
13706,1,11,4852.09,132,2024-02-26 14:16:05,2025-12-31 10:51:28,United Kingdom,441.09909090909093,673,5,4,5,545,Champions,0,3215.761426824297
13707,5,11,3543.9,116,2024-02-09 12:07:34,2025-12-27 22:56:08,United Kingdom,322.1727272727273,687,5,4,4,544,Champions,0,3215.761426824297
13708,7,11,2519.4700000000003,112,2024-01-15 16:49:04,2025-12-25 18:05:02,United Kingdom,229.0427272727273,710,4,4,2,442,Loyal Customers,0,3215.761426824297
13709,1,11,2155.64,115,2024-05-04 15:01:18,2025-12-31 02:40:48,United Kingdom,195.96727272727273,605,5,4,1,541,Loyal Customers,0,3215.761426824297
13710,31,11,4244.71,132,2024-02-12 12:09:38,2025-12-01 13:18:37,United Kingdom,385.88272727272727,658,2,4,5,245,Cannot Lose Them,0,3215.761426824297
13711,19,11,2531.15,115,2024-01-31 00:14:45,2025-12-13 01:12:55,United Kingdom,230.10454545454547,682,3,4,2,342,Loyal Customers,0,3215.761426824297
13712,69,11,2436.12,116,2024-01-20 00:41:56,2025-10-24 01:49:35,United Kingdom,221.46545454545455,643,1,4,1,141,Cannot Lose Them,0,3215.761426824297
13713,11,11,2587.42,109,2024-01-02 09:44:21,2025-12-21 14:22:53,United Kingdom,235.22,719,4,4,2,442,Loyal Customers,0,3215.761426824297
13714,38,11,2220.81,110,2024-02-18 10:13:33,2025-11-24 07:05:12,United Kingdom,201.89181818181817,644,1,4,1,141,Cannot Lose Them,0,3215.761426824297
13715,1,11,2541.71,107,2024-01-31 08:33:30,2025-12-31 08:55:24,United Kingdom,231.06454545454545,700,5,4,2,542,Loyal Customers,0,3215.761426824297
13716,6,11,3353.7200000000003,99,2024-03-08 04:03:47,2025-12-26 04:32:30,United Kingdom,304.8836363636364,658,4,4,4,444,Champions,0,3215.761426824297
13717,7,11,2438.85,109,2024-03-03 16:59:35,2025-12-25 10:18:27,United Kingdom,221.71363636363637,661,4,4,1,441,Loyal Customers,0,3215.761426824297
13718,33,11,2743.54,118,2024-02-06 02:20:12,2025-11-29 14:55:47,United Kingdom,249.41272727272727,662,2,4,2,242,Cannot Lose Them,0,3215.761426824297
13719,9,11,2533.49,117,2024-01-12 05:05:42,2025-12-23 08:47:38,United Kingdom,230.3172727272727,711,4,4,2,442,Loyal Customers,0,3215.761426824297
13720,16,11,3922.18,145,2024-01-03 23:41:41,2025-12-16 17:33:27,United Kingdom,356.5618181818182,712,3,4,5,345,Loyal Customers,0,3215.761426824297
13721,3,11,2376.94,105,2024-01-01 07:17:39,2025-12-29 03:30:14,United Kingdom,216.08545454545455,727,5,4,1,541,Loyal Customers,0,3215.761426824297
13722,10,11,4305.22,140,2024-01-20 01:13:23,2025-12-22 07:01:37,United Kingdom,391.3836363636364,702,4,4,5,445,Champions,0,3215.761426824297
13723,15,11,3204.82,130,2024-01-19 03:48:30,2025-12-17 14:26:06,United Kingdom,291.34727272727275,698,3,4,3,343,Loyal Customers,0,3215.761426824297
13724,6,11,2436.02,108,2024-01-05 05:25:47,2025-12-26 21:20:41,United Kingdom,221.45636363636365,721,4,4,1,441,Loyal Customers,0,3215.761426824297
13725,41,11,3726.2599999999998,115,2024-02-01 05:39:05,2025-11-21 13:59:15,United Kingdom,338.7509090909091,659,1,4,4,144,Cannot Lose Them,0,3215.761426824297
13726,79,11,2761.64,120,2024-01-01 14:28:32,2025-10-14 10:31:57,United Kingdom,251.0581818181818,651,1,4,2,142,Cannot Lose Them,0,3215.761426824297
13727,30,11,2245.71,102,2024-02-01 16:53:44,2025-12-02 18:31:03,United Kingdom,204.15545454545455,670,2,4,1,241,Cannot Lose Them,0,3215.761426824297
13728,4,11,2777.88,109,2024-01-17 20:15:49,2025-12-28 04:01:00,United Kingdom,252.53454545454545,710,5,4,2,542,Loyal Customers,0,3215.761426824297
13729,29,11,2766.19,108,2024-01-22 10:51:01,2025-12-03 10:50:55,United Kingdom,251.47181818181818,680,2,4,2,242,Cannot Lose Them,0,3215.761426824297
13730,32,11,2074.17,109,2024-02-11 18:00:41,2025-11-30 16:45:02,United Kingdom,188.5609090909091,657,2,4,1,241,Cannot Lose Them,0,3215.761426824297
13731,15,11,3824.5699999999997,122,2024-01-14 18:33:44,2025-12-17 02:17:20,United Kingdom,347.6881818181818,702,3,4,4,344,Loyal Customers,0,3215.761426824297
13732,7,11,2804.47,98,2024-01-18 02:31:57,2025-12-25 09:35:55,United Kingdom,254.95181818181817,707,4,4,2,442,Loyal Customers,0,3215.761426824297
13733,9,11,2028.51,101,2024-01-31 02:00:09,2025-12-23 18:31:42,United Kingdom,184.41,692,4,4,1,441,Loyal Customers,0,3215.761426824297
13734,7,11,2235.28,115,2024-01-19 02:53:02,2025-12-25 19:09:18,United Kingdom,203.20727272727274,706,4,4,1,441,Loyal Customers,0,3215.761426824297
13735,17,11,2216.11,115,2024-01-07 07:04:58,2025-12-15 08:07:04,United Kingdom,201.46454545454546,708,3,4,1,341,Loyal Customers,0,3215.761426824297
13736,20,11,2792.28,120,2024-02-02 09:16:19,2025-12-12 14:24:19,United Kingdom,253.8436363636364,679,3,4,2,342,Loyal Customers,0,3215.761426824297
13737,44,11,1923.3,100,2024-01-30 05:45:52,2025-11-18 00:19:15,United Kingdom,174.84545454545454,657,1,4,1,141,Cannot Lose Them,0,3215.761426824297
13738,30,11,3510.11,114,2024-01-09 13:08:56,2025-12-02 00:26:18,United Kingdom,319.1009090909091,692,2,4,4,244,Cannot Lose Them,0,3215.761426824297
13739,28,11,3019.17,134,2024-01-06 03:46:46,2025-12-04 07:27:43,United Kingdom,274.47,698,2,4,3,243,Cannot Lose Them,0,3215.761426824297
13740,8,11,3264.25,117,2024-02-06 20:36:55,2025-12-24 04:33:10,United Kingdom,296.75,686,4,4,4,444,Champions,0,3215.761426824297
13741,22,11,2085.7,108,2024-01-08 20:24:36,2025-12-10 18:56:30,United Kingdom,189.6090909090909,701,3,4,1,341,Loyal Customers,0,3215.761426824297
13742,37,11,4122.14,113,2024-01-12 08:16:55,2025-11-25 02:13:30,United Kingdom,374.74,682,2,4,5,245,Cannot Lose Them,0,3215.761426824297
13743,17,11,3235.38,119,2024-03-03 01:38:33,2025-12-15 08:23:58,United Kingdom,294.12545454545455,652,3,4,4,344,Loyal Customers,0,3215.761426824297
13744,15,11,4721.31,153,2024-01-29 21:53:03,2025-12-17 17:10:23,United Kingdom,429.21000000000004,687,3,4,5,345,Loyal Customers,0,3215.761426824297
13745,11,11,3856.9500000000003,132,2024-01-24 18:38:02,2025-12-21 10:00:32,United Kingdom,350.63181818181823,696,4,4,5,445,Champions,0,3215.761426824297
13746,105,11,4867.8,158,2024-01-04 12:49:24,2025-09-18 09:47:14,United Kingdom,442.52727272727276,622,1,4,5,145,Cannot Lose Them,0,3215.761426824297
13747,27,11,2307.98,100,2024-02-09 05:58:26,2025-12-05 12:18:38,United Kingdom,209.81636363636363,665,2,4,1,241,Cannot Lose Them,0,3215.761426824297
13748,41,11,5154.92,159,2024-02-19 11:41:09,2025-11-21 13:59:54,United Kingdom,468.6290909090909,641,1,4,5,145,Cannot Lose Them,0,3215.761426824297
13749,45,11,3145.55,124,2024-01-08 04:17:16,2025-11-17 11:31:43,United Kingdom,285.95909090909095,679,1,4,3,143,Cannot Lose Them,0,3215.761426824297
13750,16,11,3694.5699999999997,120,2024-01-17 11:10:48,2025-12-16 06:35:16,United Kingdom,335.86999999999995,698,3,4,4,344,Loyal Customers,0,3215.761426824297
13751,4,11,2811.1,117,2024-01-11 08:54:39,2025-12-28 09:45:09,United Kingdom,255.55454545454543,717,5,4,2,542,Loyal Customers,0,3215.761426824297
13752,13,11,3531.94,121,2024-01-16 00:49:49,2025-12-19 06:10:03,United Kingdom,321.0854545454545,703,3,4,4,344,Loyal Customers,0,3215.761426824297
13753,9,11,3538.41,122,2024-02-09 16:58:40,2025-12-23 02:11:53,United Kingdom,321.6736363636364,682,4,4,4,444,Champions,0,3215.761426824297
13754,1,11,4371.81,133,2024-01-05 09:15:11,2025-12-31 01:15:29,United Kingdom,397.4372727272728,725,5,4,5,545,Champions,0,3215.761426824297
13755,8,10,2635.34,109,2024-01-14 04:36:52,2025-12-24 12:06:31,United Kingdom,263.534,710,4,1,2,412,New / Promising,1,3109.399468085106
13756,9,11,3822.74,127,2024-01-23 21:58:01,2025-12-23 23:50:46,United Kingdom,347.52181818181816,700,4,4,4,444,Champions,0,3215.761426824297
13757,99,11,4008.69,137,2024-01-05 12:02:31,2025-09-24 02:30:11,United Kingdom,364.42636363636365,627,1,4,5,145,Cannot Lose Them,0,3215.761426824297
13758,14,11,3841.82,128,2024-01-18 04:36:15,2025-12-18 22:36:15,United Kingdom,349.25636363636363,700,3,4,4,344,Loyal Customers,0,3215.761426824297
13759,3,11,2578.28,107,2024-01-04 21:21:56,2025-12-29 23:26:59,United Kingdom,234.38909090909092,725,5,4,2,542,Loyal Customers,0,3215.761426824297
13760,31,11,4704.7,149,2024-01-03 01:41:44,2025-12-01 04:12:38,United Kingdom,427.7,698,2,4,5,245,Cannot Lose Them,0,3215.761426824297
13761,14,11,3229.35,113,2024-01-09 19:14:24,2025-12-18 07:52:53,United Kingdom,293.5772727272727,708,3,4,4,344,Loyal Customers,0,3215.761426824297
13762,98,11,2712.95,123,2024-02-16 23:19:22,2025-09-25 03:43:03,United Kingdom,246.63181818181818,586,1,4,2,142,Cannot Lose Them,0,3215.761426824297
13763,4,11,3095.17,112,2024-01-24 17:39:16,2025-12-28 19:54:33,United Kingdom,281.3790909090909,704,5,4,3,543,Loyal Customers,0,3215.761426824297
13764,36,11,2314.4900000000002,109,2024-01-14 23:39:02,2025-11-26 08:57:40,United Kingdom,210.40818181818184,681,2,4,1,241,Cannot Lose Them,0,3215.761426824297
13765,16,11,3435.98,109,2024-02-05 07:46:39,2025-12-16 10:49:09,United Kingdom,312.3618181818182,680,3,4,4,344,Loyal Customers,0,3215.761426824297
13766,6,11,4635.11,144,2024-01-07 16:06:34,2025-12-26 11:12:47,United Kingdom,421.3736363636363,718,4,4,5,445,Champions,0,3215.761426824297
13767,7,11,4217.51,132,2024-01-05 10:06:35,2025-12-25 00:00:55,United Kingdom,383.41,719,4,4,5,445,Champions,0,3215.761426824297
13768,10,11,3392.81,117,2024-01-07 06:53:27,2025-12-22 22:30:24,United Kingdom,308.4372727272727,715,4,4,4,444,Champions,0,3215.761426824297
13769,61,11,2491.39,101,2024-01-30 20:09:40,2025-11-01 11:34:00,United Kingdom,226.48999999999998,640,1,4,2,142,Cannot Lose Them,0,3215.761426824297
13770,64,11,3040.85,116,2024-01-07 02:06:53,2025-10-29 17:08:08,United Kingdom,276.4409090909091,661,1,4,3,143,Cannot Lose Them,0,3215.761426824297
13771,4,11,2736.29,114,2024-03-09 02:49:43,2025-12-28 11:32:32,United Kingdom,248.75363636363636,659,5,4,2,542,Loyal Customers,0,3215.761426824297
13772,1,11,5021.51,142,2024-01-04 23:38:35,2025-12-31 19:15:31,United Kingdom,456.5009090909091,726,5,4,5,545,Champions,0,3215.761426824297
13773,8,10,2270.96,110,2024-02-07 09:23:28,2025-12-24 22:56:53,United Kingdom,227.096,686,4,1,1,411,New / Promising,1,3109.399468085106
13774,10,11,2336.94,115,2024-01-04 08:43:08,2025-12-22 19:49:13,United Kingdom,212.44909090909093,718,4,4,1,441,Loyal Customers,0,3215.761426824297
13775,28,11,2673.15,108,2024-01-18 19:09:03,2025-12-04 17:32:43,United Kingdom,243.01363636363638,685,2,4,2,242,Cannot Lose Them,0,3215.761426824297
13776,77,11,4827.29,143,2024-01-19 02:45:50,2025-10-16 16:06:34,United Kingdom,438.8445454545454,636,1,4,5,145,Cannot Lose Them,0,3215.761426824297
13777,63,11,3942.72,139,2024-01-19 03:12:07,2025-10-30 17:26:32,United Kingdom,358.4290909090909,650,1,4,5,145,Cannot Lose Them,0,3215.761426824297
13778,49,11,2889.48,111,2024-01-03 06:38:27,2025-11-13 10:24:31,United Kingdom,262.68,680,1,4,3,143,Cannot Lose Them,0,3215.761426824297
13779,125,11,1634.02,88,2024-01-21 17:46:11,2025-08-29 17:06:58,United Kingdom,148.5472727272727,585,1,4,1,141,Cannot Lose Them,0,3215.761426824297
13780,21,11,2281.3,113,2024-01-08 22:03:54,2025-12-11 22:10:25,United Kingdom,207.3909090909091,703,3,4,1,341,Loyal Customers,0,3215.761426824297
13781,24,11,3811.02,129,2024-01-29 20:12:04,2025-12-08 04:14:46,United Kingdom,346.4563636363636,678,2,4,4,244,Cannot Lose Them,0,3215.761426824297
13782,22,11,3149.99,125,2024-01-01 01:40:03,2025-12-10 03:09:40,United Kingdom,286.3627272727272,709,3,4,3,343,Loyal Customers,0,3215.761426824297
13783,15,11,2761.18,116,2024-01-24 11:11:53,2025-12-17 23:08:14,United Kingdom,251.01636363636362,693,3,4,2,342,Loyal Customers,0,3215.761426824297
13784,4,11,3423.35,122,2024-02-28 09:56:15,2025-12-28 11:11:50,United Kingdom,311.21363636363634,669,5,4,4,544,Champions,0,3215.761426824297
13785,34,11,3121.48,120,2024-03-21 15:41:30,2025-11-28 16:14:24,United Kingdom,283.7709090909091,617,2,4,3,243,Cannot Lose Them,0,3215.761426824297
13786,11,11,2813.82,111,2024-01-16 15:01:43,2025-12-21 17:22:24,United Kingdom,255.8018181818182,705,4,4,2,442,Loyal Customers,0,3215.761426824297
13787,11,11,2675.95,124,2024-02-02 17:30:42,2025-12-21 00:00:00,United Kingdom,243.2681818181818,687,4,4,2,442,Loyal Customers,0,3215.761426824297
13788,12,11,2589.3,114,2024-01-11 12:57:59,2025-12-20 20:03:38,United Kingdom,235.3909090909091,709,4,4,2,442,Loyal Customers,0,3215.761426824297
13789,11,11,2969.65,123,2024-04-18 20:42:24,2025-12-21 06:10:22,United Kingdom,269.96818181818185,611,4,4,3,443,Loyal Customers,0,3215.761426824297
13790,7,11,4099.39,132,2024-01-12 06:14:58,2025-12-25 11:54:02,United Kingdom,372.6718181818182,713,4,4,5,445,Champions,0,3215.761426824297
13791,31,11,4070.2,120,2024-01-14 11:30:27,2025-12-01 12:28:12,United Kingdom,370.0181818181818,687,2,4,5,245,Cannot Lose Them,0,3215.761426824297
13792,8,11,2557.83,108,2024-01-10 23:19:15,2025-12-24 20:32:51,United Kingdom,232.53,713,4,4,2,442,Loyal Customers,0,3215.761426824297
13793,21,11,3421.4100000000003,114,2024-02-14 00:33:21,2025-12-11 17:19:00,United Kingdom,311.03727272727275,666,3,4,4,344,Loyal Customers,0,3215.761426824297
13794,2,11,3499.88,115,2024-01-22 19:27:01,2025-12-30 13:42:05,United Kingdom,318.1709090909091,707,5,4,4,544,Champions,0,3215.761426824297
13795,26,11,1926.6,102,2024-01-07 00:31:15,2025-12-06 10:52:16,United Kingdom,175.14545454545453,699,2,4,1,241,Cannot Lose Them,0,3215.761426824297
13796,61,11,2655.09,124,2024-02-02 04:30:47,2025-11-01 05:17:11,United Kingdom,241.37181818181818,638,1,4,2,142,Cannot Lose Them,0,3215.761426824297
13797,23,11,2469.9,117,2024-02-08 01:07:13,2025-12-09 10:03:25,United Kingdom,224.53636363636363,670,2,4,2,242,Cannot Lose Them,0,3215.761426824297
13798,36,11,3547.25,108,2024-01-05 20:06:44,2025-11-26 19:02:54,United Kingdom,322.47727272727275,690,2,4,4,244,Cannot Lose Them,0,3215.761426824297
13799,41,11,3247.96,123,2024-03-03 14:07:23,2025-11-21 11:09:20,United Kingdom,295.2690909090909,627,1,4,4,144,Cannot Lose Them,0,3215.761426824297
13800,28,11,3687.93,136,2024-02-20 03:56:49,2025-12-04 16:17:03,United Kingdom,335.2663636363636,653,2,4,4,244,Cannot Lose Them,0,3215.761426824297
13801,3,11,3099.25,115,2024-02-02 20:34:23,2025-12-29 07:43:26,United Kingdom,281.75,695,5,4,3,543,Loyal Customers,0,3215.761426824297
13802,1,11,3693.16,133,2024-01-22 10:45:42,2025-12-31 15:32:24,United Kingdom,335.7418181818182,709,5,4,4,544,Champions,0,3215.761426824297
13803,7,11,1885.1,99,2024-02-16 04:45:51,2025-12-25 08:45:18,United Kingdom,171.37272727272727,678,4,4,1,441,Loyal Customers,0,3215.761426824297
13804,39,11,3848.91,129,2024-01-11 03:50:45,2025-11-23 04:08:30,United Kingdom,349.90090909090907,682,1,4,4,144,Cannot Lose Them,0,3215.761426824297
13805,5,11,4805.02,157,2024-01-30 21:59:58,2025-12-27 02:48:01,United Kingdom,436.82000000000005,696,5,4,5,545,Champions,0,3215.761426824297
13806,55,11,2757.21,100,2024-01-20 09:20:00,2025-11-07 06:42:02,United Kingdom,250.65545454545455,656,1,4,2,142,Cannot Lose Them,0,3215.761426824297
13807,52,11,1980.76,88,2024-01-19 12:29:49,2025-11-10 02:28:21,United Kingdom,180.0690909090909,660,1,4,1,141,Cannot Lose Them,0,3215.761426824297
13808,34,11,3221.0,131,2024-03-09 01:56:54,2025-11-28 20:48:43,United Kingdom,292.8181818181818,629,2,4,4,244,Cannot Lose Them,0,3215.761426824297
13809,19,11,2642.26,111,2024-03-24 00:13:14,2025-12-13 08:18:10,United Kingdom,240.20545454545456,629,3,4,2,342,Loyal Customers,0,3215.761426824297
13810,13,11,2242.52,105,2024-04-18 14:49:40,2025-12-19 21:31:50,United Kingdom,203.86545454545455,610,3,4,1,341,Loyal Customers,0,3215.761426824297
13811,28,11,3685.12,112,2024-01-27 15:44:59,2025-12-04 18:29:33,United Kingdom,335.0109090909091,677,2,4,4,244,Cannot Lose Them,0,3215.761426824297
13812,77,10,4318.28,136,2024-01-13 10:05:45,2025-10-16 00:15:09,United Kingdom,431.828,641,1,1,5,115,Hibernating,1,3109.399468085106
13813,14,11,2787.31,102,2024-01-22 00:21:29,2025-12-18 15:57:53,United Kingdom,253.39181818181817,696,3,4,2,342,Loyal Customers,0,3215.761426824297
13814,15,11,3416.59,135,2024-01-10 23:24:48,2025-12-17 05:15:28,United Kingdom,310.59909090909093,706,3,4,4,344,Loyal Customers,0,3215.761426824297
13815,1,11,2756.55,114,2024-01-02 22:52:51,2025-12-31 11:10:33,United Kingdom,250.59545454545457,728,5,4,2,542,Loyal Customers,0,3215.761426824297
13816,19,11,6076.87,145,2024-01-19 20:38:15,2025-12-13 20:38:52,United Kingdom,552.4427272727272,694,3,4,5,345,Loyal Customers,0,3215.761426824297
13817,79,11,4906.53,141,2024-03-06 07:07:31,2025-10-14 07:29:31,United Kingdom,446.0481818181818,587,1,4,5,145,Cannot Lose Them,0,3215.761426824297
13818,73,10,2574.55,109,2024-01-06 22:23:41,2025-10-20 05:35:42,United Kingdom,257.45500000000004,652,1,1,2,112,Hibernating,1,3109.399468085106
13819,30,11,2109.38,102,2024-01-11 10:52:33,2025-12-02 18:19:28,United Kingdom,191.7618181818182,691,2,4,1,241,Cannot Lose Them,0,3215.761426824297
13820,1,11,2371.7,117,2024-01-06 02:20:22,2025-12-31 20:50:16,United Kingdom,215.6090909090909,725,5,4,1,541,Loyal Customers,0,3215.761426824297
13821,4,11,3162.91,119,2024-02-29 14:37:27,2025-12-28 04:03:40,United Kingdom,287.5372727272727,667,5,4,3,543,Loyal Customers,0,3215.761426824297
13822,58,11,3372.83,142,2024-01-07 09:29:43,2025-11-04 18:48:10,United Kingdom,306.6209090909091,667,1,4,4,144,Cannot Lose Them,0,3215.761426824297
13823,12,11,2227.65,107,2024-01-27 11:11:12,2025-12-20 11:17:42,United Kingdom,202.51363636363638,693,4,4,1,441,Loyal Customers,0,3215.761426824297
13824,1,11,2299.91,107,2024-01-07 03:37:35,2025-12-31 00:37:00,United Kingdom,209.08272727272725,723,5,4,1,541,Loyal Customers,0,3215.761426824297
13825,10,11,3005.31,121,2024-02-24 17:42:07,2025-12-22 21:38:31,United Kingdom,273.21,667,4,4,3,443,Loyal Customers,0,3215.761426824297
13826,23,11,2547.82,124,2024-02-10 05:14:15,2025-12-09 11:50:10,United Kingdom,231.62,668,2,4,2,242,Cannot Lose Them,0,3215.761426824297
13827,3,11,3046.75,124,2024-02-02 23:42:08,2025-12-29 14:41:05,United Kingdom,276.97727272727275,695,5,4,3,543,Loyal Customers,0,3215.761426824297
13828,8,11,3106.9,115,2024-01-10 23:42:24,2025-12-24 20:52:27,United Kingdom,282.44545454545454,713,4,4,3,443,Loyal Customers,0,3215.761426824297
13829,18,11,3417.29,129,2024-01-16 05:09:24,2025-12-14 12:43:20,United Kingdom,310.6627272727273,698,3,4,4,344,Loyal Customers,0,3215.761426824297
13830,25,11,4381.73,134,2024-01-04 02:32:38,2025-12-07 20:58:40,United Kingdom,398.3390909090909,703,2,4,5,245,Cannot Lose Them,0,3215.761426824297
13831,5,11,3347.8399999999997,126,2024-02-13 13:46:22,2025-12-27 02:47:59,United Kingdom,304.3490909090909,682,5,4,4,544,Champions,0,3215.761426824297
13832,10,11,2929.5,121,2024-04-23 08:01:23,2025-12-22 04:45:18,United Kingdom,266.3181818181818,607,4,4,3,443,Loyal Customers,0,3215.761426824297
13833,14,11,2657.52,115,2024-01-03 04:49:49,2025-12-18 05:52:35,United Kingdom,241.59272727272727,715,3,4,2,342,Loyal Customers,0,3215.761426824297
13834,12,11,3271.53,112,2024-01-16 07:05:16,2025-12-20 12:38:37,United Kingdom,297.4118181818182,704,4,4,4,444,Champions,0,3215.761426824297
13835,20,11,2874.02,110,2024-01-19 00:34:49,2025-12-12 00:02:39,United Kingdom,261.27454545454543,692,3,4,3,343,Loyal Customers,0,3215.761426824297
13836,5,11,2573.67,105,2024-01-04 18:49:24,2025-12-27 02:13:51,United Kingdom,233.97,722,5,4,2,542,Loyal Customers,0,3215.761426824297
13837,8,11,4123.03,144,2024-01-04 09:32:11,2025-12-24 14:48:29,United Kingdom,374.8209090909091,720,4,4,5,445,Champions,0,3215.761426824297
13838,44,11,2964.7,104,2024-03-19 12:02:11,2025-11-18 12:22:29,United Kingdom,269.5181818181818,609,1,4,3,143,Cannot Lose Them,0,3215.761426824297
13839,40,11,2384.98,109,2024-01-05 12:36:53,2025-11-22 18:58:53,United Kingdom,216.81636363636363,687,1,4,1,141,Cannot Lose Them,0,3215.761426824297
13840,16,11,3613.38,113,2024-01-08 19:19:36,2025-12-16 23:50:55,United Kingdom,328.4890909090909,708,3,4,4,344,Loyal Customers,0,3215.761426824297
13841,39,11,3143.88,110,2024-01-09 03:06:55,2025-11-23 18:26:47,United Kingdom,285.80727272727273,684,1,4,3,143,Cannot Lose Them,0,3215.761426824297
13842,6,11,5707.04,165,2024-01-03 10:17:13,2025-12-26 21:36:49,United Kingdom,518.8218181818182,723,4,4,5,445,Champions,0,3215.761426824297
13843,27,11,5972.49,141,2024-01-03 19:26:46,2025-12-05 00:26:14,United Kingdom,542.9536363636363,701,2,4,5,245,Cannot Lose Them,0,3215.761426824297
13844,3,11,2446.06,120,2024-01-03 20:56:56,2025-12-29 01:30:50,United Kingdom,222.36909090909091,725,5,4,1,541,Loyal Customers,0,3215.761426824297
13845,30,11,2941.94,106,2024-01-17 01:20:09,2025-12-02 08:06:38,United Kingdom,267.4490909090909,685,2,4,3,243,Cannot Lose Them,0,3215.761426824297
13846,56,11,2485.26,111,2024-01-07 00:42:58,2025-11-06 07:38:57,United Kingdom,225.9327272727273,669,1,4,2,142,Cannot Lose Them,0,3215.761426824297
13847,3,11,2645.06,103,2024-01-27 04:20:03,2025-12-29 07:14:42,United Kingdom,240.46,702,5,4,2,542,Loyal Customers,0,3215.761426824297
13848,46,11,3375.08,130,2024-01-23 17:37:53,2025-11-16 06:17:37,United Kingdom,306.82545454545453,662,1,4,4,144,Cannot Lose Them,0,3215.761426824297
13849,6,11,2976.05,121,2024-01-07 01:33:52,2025-12-26 00:19:41,United Kingdom,270.55,718,4,4,3,443,Loyal Customers,0,3215.761426824297
13850,4,10,3385.57,126,2024-01-19 14:13:51,2025-12-28 03:45:39,United Kingdom,338.557,708,5,1,4,514,New / Promising,1,3109.399468085106
13851,125,11,2851.63,116,2024-02-06 22:47:28,2025-08-29 22:14:43,United Kingdom,259.2390909090909,569,1,4,3,143,Cannot Lose Them,0,3215.761426824297
13852,13,11,2346.8,102,2024-02-20 19:29:38,2025-12-19 13:57:37,United Kingdom,213.34545454545457,667,3,4,1,341,Loyal Customers,0,3215.761426824297
13853,6,11,4054.68,150,2024-02-15 07:55:20,2025-12-26 12:20:34,United Kingdom,368.6072727272727,680,4,4,5,445,Champions,0,3215.761426824297
13854,6,11,2098.2,109,2024-01-22 06:55:23,2025-12-26 03:10:10,United Kingdom,190.74545454545452,703,4,4,1,441,Loyal Customers,0,3215.761426824297
13855,112,11,3061.16,108,2024-01-02 16:18:40,2025-09-11 07:44:10,United Kingdom,278.2872727272727,617,1,4,3,143,Cannot Lose Them,0,3215.761426824297
13856,17,11,3177.93,100,2024-01-02 20:45:24,2025-12-15 21:11:28,United Kingdom,288.90272727272725,713,3,4,3,343,Loyal Customers,0,3215.761426824297
13857,31,11,3294.9,120,2024-02-22 20:27:49,2025-12-01 11:06:43,United Kingdom,299.53636363636366,647,2,4,4,244,Cannot Lose Them,0,3215.761426824297
13858,42,10,4096.5,121,2024-01-06 12:07:35,2025-11-20 01:42:33,United Kingdom,409.65,683,1,1,5,115,Hibernating,1,3109.399468085106
13859,24,11,3148.27,119,2024-01-12 04:22:55,2025-12-08 12:22:57,United Kingdom,286.2063636363636,696,2,4,3,243,Cannot Lose Them,0,3215.761426824297
13860,4,11,3442.1,114,2024-05-07 12:18:57,2025-12-28 20:22:58,United Kingdom,312.91818181818184,600,5,4,4,544,Champions,0,3215.761426824297
13861,36,11,2396.24,99,2024-02-13 18:06:28,2025-11-26 23:04:34,United Kingdom,217.83999999999997,652,2,4,1,241,Cannot Lose Them,0,3215.761426824297
13862,4,11,1676.07,85,2024-01-03 08:43:47,2025-12-28 11:50:11,United Kingdom,152.37,725,5,4,1,541,Loyal Customers,0,3215.761426824297
13863,59,11,3224.44,116,2024-01-05 07:43:14,2025-11-03 17:28:25,United Kingdom,293.1309090909091,668,1,4,4,144,Cannot Lose Them,0,3215.761426824297
13864,5,11,3273.48,121,2024-01-09 20:48:49,2025-12-27 00:12:19,United Kingdom,297.5890909090909,717,5,4,4,544,Champions,0,3215.761426824297
13865,4,11,3545.75,136,2024-01-03 20:55:10,2025-12-28 00:55:46,United Kingdom,322.34090909090907,724,5,4,4,544,Champions,0,3215.761426824297
13866,23,11,2967.59,110,2024-01-20 09:41:35,2025-12-09 20:42:07,United Kingdom,269.7809090909091,689,2,4,3,243,Cannot Lose Them,0,3215.761426824297
13867,24,11,2261.2400000000002,110,2024-02-14 00:38:58,2025-12-08 09:15:04,United Kingdom,205.56727272727275,663,2,4,1,241,Cannot Lose Them,0,3215.761426824297
13868,59,11,3137.94,112,2024-02-03 21:12:47,2025-11-03 20:03:21,United Kingdom,285.2672727272727,638,1,4,3,143,Cannot Lose Them,0,3215.761426824297
13869,11,11,2686.1,114,2024-01-19 03:59:47,2025-12-21 19:15:48,United Kingdom,244.1909090909091,702,4,4,2,442,Loyal Customers,0,3215.761426824297
13870,26,11,2409.34,115,2024-01-01 01:53:37,2025-12-06 23:34:32,United Kingdom,219.0309090909091,705,2,4,1,241,Cannot Lose Them,0,3215.761426824297
13871,8,11,5842.89,137,2024-01-03 06:36:33,2025-12-24 11:01:20,United Kingdom,531.1718181818183,721,4,4,5,445,Champions,0,3215.761426824297
13872,4,11,4181.150000000001,129,2024-04-26 14:53:19,2025-12-28 09:00:28,United Kingdom,380.10454545454553,610,5,4,5,545,Champions,0,3215.761426824297
13873,5,11,2954.99,111,2024-01-11 13:48:50,2025-12-27 14:14:38,United Kingdom,268.63545454545454,716,5,4,3,543,Loyal Customers,0,3215.761426824297
13874,23,11,2365.71,109,2024-01-17 23:07:36,2025-12-09 04:07:51,United Kingdom,215.06454545454545,691,2,4,1,241,Cannot Lose Them,0,3215.761426824297
13875,15,11,2969.7,118,2024-01-13 07:56:10,2025-12-17 21:53:02,United Kingdom,269.97272727272724,704,3,4,3,343,Loyal Customers,0,3215.761426824297
13876,1,11,2589.25,123,2024-02-20 03:48:11,2025-12-31 05:58:26,United Kingdom,235.38636363636363,680,5,4,2,542,Loyal Customers,0,3215.761426824297
13877,6,11,3034.35,114,2024-01-07 20:38:35,2025-12-26 18:40:24,United Kingdom,275.84999999999997,718,4,4,3,443,Loyal Customers,0,3215.761426824297
13878,19,11,2482.12,111,2024-02-22 14:36:50,2025-12-13 02:03:51,United Kingdom,225.6472727272727,659,3,4,2,342,Loyal Customers,0,3215.761426824297
13879,43,11,3800.46,133,2024-01-19 12:28:55,2025-11-19 03:38:22,United Kingdom,345.49636363636364,669,1,4,4,144,Cannot Lose Them,0,3215.761426824297
13880,67,11,2395.85,115,2024-01-01 19:01:16,2025-10-26 01:49:02,United Kingdom,217.80454545454543,663,1,4,1,141,Cannot Lose Them,0,3215.761426824297
13881,41,11,3283.15,110,2024-01-15 09:51:10,2025-11-21 21:49:38,United Kingdom,298.46818181818185,676,1,4,4,144,Cannot Lose Them,0,3215.761426824297
13882,4,11,2674.55,119,2024-01-30 22:19:45,2025-12-28 02:12:47,United Kingdom,243.1409090909091,697,5,4,2,542,Loyal Customers,0,3215.761426824297
13883,8,11,3407.21,121,2024-01-14 21:56:55,2025-12-24 23:07:07,United Kingdom,309.74636363636364,710,4,4,4,444,Champions,0,3215.761426824297
13884,94,11,3100.45,116,2024-03-05 22:28:12,2025-09-29 19:27:12,United Kingdom,281.85909090909087,572,1,4,3,143,Cannot Lose Them,0,3215.761426824297
13885,6,11,4262.58,132,2024-02-01 22:39:40,2025-12-26 20:07:09,United Kingdom,387.5072727272727,693,4,4,5,445,Champions,0,3215.761426824297
13886,22,11,2422.09,106,2024-03-01 06:19:57,2025-12-10 08:44:02,United Kingdom,220.19000000000003,649,3,4,1,341,Loyal Customers,0,3215.761426824297
13887,2,11,4656.01,152,2024-01-19 08:27:43,2025-12-30 18:16:15,United Kingdom,423.2736363636364,711,5,4,5,545,Champions,0,3215.761426824297
13888,58,11,4325.71,139,2024-01-03 10:26:49,2025-11-04 17:13:42,United Kingdom,393.24636363636364,671,1,4,5,145,Cannot Lose Them,0,3215.761426824297
13889,29,11,3799.6000000000004,129,2024-01-12 16:46:57,2025-12-03 09:02:32,United Kingdom,345.41818181818184,690,2,4,4,244,Cannot Lose Them,0,3215.761426824297
13890,34,11,2486.89,122,2024-01-15 19:15:46,2025-11-28 17:49:45,United Kingdom,226.08090909090907,682,2,4,2,242,Cannot Lose Them,0,3215.761426824297
13891,9,11,2236.9,100,2024-01-17 03:42:03,2025-12-23 11:57:13,United Kingdom,203.35454545454547,706,4,4,1,441,Loyal Customers,0,3215.761426824297
13892,1,11,2510.43,107,2024-01-26 20:07:05,2025-12-31 09:31:18,United Kingdom,228.2209090909091,704,5,4,2,542,Loyal Customers,0,3215.761426824297
13893,33,11,5254.88,156,2024-01-11 21:23:23,2025-11-29 22:16:07,United Kingdom,477.71636363636367,688,2,4,5,245,Cannot Lose Them,0,3215.761426824297
13894,5,11,3348.98,124,2024-01-14 04:57:00,2025-12-27 21:39:54,United Kingdom,304.45272727272726,713,5,4,4,544,Champions,0,3215.761426824297
13895,50,11,2509.08,122,2024-01-12 12:18:56,2025-11-12 09:18:35,United Kingdom,228.0981818181818,669,1,4,2,142,Cannot Lose Them,0,3215.761426824297
13896,27,11,4004.19,136,2024-01-13 15:38:59,2025-12-05 15:08:23,United Kingdom,364.0172727272727,691,2,4,5,245,Cannot Lose Them,0,3215.761426824297
13897,16,11,2974.4900000000002,110,2024-02-07 02:36:25,2025-12-16 00:27:10,United Kingdom,270.40818181818184,677,3,4,3,343,Loyal Customers,0,3215.761426824297
13898,5,11,2125.5,98,2024-01-06 14:20:14,2025-12-27 09:12:42,United Kingdom,193.22727272727272,720,5,4,1,541,Loyal Customers,0,3215.761426824297
13899,1,11,2238.51,95,2024-03-09 15:28:59,2025-12-31 03:07:20,United Kingdom,203.50090909090912,661,5,4,1,541,Loyal Customers,0,3215.761426824297
13900,24,11,3482.8900000000003,135,2024-01-25 18:59:35,2025-12-08 20:50:56,United Kingdom,316.6263636363637,683,2,4,4,244,Cannot Lose Them,0,3215.761426824297
13901,31,11,3613.59,128,2024-01-03 23:33:49,2025-12-01 05:56:05,United Kingdom,328.5081818181818,697,2,4,4,244,Cannot Lose Them,0,3215.761426824297
13902,21,11,3129.72,135,2024-01-07 15:41:22,2025-12-11 15:52:20,United Kingdom,284.52,704,3,4,3,343,Loyal Customers,0,3215.761426824297
13903,61,11,3847.41,125,2024-01-08 18:12:46,2025-11-01 14:41:57,United Kingdom,349.76454545454544,662,1,4,4,144,Cannot Lose Them,0,3215.761426824297
13904,5,11,2338.52,95,2024-01-08 10:21:51,2025-12-27 20:34:25,United Kingdom,212.59272727272727,719,5,4,1,541,Loyal Customers,0,3215.761426824297
13905,25,11,2376.54,115,2024-02-25 13:35:45,2025-12-07 07:50:04,United Kingdom,216.0490909090909,650,2,4,1,241,Cannot Lose Them,0,3215.761426824297
13906,91,11,2763.95,114,2024-01-10 12:11:30,2025-10-02 21:10:38,United Kingdom,251.2681818181818,631,1,4,2,142,Cannot Lose Them,0,3215.761426824297
13907,5,11,4613.85,134,2024-01-06 20:07:51,2025-12-27 00:30:27,United Kingdom,419.44090909090914,720,5,4,5,545,Champions,0,3215.761426824297
13908,11,11,2302.9300000000003,112,2024-01-29 06:40:31,2025-12-21 03:49:05,United Kingdom,209.35727272727274,691,4,4,1,441,Loyal Customers,0,3215.761426824297
13909,13,11,2476.34,105,2024-01-24 04:35:37,2025-12-19 00:57:34,United Kingdom,225.12181818181818,694,3,4,2,342,Loyal Customers,0,3215.761426824297
13910,4,11,2466.76,97,2024-01-27 13:03:06,2025-12-28 13:11:58,United Kingdom,224.25090909090912,701,5,4,2,542,Loyal Customers,0,3215.761426824297
13911,13,11,2346.94,119,2024-01-21 08:42:23,2025-12-19 15:32:43,United Kingdom,213.35818181818183,698,3,4,1,341,Loyal Customers,0,3215.761426824297
13912,3,11,2752.39,119,2024-02-10 15:03:21,2025-12-29 21:36:23,United Kingdom,250.21727272727273,688,5,4,2,542,Loyal Customers,0,3215.761426824297
13913,5,11,2884.94,132,2024-01-20 01:16:12,2025-12-27 21:12:12,United Kingdom,262.2672727272727,707,5,4,3,543,Loyal Customers,0,3215.761426824297
13914,5,11,2558.42,123,2024-01-05 17:38:12,2025-12-27 18:26:26,United Kingdom,232.58363636363637,722,5,4,2,542,Loyal Customers,0,3215.761426824297
13915,5,11,3651.28,120,2024-09-01 13:50:31,2025-12-27 10:36:06,United Kingdom,331.93454545454546,481,5,4,4,544,Champions,0,3215.761426824297
13916,72,11,3180.41,127,2024-01-03 03:29:15,2025-10-21 11:45:48,United Kingdom,289.1281818181818,657,1,4,3,143,Cannot Lose Them,0,3215.761426824297
13917,1,11,3880.51,120,2024-02-13 23:06:59,2025-12-31 19:09:58,United Kingdom,352.7736363636364,686,5,4,5,545,Champions,0,3215.761426824297
13918,25,11,3089.9,102,2024-01-04 18:44:51,2025-12-07 00:30:00,United Kingdom,280.90000000000003,702,2,4,3,243,Cannot Lose Them,0,3215.761426824297
13919,5,11,2169.88,110,2024-01-02 20:39:54,2025-12-27 10:00:49,United Kingdom,197.2618181818182,724,5,4,1,541,Loyal Customers,0,3215.761426824297
13920,69,11,2379.65,113,2024-01-10 02:41:12,2025-10-24 01:28:41,United Kingdom,216.3318181818182,652,1,4,1,141,Cannot Lose Them,0,3215.761426824297
13921,14,11,3499.88,127,2024-01-16 01:47:48,2025-12-18 14:24:53,United Kingdom,318.1709090909091,702,3,4,4,344,Loyal Customers,0,3215.761426824297
13922,5,11,3529.32,119,2024-03-05 23:59:03,2025-12-27 04:15:57,United Kingdom,320.84727272727275,661,5,4,4,544,Champions,0,3215.761426824297
13923,25,11,2088.65,100,2024-02-10 21:04:40,2025-12-07 02:49:46,United Kingdom,189.87727272727273,665,2,4,1,241,Cannot Lose Them,0,3215.761426824297
13924,42,11,2876.2999999999997,118,2024-03-08 23:29:35,2025-11-20 18:13:15,United Kingdom,261.48181818181814,621,1,4,3,143,Cannot Lose Them,0,3215.761426824297
13925,21,11,3953.71,135,2024-01-08 02:31:54,2025-12-11 23:26:47,United Kingdom,359.4281818181818,703,3,4,5,345,Loyal Customers,0,3215.761426824297
13926,12,11,5478.93,159,2024-01-09 04:34:11,2025-12-20 00:08:22,United Kingdom,498.0845454545455,710,4,4,5,445,Champions,0,3215.761426824297
13927,3,11,4801.58,157,2024-04-30 03:25:55,2025-12-29 12:30:58,United Kingdom,436.5072727272727,608,5,4,5,545,Champions,0,3215.761426824297
13928,3,11,2599.53,109,2024-01-16 03:24:41,2025-12-29 12:51:15,United Kingdom,236.3209090909091,713,5,4,2,542,Loyal Customers,0,3215.761426824297
13929,51,11,3977.17,133,2024-01-25 20:32:03,2025-11-11 20:34:04,United Kingdom,361.5609090909091,656,1,4,5,145,Cannot Lose Them,0,3215.761426824297
13930,6,11,2558.05,109,2024-02-08 03:08:40,2025-12-26 18:20:20,United Kingdom,232.55,687,4,4,2,442,Loyal Customers,0,3215.761426824297
13931,6,11,3825.24,143,2024-02-01 08:03:58,2025-12-26 03:59:21,Germany,347.7490909090909,693,4,4,4,444,Champions,0,3215.761426824297
13932,96,11,2240.71,100,2024-03-24 01:22:17,2025-09-27 20:11:56,United Kingdom,203.7009090909091,552,1,4,1,141,Cannot Lose Them,0,3215.761426824297
13933,60,11,2703.65,111,2024-02-03 20:30:40,2025-11-02 22:15:30,United Kingdom,245.78636363636363,638,1,4,2,142,Cannot Lose Them,0,3215.761426824297
13934,49,11,3112.0699999999997,116,2024-02-04 14:28:13,2025-11-13 16:25:43,United Kingdom,282.9154545454545,648,1,4,3,143,Cannot Lose Them,0,3215.761426824297
13935,39,11,5303.04,146,2024-01-12 14:25:37,2025-11-23 02:07:38,United Kingdom,482.0945454545454,680,1,4,5,145,Cannot Lose Them,0,3215.761426824297
13936,139,11,3151.93,119,2024-01-16 14:10:39,2025-08-15 22:33:44,United Kingdom,286.5390909090909,577,1,4,3,143,Cannot Lose Them,0,3215.761426824297
13937,6,11,1750.63,97,2024-02-15 17:06:09,2025-12-26 15:16:16,United Kingdom,159.14818181818183,679,4,4,1,441,Loyal Customers,0,3215.761426824297
13938,31,11,1875.17,103,2024-01-21 16:30:37,2025-12-01 06:14:55,United Kingdom,170.47,679,2,4,1,241,Cannot Lose Them,0,3215.761426824297
13939,9,11,2486.9,114,2024-02-09 21:49:02,2025-12-23 16:51:00,United Kingdom,226.0818181818182,682,4,4,2,442,Loyal Customers,0,3215.761426824297
13940,20,11,5239.75,148,2024-01-14 01:32:35,2025-12-12 10:30:57,United Kingdom,476.34090909090907,698,3,4,5,345,Loyal Customers,0,3215.761426824297
13941,26,11,2443.46,96,2024-01-03 05:14:12,2025-12-06 11:55:57,United Kingdom,222.13272727272727,703,2,4,1,241,Cannot Lose Them,0,3215.761426824297
13942,7,11,2144.78,104,2024-01-04 17:50:02,2025-12-25 16:46:19,United Kingdom,194.98000000000002,720,4,4,1,441,Loyal Customers,0,3215.761426824297
13943,37,11,2805.73,101,2024-03-01 05:22:28,2025-11-25 18:13:52,United Kingdom,255.06636363636363,634,2,4,2,242,Cannot Lose Them,0,3215.761426824297
13944,10,11,3408.44,126,2024-04-17 07:12:27,2025-12-22 23:11:21,United Kingdom,309.85818181818183,614,4,4,4,444,Champions,0,3215.761426824297
13945,64,11,3400.9300000000003,123,2024-01-26 04:22:16,2025-10-29 23:21:15,United Kingdom,309.17545454545456,642,1,4,4,144,Cannot Lose Them,0,3215.761426824297
13946,1,11,3489.71,126,2024-01-25 04:41:54,2025-12-31 14:40:45,United Kingdom,317.24636363636364,706,5,4,4,544,Champions,0,3215.761426824297
13947,18,11,3178.23,129,2024-01-15 02:38:52,2025-12-14 18:45:48,United Kingdom,288.93,699,3,4,3,343,Loyal Customers,0,3215.761426824297
13948,5,11,2217.79,112,2024-01-20 20:22:57,2025-12-27 21:18:48,United Kingdom,201.61727272727273,707,5,4,1,541,Loyal Customers,0,3215.761426824297
13949,59,11,2284.33,118,2024-01-04 08:06:52,2025-11-03 03:50:55,United Kingdom,207.66636363636363,668,1,4,1,141,Cannot Lose Them,0,3215.761426824297
13950,24,11,5011.56,134,2024-01-30 06:14:38,2025-12-08 22:01:40,United Kingdom,455.59636363636366,678,2,4,5,245,Cannot Lose Them,0,3215.761426824297
13951,21,11,6565.72,149,2024-03-16 22:13:03,2025-12-11 22:16:13,United Kingdom,596.8836363636364,635,3,4,5,345,Loyal Customers,0,3215.761426824297
13952,32,11,2973.58,123,2024-02-08 19:29:31,2025-11-30 19:31:00,United Kingdom,270.32545454545453,661,2,4,3,243,Cannot Lose Them,0,3215.761426824297
13953,13,11,1965.5700000000002,96,2024-02-06 05:17:51,2025-12-19 02:25:32,United Kingdom,178.68818181818185,681,3,4,1,341,Loyal Customers,0,3215.761426824297
13954,10,11,3021.6,133,2024-01-20 07:59:30,2025-12-22 14:47:03,United Kingdom,274.6909090909091,702,4,4,3,443,Loyal Customers,0,3215.761426824297
13955,6,11,2845.76,128,2024-03-10 07:03:57,2025-12-26 04:57:09,United Kingdom,258.7054545454546,655,4,4,3,443,Loyal Customers,0,3215.761426824297
13956,2,11,1916.48,93,2024-02-02 12:34:34,2025-12-30 03:44:28,United Kingdom,174.22545454545454,696,5,4,1,541,Loyal Customers,0,3215.761426824297
13957,17,11,2413.87,106,2024-02-01 08:20:10,2025-12-15 14:01:27,United Kingdom,219.44272727272727,683,3,4,1,341,Loyal Customers,0,3215.761426824297
13958,27,11,2841.57,107,2024-03-04 16:28:11,2025-12-05 11:22:16,United Kingdom,258.32454545454544,640,2,4,3,243,Cannot Lose Them,0,3215.761426824297
13959,30,11,2969.82,127,2024-01-06 22:09:10,2025-12-02 17:59:23,United Kingdom,269.9836363636364,695,2,4,3,243,Cannot Lose Them,0,3215.761426824297
13960,45,11,5299.46,162,2024-01-03 08:17:35,2025-11-17 07:40:54,United Kingdom,481.7690909090909,683,1,4,5,145,Cannot Lose Them,0,3215.761426824297
13961,18,11,3113.82,110,2024-01-10 02:35:14,2025-12-14 19:03:47,United Kingdom,283.07454545454544,704,3,4,3,343,Loyal Customers,0,3215.761426824297
13962,4,10,2912.15,113,2024-01-31 13:38:32,2025-12-28 16:28:53,United Kingdom,291.21500000000003,697,5,1,3,513,New / Promising,1,3109.399468085106
13963,2,11,3097.16,120,2024-01-03 08:28:06,2025-12-30 10:21:20,United Kingdom,281.56,727,5,4,3,543,Loyal Customers,0,3215.761426824297
13964,72,11,2479.77,101,2024-01-02 06:40:04,2025-10-21 02:06:16,United Kingdom,225.43363636363637,657,1,4,2,142,Cannot Lose Them,0,3215.761426824297
13965,26,11,3833.49,130,2024-01-18 16:57:20,2025-12-06 02:21:33,United Kingdom,348.4990909090909,687,2,4,4,244,Cannot Lose Them,0,3215.761426824297
13966,107,11,2728.05,108,2024-01-23 17:40:49,2025-09-16 15:15:19,United Kingdom,248.00454545454548,601,1,4,2,142,Cannot Lose Them,0,3215.761426824297
13967,21,11,2812.14,111,2024-02-06 13:19:48,2025-12-11 16:11:59,United Kingdom,255.6490909090909,674,3,4,2,342,Loyal Customers,0,3215.761426824297
13968,7,11,2768.5,104,2024-03-05 19:34:52,2025-12-25 04:20:28,United Kingdom,251.6818181818182,659,4,4,2,442,Loyal Customers,0,3215.761426824297
13969,6,11,2816.36,121,2024-01-18 04:22:16,2025-12-26 04:02:04,United Kingdom,256.0327272727273,707,4,4,2,442,Loyal Customers,0,3215.761426824297
13970,9,11,2364.06,110,2024-01-06 02:19:16,2025-12-23 10:05:27,United Kingdom,214.91454545454545,717,4,4,1,441,Loyal Customers,0,3215.761426824297
13971,21,11,2457.55,108,2024-01-28 20:55:26,2025-12-11 07:53:04,United Kingdom,223.41363636363639,682,3,4,2,342,Loyal Customers,0,3215.761426824297
13972,42,11,2972.81,114,2024-03-08 12:59:42,2025-11-20 10:06:04,United Kingdom,270.25545454545454,621,1,4,3,143,Cannot Lose Them,0,3215.761426824297
13973,11,11,2090.21,98,2024-02-23 10:01:22,2025-12-21 11:26:46,United Kingdom,190.01909090909092,667,4,4,1,441,Loyal Customers,0,3215.761426824297
13974,24,11,5756.68,153,2024-02-27 16:47:37,2025-12-08 02:26:09,United Kingdom,523.3345454545455,649,2,4,5,245,Cannot Lose Them,0,3215.761426824297
13975,8,11,2906.32,133,2024-01-08 17:43:50,2025-12-24 09:13:29,United Kingdom,264.2109090909091,715,4,4,3,443,Loyal Customers,0,3215.761426824297
13976,1,11,4010.51,128,2024-01-24 20:52:40,2025-12-31 11:43:06,United Kingdom,364.5918181818182,706,5,4,5,545,Champions,0,3215.761426824297
13977,47,11,2549.2799999999997,107,2024-02-18 17:22:22,2025-11-15 22:38:22,United Kingdom,231.75272727272724,636,1,4,2,142,Cannot Lose Them,0,3215.761426824297
13978,63,11,2097.58,103,2024-01-21 20:44:55,2025-10-30 12:37:57,United Kingdom,190.6890909090909,647,1,4,1,141,Cannot Lose Them,0,3215.761426824297
13979,48,11,2103.61,107,2024-01-06 20:50:49,2025-11-14 02:57:53,United Kingdom,191.23727272727274,677,1,4,1,141,Cannot Lose Them,0,3215.761426824297
13980,33,11,2505.54,110,2024-01-20 17:40:25,2025-11-29 16:11:21,United Kingdom,227.77636363636364,678,2,4,2,242,Cannot Lose Them,0,3215.761426824297
13981,14,11,2103.48,96,2024-01-26 08:40:04,2025-12-18 10:50:00,United Kingdom,191.22545454545454,692,3,4,1,341,Loyal Customers,0,3215.761426824297
13982,23,11,1850.01,93,2024-01-22 20:57:33,2025-12-09 12:40:05,United Kingdom,168.18272727272728,686,2,4,1,241,Cannot Lose Them,0,3215.761426824297
13983,6,11,2929.47,112,2024-01-12 23:35:43,2025-12-26 21:16:09,United Kingdom,266.31545454545454,713,4,5,3,453,Loyal Customers,0,3215.761426824297
13984,8,11,3075.7,108,2024-02-11 15:48:43,2025-12-24 02:59:43,United Kingdom,279.60909090909087,681,4,5,3,453,Loyal Customers,0,3215.761426824297
13985,10,11,5011.29,148,2024-03-15 21:17:27,2025-12-22 20:08:58,United Kingdom,455.5718181818182,646,4,5,5,455,Champions,0,3215.761426824297
13986,33,11,3075.17,135,2024-01-13 13:54:18,2025-11-29 07:48:59,United Kingdom,279.5609090909091,685,2,5,3,253,Cannot Lose Them,0,3215.761426824297
13987,14,11,2460.68,112,2024-01-05 19:47:49,2025-12-18 12:52:31,United Kingdom,223.6981818181818,712,3,5,2,352,Loyal Customers,0,3215.761426824297
13988,59,11,2651.4,119,2024-01-13 07:05:59,2025-11-03 17:06:19,United Kingdom,241.03636363636363,660,1,5,2,152,Cannot Lose Them,0,3215.761426824297
13989,78,11,3482.78,135,2024-03-01 20:54:56,2025-10-15 03:32:32,United Kingdom,316.61636363636364,592,1,5,4,154,Cannot Lose Them,0,3215.761426824297
13990,22,11,3119.09,126,2024-01-22 21:52:53,2025-12-10 17:35:22,United Kingdom,283.5536363636364,687,3,5,3,353,Loyal Customers,0,3215.761426824297
13991,2,10,2810.77,112,2024-01-05 01:45:19,2025-12-30 04:30:15,United Kingdom,281.077,725,5,1,2,512,New / Promising,1,3109.399468085106
13992,1,11,3630.47,128,2024-02-08 11:01:37,2025-12-31 13:47:00,United Kingdom,330.04272727272723,692,5,5,4,554,Champions,0,3215.761426824297
13993,37,11,2451.89,123,2024-01-08 21:05:26,2025-11-25 12:36:45,United Kingdom,222.8990909090909,686,2,5,1,251,Cannot Lose Them,0,3215.761426824297
13994,1,11,2368.72,104,2024-01-03 07:40:38,2025-12-31 01:16:26,United Kingdom,215.3381818181818,727,5,5,1,551,Loyal Customers,0,3215.761426824297
13995,37,11,1957.57,98,2024-03-21 20:16:14,2025-11-25 14:07:31,United Kingdom,177.9609090909091,613,2,5,1,251,Cannot Lose Them,0,3215.761426824297
13996,36,11,5121.25,142,2024-01-14 13:02:16,2025-11-26 22:55:01,United Kingdom,465.5681818181818,682,2,5,5,255,Cannot Lose Them,0,3215.761426824297
13997,1,11,3539.84,122,2024-02-01 03:48:37,2025-12-31 19:05:52,United Kingdom,321.8036363636364,699,5,5,4,554,Champions,0,3215.761426824297
13998,26,11,2067.87,102,2024-01-13 10:17:31,2025-12-06 11:28:17,United Kingdom,187.9881818181818,693,2,5,1,251,Cannot Lose Them,0,3215.761426824297
13999,13,11,3181.68,119,2024-02-11 01:48:51,2025-12-19 19:32:02,United Kingdom,289.24363636363637,677,3,5,3,353,Loyal Customers,0,3215.761426824297
14000,24,11,2554.31,110,2024-01-07 21:14:37,2025-12-08 17:03:02,United Kingdom,232.21,700,2,5,2,252,Cannot Lose Them,0,3215.761426824297
14001,62,11,4251.95,137,2024-01-04 17:56:41,2025-10-31 05:15:47,United Kingdom,386.54090909090905,665,1,5,5,155,Cannot Lose Them,0,3215.761426824297
14002,4,11,4152.01,129,2024-01-03 06:11:17,2025-12-28 01:08:13,United Kingdom,377.4554545454546,724,5,5,5,555,Champions,0,3215.761426824297
14003,10,11,3475.78,133,2024-02-11 08:40:17,2025-12-22 13:52:36,United Kingdom,315.98,680,4,5,4,454,Champions,0,3215.761426824297
14004,33,11,3444.73,121,2024-02-08 19:04:00,2025-11-29 00:25:45,United Kingdom,313.15727272727275,659,2,5,4,254,Cannot Lose Them,0,3215.761426824297
14005,1,11,3712.35,126,2024-02-04 13:52:27,2025-12-31 05:30:36,United Kingdom,337.48636363636365,695,5,5,4,554,Champions,0,3215.761426824297
14006,7,11,3493.33,137,2024-01-10 06:30:36,2025-12-25 15:18:30,United Kingdom,317.57545454545453,715,4,5,4,454,Champions,0,3215.761426824297
14007,35,11,3646.79,122,2024-01-02 08:41:52,2025-11-27 21:55:57,United Kingdom,331.5263636363636,695,2,5,4,254,Cannot Lose Them,0,3215.761426824297
14008,62,11,4038.39,131,2024-01-01 18:26:15,2025-10-31 02:49:06,United Kingdom,367.12636363636364,668,1,5,5,155,Cannot Lose Them,0,3215.761426824297
14009,24,11,2313.09,94,2024-03-18 23:15:00,2025-12-08 13:51:52,United Kingdom,210.2809090909091,629,2,5,1,251,Cannot Lose Them,0,3215.761426824297
14010,5,11,2790.46,100,2024-01-27 04:32:02,2025-12-27 01:52:19,United Kingdom,253.67818181818183,699,5,5,2,552,Loyal Customers,0,3215.761426824297
14011,88,11,5447.75,169,2024-01-11 20:47:10,2025-10-05 20:31:18,United Kingdom,495.25,632,1,5,5,155,Cannot Lose Them,0,3215.761426824297
14012,20,11,3318.17,124,2024-01-12 15:18:33,2025-12-12 16:25:57,United Kingdom,301.6518181818182,700,3,5,4,354,Loyal Customers,0,3215.761426824297
14013,54,11,3670.82,117,2024-01-17 13:37:42,2025-11-08 05:27:59,United Kingdom,333.7109090909091,660,1,5,4,154,Cannot Lose Them,0,3215.761426824297
14014,10,11,2435.19,114,2024-01-29 21:48:27,2025-12-22 10:11:34,United Kingdom,221.38090909090909,692,4,5,1,451,Loyal Customers,0,3215.761426824297
14015,27,11,3703.91,145,2024-02-07 16:50:54,2025-12-05 03:07:40,United Kingdom,336.7190909090909,666,2,5,4,254,Cannot Lose Them,0,3215.761426824297
14016,5,11,1900.36,106,2024-01-07 06:09:22,2025-12-27 20:16:47,United Kingdom,172.76,720,5,5,1,551,Loyal Customers,0,3215.761426824297
14017,6,11,2904.04,118,2024-02-02 19:49:21,2025-12-26 21:52:50,United Kingdom,264.00363636363636,693,4,5,3,453,Loyal Customers,0,3215.761426824297
14018,6,11,2597.4900000000002,108,2024-03-19 18:43:10,2025-12-26 01:44:14,United Kingdom,236.13545454545456,646,4,5,2,452,Loyal Customers,0,3215.761426824297
14019,58,11,2752.9500000000003,113,2024-01-09 14:40:12,2025-11-04 06:41:07,United Kingdom,250.26818181818183,664,1,5,2,152,Cannot Lose Them,0,3215.761426824297
14020,2,11,2310.37,123,2024-01-18 16:43:19,2025-12-30 21:23:21,United Kingdom,210.03363636363636,712,5,5,1,551,Loyal Customers,0,3215.761426824297
14021,31,11,3290.44,117,2024-02-01 08:09:40,2025-12-01 23:01:18,United Kingdom,299.1309090909091,669,2,5,4,254,Cannot Lose Them,0,3215.761426824297
14022,23,11,1907.0700000000002,104,2024-02-26 02:59:52,2025-12-09 13:52:42,United Kingdom,173.37,652,2,5,1,251,Cannot Lose Them,0,3215.761426824297
14023,1,11,2901.17,108,2024-02-21 20:24:31,2025-12-31 18:33:03,United Kingdom,263.7427272727273,678,5,5,3,553,Loyal Customers,0,3215.761426824297
14024,8,11,5102.22,162,2024-02-02 05:43:51,2025-12-24 16:50:55,United Kingdom,463.83818181818185,691,4,5,5,455,Champions,0,3215.761426824297
14025,70,11,2901.9900000000002,109,2024-01-10 03:24:41,2025-10-23 00:02:42,United Kingdom,263.8172727272727,651,1,5,3,153,Cannot Lose Them,0,3215.761426824297
14026,9,11,4386.37,153,2024-01-03 17:20:42,2025-12-23 08:39:14,United Kingdom,398.7609090909091,719,4,5,5,455,Champions,0,3215.761426824297
14027,11,11,1815.37,100,2024-01-24 18:27:57,2025-12-21 20:49:05,United Kingdom,165.03363636363636,697,4,5,1,451,Loyal Customers,0,3215.761426824297
14028,8,11,4763.08,143,2024-01-03 10:21:33,2025-12-24 13:54:17,United Kingdom,433.0072727272727,721,4,5,5,455,Champions,0,3215.761426824297
14029,15,11,2373.85,108,2024-01-16 09:50:46,2025-12-17 14:58:58,United Kingdom,215.80454545454543,701,3,5,1,351,Loyal Customers,0,3215.761426824297
14030,1,11,3484.78,134,2024-01-23 23:33:46,2025-12-31 13:22:53,United Kingdom,316.79818181818183,707,5,5,4,554,Champions,0,3215.761426824297
14031,13,11,2282.32,102,2024-01-17 21:43:01,2025-12-19 01:48:46,United Kingdom,207.48363636363638,701,3,5,1,351,Loyal Customers,0,3215.761426824297
14032,5,11,2982.83,128,2024-01-16 00:32:04,2025-12-27 06:41:29,United Kingdom,271.16636363636366,711,5,5,3,553,Loyal Customers,0,3215.761426824297
14033,14,11,2466.23,115,2024-01-18 23:38:34,2025-12-18 15:32:45,United Kingdom,224.2027272727273,699,3,5,2,352,Loyal Customers,0,3215.761426824297
14034,30,11,2739.25,112,2024-01-14 09:48:07,2025-12-02 13:57:30,United Kingdom,249.02272727272728,688,2,5,2,252,Cannot Lose Them,0,3215.761426824297
14035,31,11,3803.33,123,2024-01-23 05:44:31,2025-12-01 02:21:57,United Kingdom,345.7572727272727,677,2,5,4,254,Cannot Lose Them,0,3215.761426824297
14036,23,11,2230.42,95,2024-01-18 22:48:51,2025-12-09 07:39:12,United Kingdom,202.76545454545456,690,2,5,1,251,Cannot Lose Them,0,3215.761426824297
14037,21,11,2546.49,115,2024-01-08 03:39:57,2025-12-11 00:41:11,United Kingdom,231.49909090909088,702,3,5,2,352,Loyal Customers,0,3215.761426824297
14038,5,11,4007.76,126,2024-01-06 06:44:48,2025-12-27 01:21:29,United Kingdom,364.3418181818182,720,5,5,5,555,Champions,0,3215.761426824297
14039,15,11,2387.2200000000003,109,2024-01-17 20:05:52,2025-12-17 06:42:29,United Kingdom,217.02,699,3,5,1,351,Loyal Customers,0,3215.761426824297
14040,4,10,1973.3,93,2024-02-09 05:25:38,2025-12-28 13:42:15,United Kingdom,197.32999999999998,688,5,1,1,511,New / Promising,1,3109.399468085106
14041,79,11,2380.35,106,2024-01-30 13:12:26,2025-10-14 20:11:47,United Kingdom,216.39545454545453,623,1,5,1,151,Cannot Lose Them,0,3215.761426824297
14042,12,11,2874.02,105,2024-01-19 04:29:49,2025-12-20 01:08:56,United Kingdom,261.27454545454543,700,4,5,3,453,Loyal Customers,0,3215.761426824297
14043,14,11,3979.6899999999996,136,2024-02-01 21:42:37,2025-12-18 02:06:53,United Kingdom,361.78999999999996,685,3,5,5,355,Loyal Customers,0,3215.761426824297
14044,9,11,4478.26,133,2024-03-28 18:22:01,2025-12-23 21:02:41,United Kingdom,407.11454545454546,635,4,5,5,455,Champions,0,3215.761426824297
14045,25,11,3675.42,131,2024-01-31 17:02:49,2025-12-07 21:57:50,United Kingdom,334.1290909090909,676,2,5,4,254,Cannot Lose Them,0,3215.761426824297
14046,34,11,3974.96,132,2024-01-23 05:25:53,2025-11-28 16:23:53,United Kingdom,361.36,675,2,5,5,255,Cannot Lose Them,0,3215.761426824297
14047,2,11,2923.76,120,2024-01-16 02:02:50,2025-12-30 12:06:06,United Kingdom,265.79636363636365,714,5,5,3,553,Loyal Customers,0,3215.761426824297
14048,3,11,2906.16,123,2024-01-05 17:14:40,2025-12-29 09:42:31,United Kingdom,264.1963636363636,723,5,5,3,553,Loyal Customers,0,3215.761426824297
14049,9,11,3701.6,129,2024-01-24 18:13:19,2025-12-23 10:43:10,United Kingdom,336.5090909090909,698,4,5,4,454,Champions,0,3215.761426824297
14050,92,11,2398.68,98,2024-02-13 04:30:15,2025-10-01 18:21:26,United Kingdom,218.06181818181815,596,1,5,1,151,Cannot Lose Them,0,3215.761426824297
14051,10,11,4185.58,132,2024-03-08 00:00:04,2025-12-22 04:19:54,United Kingdom,380.5072727272727,654,4,5,5,455,Champions,0,3215.761426824297
14052,6,11,3306.68,122,2024-01-10 22:17:39,2025-12-26 11:57:23,United Kingdom,300.6072727272727,715,4,5,4,454,Champions,0,3215.761426824297
14053,7,11,1978.18,97,2024-01-03 02:46:39,2025-12-25 08:17:51,United Kingdom,179.83454545454546,722,4,5,1,451,Loyal Customers,0,3215.761426824297
14054,79,11,3643.67,134,2024-02-05 14:21:22,2025-10-14 11:24:01,United Kingdom,331.2427272727273,616,1,5,4,154,Cannot Lose Them,0,3215.761426824297
14055,49,11,2402.02,110,2024-02-11 17:42:27,2025-11-13 07:33:31,United Kingdom,218.36545454545455,640,1,5,1,151,Cannot Lose Them,0,3215.761426824297
14056,16,11,2207.8,99,2024-01-05 01:03:27,2025-12-16 22:02:48,United Kingdom,200.70909090909092,711,3,5,1,351,Loyal Customers,0,3215.761426824297
14057,27,11,6770.17,164,2024-03-24 05:56:16,2025-12-05 04:48:00,United Kingdom,615.47,620,2,5,5,255,Cannot Lose Them,0,3215.761426824297
14058,34,11,2718.2,119,2024-01-04 00:02:28,2025-11-28 23:20:32,United Kingdom,247.1090909090909,694,2,5,2,252,Cannot Lose Them,0,3215.761426824297
14059,1,11,1822.78,101,2024-04-19 23:40:03,2025-12-31 15:13:46,United Kingdom,165.70727272727274,620,5,5,1,551,Loyal Customers,0,3215.761426824297
14060,21,11,2543.4,109,2024-02-22 06:59:35,2025-12-11 05:40:53,United Kingdom,231.21818181818182,657,3,5,2,352,Loyal Customers,0,3215.761426824297
14061,2,11,3007.93,129,2024-01-15 16:53:19,2025-12-30 08:56:30,United Kingdom,273.4481818181818,714,5,5,3,553,Loyal Customers,0,3215.761426824297
14062,156,11,2642.85,115,2024-03-01 04:22:46,2025-07-29 02:59:56,United Kingdom,240.2590909090909,514,1,5,2,152,Cannot Lose Them,0,3215.761426824297
14063,5,11,2592.36,109,2024-02-06 10:19:44,2025-12-27 01:09:42,United Kingdom,235.66909090909093,689,5,5,2,552,Loyal Customers,0,3215.761426824297
14064,17,11,3046.75,112,2024-01-25 01:03:45,2025-12-15 12:50:54,United Kingdom,276.97727272727275,690,3,5,3,353,Loyal Customers,0,3215.761426824297
14065,60,11,2948.6,115,2024-03-08 06:42:26,2025-11-02 04:21:49,United Kingdom,268.05454545454546,603,1,5,3,153,Cannot Lose Them,0,3215.761426824297
14066,31,11,3940.43,132,2024-01-04 22:08:42,2025-12-01 00:30:39,United Kingdom,358.22090909090906,696,2,5,5,255,Cannot Lose Them,0,3215.761426824297
14067,13,11,3079.23,113,2024-01-27 10:22:08,2025-12-19 02:45:18,United Kingdom,279.93,691,3,5,3,353,Loyal Customers,0,3215.761426824297
14068,10,11,4584.12,137,2024-01-12 09:12:37,2025-12-22 09:38:57,United Kingdom,416.73818181818183,710,4,5,5,455,Champions,0,3215.761426824297
14069,23,11,2860.5699999999997,128,2024-03-01 14:20:21,2025-12-09 06:18:11,United Kingdom,260.05181818181813,647,2,5,3,253,Cannot Lose Them,0,3215.761426824297
14070,27,11,3194.56,117,2024-01-31 11:59:25,2025-12-05 01:11:35,United Kingdom,290.4145454545455,673,2,5,3,253,Cannot Lose Them,0,3215.761426824297
14071,15,11,4999.03,145,2024-01-12 02:54:25,2025-12-17 03:11:14,United Kingdom,454.4572727272727,705,3,5,5,355,Loyal Customers,0,3215.761426824297
14072,6,11,4541.09,136,2024-01-22 10:08:08,2025-12-26 08:44:29,United Kingdom,412.8263636363636,703,4,5,5,455,Champions,0,3215.761426824297
14073,19,11,3268.77,129,2024-05-31 14:10:26,2025-12-13 17:23:32,United Kingdom,297.1609090909091,561,3,5,4,354,Loyal Customers,0,3215.761426824297
14074,40,11,2766.38,107,2024-01-01 07:28:34,2025-11-22 11:42:53,United Kingdom,251.48909090909092,691,1,5,2,152,Cannot Lose Them,0,3215.761426824297
14075,8,11,3383.92,117,2024-01-22 21:56:46,2025-12-24 22:38:08,United Kingdom,307.6290909090909,702,4,5,4,454,Champions,0,3215.761426824297
14076,65,11,3122.87,124,2024-01-10 06:26:17,2025-10-28 13:36:28,United Kingdom,283.8972727272727,657,1,5,3,153,Cannot Lose Them,0,3215.761426824297
14077,4,11,4135.46,143,2024-04-04 20:35:02,2025-12-28 17:30:40,United Kingdom,375.9509090909091,632,5,5,5,555,Champions,0,3215.761426824297
14078,11,11,2188.59,92,2024-03-04 12:37:52,2025-12-21 23:04:50,United Kingdom,198.96272727272728,657,4,5,1,451,Loyal Customers,0,3215.761426824297
14079,38,11,2444.01,114,2024-01-18 22:00:21,2025-11-24 22:11:49,United Kingdom,222.1827272727273,676,1,5,1,151,Cannot Lose Them,0,3215.761426824297
14080,35,11,3131.58,110,2024-01-01 20:02:02,2025-11-27 04:19:38,United Kingdom,284.6890909090909,695,2,5,3,253,Cannot Lose Them,0,3215.761426824297
14081,53,11,2952.15,114,2024-01-31 04:19:28,2025-11-09 05:41:43,United Kingdom,268.3772727272727,648,1,5,3,153,Cannot Lose Them,0,3215.761426824297
14082,24,11,1974.02,111,2024-01-20 09:06:03,2025-12-08 01:24:43,United Kingdom,179.45636363636365,687,2,5,1,251,Cannot Lose Them,0,3215.761426824297
14083,9,11,2469.13,108,2024-01-08 14:40:38,2025-12-23 03:13:16,United Kingdom,224.46636363636364,714,4,5,2,452,Loyal Customers,0,3215.761426824297
14084,49,11,3110.56,119,2024-02-07 10:52:00,2025-11-13 10:41:05,United Kingdom,282.7781818181818,644,1,5,3,153,Cannot Lose Them,0,3215.761426824297
14085,16,11,2441.11,115,2024-01-10 09:14:04,2025-12-16 16:07:05,United Kingdom,221.91909090909093,706,3,5,1,351,Loyal Customers,0,3215.761426824297
14086,4,11,2628.39,111,2024-01-02 17:32:05,2025-12-28 02:49:11,United Kingdom,238.94454545454545,725,5,5,2,552,Loyal Customers,0,3215.761426824297
14087,12,11,3089.0,128,2024-01-28 23:16:16,2025-12-20 07:08:02,United Kingdom,280.8181818181818,691,4,5,3,453,Loyal Customers,0,3215.761426824297
14088,18,11,3042.8,125,2024-02-09 22:27:40,2025-12-14 15:10:05,United Kingdom,276.6181818181818,673,3,5,3,353,Loyal Customers,0,3215.761426824297
14089,15,11,2352.06,98,2024-01-13 10:50:54,2025-12-17 01:43:22,United Kingdom,213.82363636363635,703,3,5,1,351,Loyal Customers,0,3215.761426824297
14090,21,11,3683.4,122,2024-03-11 06:58:11,2025-12-11 09:11:58,United Kingdom,334.8545454545455,640,3,5,4,354,Loyal Customers,0,3215.761426824297
14091,15,11,4210.93,134,2024-01-27 13:33:19,2025-12-17 08:45:07,United Kingdom,382.8118181818182,689,3,5,5,355,Loyal Customers,0,3215.761426824297
14092,11,11,3488.36,130,2024-01-25 02:17:58,2025-12-21 01:42:00,United Kingdom,317.12363636363636,695,4,5,4,454,Champions,0,3215.761426824297
14093,86,11,2742.51,129,2024-01-03 07:55:34,2025-10-07 12:13:54,United Kingdom,249.31909090909093,643,1,5,2,152,Cannot Lose Them,0,3215.761426824297
14094,5,11,2678.5,116,2024-02-06 23:32:38,2025-12-27 10:48:12,United Kingdom,243.5,689,5,5,2,552,Loyal Customers,0,3215.761426824297
14095,17,11,2329.72,113,2024-01-01 08:36:31,2025-12-15 14:41:50,United Kingdom,211.79272727272726,714,3,5,1,351,Loyal Customers,0,3215.761426824297
14096,31,11,3950.48,121,2024-01-28 00:26:35,2025-12-01 23:33:47,United Kingdom,359.13454545454545,673,2,5,5,255,Cannot Lose Them,0,3215.761426824297
14097,6,11,2668.62,109,2024-01-11 11:40:37,2025-12-26 23:25:59,United Kingdom,242.60181818181817,715,4,5,2,452,Loyal Customers,0,3215.761426824297
14098,51,11,2621.43,115,2024-01-11 08:30:06,2025-11-11 00:32:24,Ireland,238.31181818181815,669,1,5,2,152,Cannot Lose Them,0,3215.761426824297
14099,23,11,2086.52,113,2024-01-04 12:36:54,2025-12-09 05:11:33,United Kingdom,189.68363636363637,704,2,5,1,251,Cannot Lose Them,0,3215.761426824297
14100,43,11,4057.94,116,2024-01-17 00:28:42,2025-11-19 11:48:50,United Kingdom,368.9036363636364,672,1,5,5,155,Cannot Lose Them,0,3215.761426824297
14101,18,11,2609.18,118,2024-01-16 21:09:27,2025-12-14 11:51:32,United Kingdom,237.1981818181818,697,3,5,2,352,Loyal Customers,0,3215.761426824297
14102,31,11,2645.3,108,2024-01-01 02:44:35,2025-12-01 10:24:13,United Kingdom,240.4818181818182,700,2,5,2,252,Cannot Lose Them,0,3215.761426824297
14103,18,11,3127.96,114,2024-03-11 06:55:27,2025-12-14 18:01:40,United Kingdom,284.36,643,3,5,3,353,Loyal Customers,0,3215.761426824297
14104,27,11,3546.19,127,2024-01-07 15:14:54,2025-12-05 11:20:47,United Kingdom,322.3809090909091,697,2,5,4,254,Cannot Lose Them,0,3215.761426824297
14105,7,10,3171.5,114,2024-01-17 23:16:57,2025-12-25 21:26:56,United Kingdom,317.15,707,4,1,3,413,New / Promising,1,3109.399468085106
14106,41,11,2291.86,100,2024-01-08 12:52:49,2025-11-21 06:38:13,United Kingdom,208.3509090909091,682,1,5,1,151,Cannot Lose Them,0,3215.761426824297
14107,3,11,3049.32,119,2024-01-21 13:53:49,2025-12-29 01:41:00,United Kingdom,277.2109090909091,707,5,5,3,553,Loyal Customers,0,3215.761426824297
14108,52,11,2294.29,104,2024-02-16 07:17:05,2025-11-10 05:04:35,United Kingdom,208.57181818181817,632,1,5,1,151,Cannot Lose Them,0,3215.761426824297
14109,37,11,4296.55,146,2024-01-22 22:24:49,2025-11-25 06:42:35,United Kingdom,390.5954545454546,672,2,5,5,255,Cannot Lose Them,0,3215.761426824297
14110,47,11,3667.45,114,2024-01-29 19:04:51,2025-11-15 13:50:34,United Kingdom,333.4045454545454,655,1,5,4,154,Cannot Lose Them,0,3215.761426824297
14111,18,11,3895.05,130,2024-01-27 23:54:19,2025-12-14 04:54:11,United Kingdom,354.0954545454546,686,3,5,5,355,Loyal Customers,0,3215.761426824297
14112,8,11,8556.48,193,2024-01-22 16:24:57,2025-12-24 18:34:48,United Kingdom,777.8618181818182,702,4,5,5,455,Champions,0,3215.761426824297
14113,29,11,5887.85,148,2024-01-29 11:23:30,2025-12-03 20:34:19,United Kingdom,535.2590909090909,674,2,5,5,255,Cannot Lose Them,0,3215.761426824297
14114,27,11,2095.14,106,2024-01-14 14:16:28,2025-12-05 01:39:52,United Kingdom,190.46727272727273,690,2,5,1,251,Cannot Lose Them,0,3215.761426824297
14115,19,11,3222.18,120,2024-02-02 06:26:15,2025-12-13 15:19:56,United Kingdom,292.92545454545456,680,3,5,4,354,Loyal Customers,0,3215.761426824297
14116,21,11,4485.83,135,2024-01-17 11:20:49,2025-12-11 18:30:05,United Kingdom,407.8027272727273,694,3,5,5,355,Loyal Customers,0,3215.761426824297
14117,12,11,3436.27,120,2024-01-08 14:02:40,2025-12-20 22:10:18,United Kingdom,312.3881818181818,712,4,5,4,454,Champions,0,3215.761426824297
14118,1,11,4380.35,115,2024-03-08 14:36:04,2025-12-31 10:28:18,United Kingdom,398.2136363636364,662,5,5,5,555,Champions,0,3215.761426824297
14119,15,11,2324.91,105,2024-01-08 06:07:14,2025-12-17 14:49:06,United Kingdom,211.35545454545453,709,3,5,1,351,Loyal Customers,0,3215.761426824297
14120,109,11,2736.57,119,2024-01-29 03:26:26,2025-09-14 07:42:59,United Kingdom,248.7790909090909,594,1,5,2,152,Cannot Lose Them,0,3215.761426824297
14121,15,11,2054.67,86,2024-01-21 19:31:48,2025-12-17 00:16:30,United Kingdom,186.7881818181818,695,3,5,1,351,Loyal Customers,0,3215.761426824297
14122,2,11,3263.08,115,2024-01-05 07:32:55,2025-12-30 08:34:59,United Kingdom,296.64363636363635,725,5,5,4,554,Champions,0,3215.761426824297
14123,25,11,3905.29,126,2024-02-12 02:01:45,2025-12-07 19:39:30,United Kingdom,355.0263636363636,664,2,5,5,255,Cannot Lose Them,0,3215.761426824297
14124,2,11,3113.06,110,2024-05-03 23:07:01,2025-12-30 11:31:34,United Kingdom,283.00545454545454,605,5,5,3,553,Loyal Customers,0,3215.761426824297
14125,10,11,3032.1800000000003,109,2024-02-14 17:50:12,2025-12-22 21:31:26,United Kingdom,275.6527272727273,677,4,5,3,453,Loyal Customers,0,3215.761426824297
14126,3,11,4625.26,137,2024-01-18 17:20:07,2025-12-29 15:49:50,United Kingdom,420.47818181818184,710,5,5,5,555,Champions,0,3215.761426824297
14127,12,11,3423.54,114,2024-01-11 06:06:26,2025-12-20 01:02:49,United Kingdom,311.2309090909091,708,4,5,4,454,Champions,0,3215.761426824297
14128,74,11,2302.76,98,2024-02-10 19:02:49,2025-10-19 11:18:49,United Kingdom,209.3418181818182,616,1,5,1,151,Cannot Lose Them,0,3215.761426824297
14129,14,11,2728.85,118,2024-01-09 15:43:03,2025-12-18 10:55:10,United Kingdom,248.0772727272727,708,3,5,2,352,Loyal Customers,0,3215.761426824297
14130,27,11,2557.47,110,2024-01-13 23:33:57,2025-12-05 15:26:59,United Kingdom,232.4972727272727,691,2,5,2,252,Cannot Lose Them,0,3215.761426824297
14131,26,11,2434.81,103,2024-03-10 07:16:29,2025-12-06 12:34:17,United Kingdom,221.34636363636363,636,2,5,1,251,Cannot Lose Them,0,3215.761426824297
14132,20,11,3717.19,124,2024-02-11 05:15:34,2025-12-12 22:36:12,United Kingdom,337.92636363636365,670,3,5,4,354,Loyal Customers,0,3215.761426824297
14133,8,11,2772.83,111,2024-02-20 05:27:34,2025-12-24 16:14:43,United Kingdom,252.07545454545453,673,4,5,2,452,Loyal Customers,0,3215.761426824297
14134,2,11,3146.8,121,2024-01-09 13:45:56,2025-12-30 15:45:35,United Kingdom,286.07272727272726,721,5,5,3,553,Loyal Customers,0,3215.761426824297
14135,19,11,3265.36,122,2024-01-17 06:13:46,2025-12-13 05:21:23,United Kingdom,296.8509090909091,695,3,5,4,354,Loyal Customers,0,3215.761426824297
14136,7,11,2238.81,112,2024-01-02 00:02:20,2025-12-25 07:34:49,United Kingdom,203.52818181818182,723,4,5,1,451,Loyal Customers,0,3215.761426824297
14137,10,11,2275.13,106,2024-02-05 03:19:46,2025-12-22 19:16:53,United Kingdom,206.83,686,4,5,1,451,Loyal Customers,0,3215.761426824297
14138,95,11,2382.67,106,2024-01-03 08:02:30,2025-09-28 09:10:22,United Kingdom,216.60636363636365,634,1,5,1,151,Cannot Lose Them,0,3215.761426824297
14139,26,11,3220.26,138,2024-01-04 08:30:13,2025-12-06 08:56:39,United Kingdom,292.7509090909091,702,2,5,4,254,Cannot Lose Them,0,3215.761426824297
14140,92,11,4598.13,131,2024-01-07 17:11:49,2025-10-01 20:15:14,United Kingdom,418.01181818181817,633,1,5,5,155,Cannot Lose Them,0,3215.761426824297
14141,13,11,6025.24,162,2024-01-06 06:50:46,2025-12-19 04:57:39,United Kingdom,547.7490909090909,712,3,5,5,355,Loyal Customers,0,3215.761426824297
14142,42,11,4943.54,131,2024-01-03 12:53:24,2025-11-20 05:16:50,United Kingdom,449.4127272727273,686,1,5,5,155,Cannot Lose Them,0,3215.761426824297
14143,37,11,2767.24,128,2024-01-03 21:10:43,2025-11-25 08:33:16,United Kingdom,251.5672727272727,691,2,5,2,252,Cannot Lose Them,0,3215.761426824297
14144,37,11,2481.33,101,2024-01-17 01:04:50,2025-11-25 09:59:58,United Kingdom,225.57545454545453,678,2,5,2,252,Cannot Lose Them,0,3215.761426824297
14145,16,11,5012.35,147,2024-01-08 08:32:39,2025-12-16 07:55:36,United Kingdom,455.66818181818184,707,3,5,5,355,Loyal Customers,0,3215.761426824297
14146,14,11,2759.63,117,2024-01-10 01:30:04,2025-12-18 17:18:08,United Kingdom,250.87545454545455,708,3,5,2,352,Loyal Customers,0,3215.761426824297
14147,20,11,2870.0099999999998,121,2024-01-10 23:43:50,2025-12-12 10:38:58,United Kingdom,260.90999999999997,701,3,5,3,353,Loyal Customers,0,3215.761426824297
14148,8,11,3222.06,123,2024-01-03 00:41:08,2025-12-24 15:57:13,United Kingdom,292.9145454545455,721,4,5,4,454,Champions,0,3215.761426824297
14149,19,11,2544.91,114,2024-01-02 18:32:04,2025-12-13 06:44:10,United Kingdom,231.35545454545453,710,3,5,2,352,Loyal Customers,0,3215.761426824297
14150,36,11,2566.84,114,2024-01-10 22:55:28,2025-11-26 22:32:05,United Kingdom,233.34909090909093,685,2,5,2,252,Cannot Lose Them,0,3215.761426824297
14151,11,11,2038.97,107,2024-01-01 21:29:51,2025-12-21 01:24:22,United Kingdom,185.3609090909091,719,4,5,1,451,Loyal Customers,0,3215.761426824297
14152,4,11,2748.0499999999997,111,2024-01-27 10:33:46,2025-12-28 11:13:03,United Kingdom,249.82272727272724,701,5,5,2,552,Loyal Customers,0,3215.761426824297
14153,34,11,2363.88,105,2024-01-08 12:06:59,2025-11-28 19:03:18,United Kingdom,214.89818181818183,690,2,5,1,251,Cannot Lose Them,0,3215.761426824297
14154,32,11,5647.81,150,2024-02-20 16:31:02,2025-11-30 06:45:44,United Kingdom,513.4372727272728,648,2,5,5,255,Cannot Lose Them,0,3215.761426824297
14155,58,11,3376.52,117,2024-02-08 09:10:08,2025-11-04 19:16:34,United Kingdom,306.9563636363636,635,1,5,4,154,Cannot Lose Them,0,3215.761426824297
14156,28,11,2544.63,108,2024-01-01 22:56:51,2025-12-04 11:36:16,United Kingdom,231.33,702,2,5,2,252,Cannot Lose Them,0,3215.761426824297
14157,10,11,1998.81,91,2024-04-03 10:04:16,2025-12-22 19:58:20,United Kingdom,181.71,628,4,5,1,451,Loyal Customers,0,3215.761426824297
14158,32,11,3932.3300000000004,131,2024-02-02 10:08:58,2025-11-30 19:41:21,United Kingdom,357.48454545454547,667,2,5,5,255,Cannot Lose Them,0,3215.761426824297
14159,67,11,3150.09,117,2024-01-07 05:43:36,2025-10-26 20:58:24,United Kingdom,286.3718181818182,658,1,5,3,153,Cannot Lose Them,0,3215.761426824297
14160,27,11,2246.18,99,2024-01-09 06:41:08,2025-12-05 18:29:12,United Kingdom,204.1981818181818,696,2,5,1,251,Cannot Lose Them,0,3215.761426824297
14161,34,11,2735.42,113,2024-01-11 21:12:07,2025-11-28 01:37:48,United Kingdom,248.67454545454547,686,2,5,2,252,Cannot Lose Them,0,3215.761426824297
14162,43,11,4619.22,152,2024-01-10 10:17:02,2025-11-19 10:13:01,United Kingdom,419.9290909090909,678,1,5,5,155,Cannot Lose Them,0,3215.761426824297
14163,24,11,4738.44,128,2024-01-11 23:39:59,2025-12-08 12:27:50,United Kingdom,430.7672727272727,696,2,5,5,255,Cannot Lose Them,0,3215.761426824297
14164,28,11,2581.92,114,2024-01-06 23:22:50,2025-12-04 06:41:25,United Kingdom,234.72,697,2,5,2,252,Cannot Lose Them,0,3215.761426824297
14165,48,11,5185.6,165,2024-01-24 00:45:15,2025-11-14 19:54:03,United Kingdom,471.41818181818184,660,1,5,5,155,Cannot Lose Them,0,3215.761426824297
14166,17,11,2401.49,105,2024-02-10 15:38:50,2025-12-15 23:00:59,United Kingdom,218.3172727272727,674,3,5,1,351,Loyal Customers,0,3215.761426824297
14167,1,11,2600.5099999999998,126,2024-01-03 04:33:41,2025-12-31 00:45:01,United Kingdom,236.40999999999997,727,5,5,2,552,Loyal Customers,0,3215.761426824297
14168,7,11,3205.7,126,2024-02-27 23:28:33,2025-12-25 17:54:33,United Kingdom,291.42727272727274,666,4,5,3,453,Loyal Customers,0,3215.761426824297
14169,36,11,5533.27,161,2024-02-01 02:35:32,2025-11-26 18:58:52,United Kingdom,503.0245454545455,664,2,5,5,255,Cannot Lose Them,0,3215.761426824297
14170,31,11,4364.2,139,2024-03-07 02:41:04,2025-12-01 18:52:29,United Kingdom,396.74545454545455,634,2,5,5,255,Cannot Lose Them,0,3215.761426824297
14171,1,11,2171.84,112,2024-01-02 06:26:46,2025-12-31 21:31:12,United Kingdom,197.44000000000003,729,5,5,1,551,Loyal Customers,0,3215.761426824297
14172,2,11,2260.08,108,2024-01-29 09:44:28,2025-12-30 14:11:50,United Kingdom,205.4618181818182,701,5,5,1,551,Loyal Customers,0,3215.761426824297
14173,23,11,3026.58,113,2024-01-18 11:12:28,2025-12-09 12:04:43,United Kingdom,275.14363636363635,691,2,5,3,253,Cannot Lose Them,0,3215.761426824297
14174,25,11,4003.76,124,2024-02-03 09:07:54,2025-12-07 15:07:02,United Kingdom,363.97818181818184,673,2,5,5,255,Cannot Lose Them,0,3215.761426824297
14175,128,11,3247.27,117,2024-01-05 18:52:41,2025-08-26 15:31:19,United Kingdom,295.2063636363636,598,1,5,4,154,Cannot Lose Them,0,3215.761426824297
14176,8,11,3430.86,136,2024-01-16 10:16:04,2025-12-24 22:09:22,United Kingdom,311.8963636363637,708,4,5,4,454,Champions,0,3215.761426824297
14177,25,11,2608.41,126,2024-01-18 11:41:19,2025-12-07 11:05:46,United Kingdom,237.12818181818182,688,2,5,2,252,Cannot Lose Them,0,3215.761426824297
14178,9,11,2951.16,119,2024-01-01 19:00:17,2025-12-23 19:10:24,United Kingdom,268.2872727272727,722,4,5,3,453,Loyal Customers,0,3215.761426824297
14179,21,11,3032.51,116,2024-01-01 22:22:26,2025-12-11 14:05:02,United Kingdom,275.6827272727273,709,3,5,3,353,Loyal Customers,0,3215.761426824297
14180,2,11,2899.55,128,2024-01-15 05:30:08,2025-12-30 01:49:44,United Kingdom,263.5954545454546,714,5,5,3,553,Loyal Customers,0,3215.761426824297
14181,45,11,4036.7200000000003,123,2024-01-13 04:31:34,2025-11-17 23:44:35,United Kingdom,366.9745454545455,674,1,5,5,155,Cannot Lose Them,0,3215.761426824297
14182,7,11,2499.69,115,2024-01-19 01:44:15,2025-12-25 01:06:20,United Kingdom,227.24454545454546,705,4,5,2,452,Loyal Customers,0,3215.761426824297
14183,29,11,4003.54,125,2024-01-01 09:36:21,2025-12-03 01:01:14,United Kingdom,363.9581818181818,701,2,5,5,255,Cannot Lose Them,0,3215.761426824297
14184,30,11,3700.95,121,2024-01-18 04:43:21,2025-12-02 16:54:30,Germany,336.45,684,2,5,4,254,Cannot Lose Them,0,3215.761426824297
14185,11,11,4748.39,124,2024-01-11 19:44:41,2025-12-21 05:26:56,United Kingdom,431.6718181818182,709,4,5,5,455,Champions,0,3215.761426824297
14186,80,11,3520.58,115,2024-01-21 14:14:06,2025-10-13 05:10:14,United Kingdom,320.0527272727273,630,1,5,4,154,Cannot Lose Them,0,3215.761426824297
14187,25,11,3299.52,117,2024-01-26 15:23:37,2025-12-07 02:54:22,United Kingdom,299.9563636363636,680,2,5,4,254,Cannot Lose Them,0,3215.761426824297
14188,64,11,2740.57,106,2024-01-26 16:47:04,2025-10-29 13:42:13,United Kingdom,249.14272727272729,641,1,5,2,152,Cannot Lose Them,0,3215.761426824297
14189,19,11,3212.81,126,2024-01-08 21:23:45,2025-12-13 18:33:39,United Kingdom,292.07363636363635,704,3,5,3,353,Loyal Customers,0,3215.761426824297
14190,4,11,5132.46,154,2024-02-06 14:25:28,2025-12-28 15:21:04,United Kingdom,466.5872727272727,691,5,5,5,555,Champions,0,3215.761426824297
14191,27,11,2519.25,112,2024-01-07 06:42:30,2025-12-05 04:48:21,United Kingdom,229.02272727272728,697,2,5,2,252,Cannot Lose Them,0,3215.761426824297
14192,4,11,2837.55,111,2024-02-18 10:49:14,2025-12-28 11:35:50,United Kingdom,257.95909090909095,679,5,5,3,553,Loyal Customers,0,3215.761426824297
14193,16,11,2818.08,96,2024-02-16 13:19:07,2025-12-16 18:56:45,United Kingdom,256.1890909090909,669,3,5,3,353,Loyal Customers,0,3215.761426824297
14194,41,11,3061.2,129,2024-01-09 20:42:03,2025-11-21 09:49:08,United Kingdom,278.29090909090905,681,1,5,3,153,Cannot Lose Them,0,3215.761426824297
14195,6,11,3985.81,131,2024-01-22 21:12:59,2025-12-26 18:07:30,United Kingdom,362.3463636363636,703,4,5,5,455,Champions,0,3215.761426824297
14196,78,11,2110.11,101,2024-02-07 03:02:50,2025-10-15 16:20:34,United Kingdom,191.82818181818183,616,1,5,1,151,Cannot Lose Them,0,3215.761426824297
14197,35,11,4384.21,136,2024-01-10 07:59:59,2025-11-27 00:36:36,United Kingdom,398.56454545454545,686,2,5,5,255,Cannot Lose Them,0,3215.761426824297
14198,24,11,3878.41,123,2024-01-22 07:02:52,2025-12-08 12:04:02,United Kingdom,352.58272727272725,686,2,5,5,255,Cannot Lose Them,0,3215.761426824297
14199,25,11,4776.77,150,2024-01-04 00:35:06,2025-12-07 01:16:18,United Kingdom,434.25181818181824,703,2,5,5,255,Cannot Lose Them,0,3215.761426824297
14200,17,11,2386.67,118,2024-01-06 01:04:49,2025-12-15 02:47:00,United Kingdom,216.97,709,3,5,1,351,Loyal Customers,0,3215.761426824297
14201,14,11,4952.51,124,2024-01-31 15:11:20,2025-12-18 08:10:00,United Kingdom,450.22818181818184,686,3,5,5,355,Loyal Customers,0,3215.761426824297
14202,20,11,2567.02,112,2024-01-22 01:00:57,2025-12-12 12:40:01,United Kingdom,233.36545454545455,690,3,5,2,352,Loyal Customers,0,3215.761426824297
14203,40,11,2695.6,115,2024-01-26 15:53:19,2025-11-22 09:19:50,United Kingdom,245.05454545454543,665,1,5,2,152,Cannot Lose Them,0,3215.761426824297
14204,25,11,3909.55,151,2024-01-10 01:18:26,2025-12-07 05:14:37,United Kingdom,355.4136363636364,697,2,5,5,255,Cannot Lose Them,0,3215.761426824297
14205,20,11,1954.06,96,2024-01-23 11:17:24,2025-12-12 14:03:38,United Kingdom,177.64181818181817,689,3,5,1,351,Loyal Customers,0,3215.761426824297
14206,10,11,3027.42,116,2024-01-31 06:36:10,2025-12-22 11:15:00,United Kingdom,275.22,691,4,5,3,453,Loyal Customers,0,3215.761426824297
14207,43,11,2263.77,100,2024-01-25 09:10:52,2025-11-19 16:10:18,United Kingdom,205.7972727272727,664,1,5,1,151,Cannot Lose Them,0,3215.761426824297
14208,47,11,3667.45,122,2024-01-22 11:37:22,2025-11-15 17:57:15,United Kingdom,333.4045454545454,663,1,5,4,154,Cannot Lose Them,0,3215.761426824297
14209,5,11,2658.63,109,2024-01-12 04:37:26,2025-12-27 18:42:46,United Kingdom,241.6936363636364,715,5,5,2,552,Loyal Customers,0,3215.761426824297
14210,88,11,2994.04,113,2024-01-20 13:33:06,2025-10-05 20:05:30,United Kingdom,272.18545454545455,624,1,5,3,153,Cannot Lose Them,0,3215.761426824297
14211,6,11,3593.77,131,2024-01-29 17:08:25,2025-12-26 10:40:08,United Kingdom,326.7063636363636,696,4,5,4,454,Champions,0,3215.761426824297
14212,38,11,3314.13,117,2024-02-16 05:59:17,2025-11-24 04:37:32,United Kingdom,301.2845454545455,646,1,5,4,154,Cannot Lose Them,0,3215.761426824297
14213,12,11,2960.92,132,2024-01-11 08:00:48,2025-12-20 01:38:32,United Kingdom,269.17454545454547,708,4,5,3,453,Loyal Customers,0,3215.761426824297
14214,24,11,2868.91,119,2024-01-07 11:41:27,2025-12-08 19:18:51,United Kingdom,260.81,701,2,5,3,253,Cannot Lose Them,0,3215.761426824297
14215,9,11,2300.02,100,2024-01-03 06:38:55,2025-12-23 07:25:28,United Kingdom,209.09272727272727,720,4,5,1,451,Loyal Customers,0,3215.761426824297
14216,57,11,2135.54,105,2024-01-31 06:25:29,2025-11-05 23:43:38,United Kingdom,194.14,644,1,5,1,151,Cannot Lose Them,0,3215.761426824297
14217,14,11,3299.77,124,2024-02-03 03:14:42,2025-12-18 21:58:22,United Kingdom,299.9790909090909,684,3,5,4,354,Loyal Customers,0,3215.761426824297
14218,84,11,3087.33,118,2024-01-25 19:41:19,2025-10-09 14:27:17,United Kingdom,280.66636363636366,622,1,5,3,153,Cannot Lose Them,0,3215.761426824297
14219,29,11,2655.7200000000003,110,2024-03-23 07:54:32,2025-12-03 07:51:39,United Kingdom,241.42909090909095,619,2,5,2,252,Cannot Lose Them,0,3215.761426824297
14220,16,11,2481.49,112,2024-01-02 08:02:21,2025-12-16 15:45:27,United Kingdom,225.58999999999997,714,3,5,2,352,Loyal Customers,0,3215.761426824297
14221,13,11,3777.33,133,2024-01-15 11:51:22,2025-12-19 08:02:21,United Kingdom,343.39363636363635,703,3,5,4,354,Loyal Customers,0,3215.761426824297
14222,52,11,3651.09,120,2024-03-07 04:22:01,2025-11-10 07:22:38,United Kingdom,331.91727272727275,613,1,5,4,154,Cannot Lose Them,0,3215.761426824297
14223,26,11,2983.35,108,2024-02-14 13:28:19,2025-12-06 14:21:50,United Kingdom,271.21363636363634,661,2,5,3,253,Cannot Lose Them,0,3215.761426824297
14224,32,11,3699.45,131,2024-01-04 15:03:32,2025-11-30 13:03:50,United Kingdom,336.31363636363636,695,2,5,4,254,Cannot Lose Them,0,3215.761426824297
14225,92,11,4258.97,138,2024-01-12 18:43:39,2025-10-01 12:46:39,United Kingdom,387.1790909090909,627,1,5,5,155,Cannot Lose Them,0,3215.761426824297
14226,2,11,1915.6499999999999,102,2024-01-08 19:09:51,2025-12-30 00:12:33,United Kingdom,174.14999999999998,721,5,5,1,551,Loyal Customers,0,3215.761426824297
14227,2,11,2272.13,109,2024-01-13 10:05:52,2025-12-30 09:06:55,United Kingdom,206.55727272727273,716,5,5,1,551,Loyal Customers,0,3215.761426824297
14228,21,11,2331.91,107,2024-02-02 11:29:14,2025-12-11 01:35:08,United Kingdom,211.99181818181816,677,3,5,1,351,Loyal Customers,0,3215.761426824297
14229,10,11,2943.6,112,2024-02-02 13:46:47,2025-12-22 21:38:38,United Kingdom,267.59999999999997,689,4,5,3,453,Loyal Customers,0,3215.761426824297
14230,11,11,3052.93,114,2024-01-31 17:00:40,2025-12-21 05:10:55,United Kingdom,277.5390909090909,689,4,5,3,453,Loyal Customers,0,3215.761426824297
14231,11,11,2129.66,110,2024-01-02 05:40:13,2025-12-21 05:58:55,United Kingdom,193.60545454545453,719,4,5,1,451,Loyal Customers,0,3215.761426824297
14232,44,11,3044.38,122,2024-01-10 12:03:16,2025-11-18 14:51:34,United Kingdom,276.76181818181817,678,1,5,3,153,Cannot Lose Them,0,3215.761426824297
14233,15,11,3770.34,140,2024-01-18 01:20:30,2025-12-17 20:31:47,United Kingdom,342.7581818181818,699,3,5,4,354,Loyal Customers,0,3215.761426824297
14234,18,11,2158.79,102,2024-02-02 05:23:50,2025-12-14 01:59:25,United Kingdom,196.25363636363636,680,3,5,1,351,Loyal Customers,0,3215.761426824297
14235,12,11,2611.44,121,2024-03-06 03:14:28,2025-12-20 23:25:48,United Kingdom,237.40363636363637,654,4,5,2,452,Loyal Customers,0,3215.761426824297
14236,9,11,2909.24,124,2024-01-23 16:16:25,2025-12-23 02:46:19,United Kingdom,264.4763636363636,699,4,5,3,453,Loyal Customers,0,3215.761426824297
14237,22,11,2527.96,99,2024-01-05 23:21:42,2025-12-10 00:45:37,United Kingdom,229.81454545454545,704,3,5,2,352,Loyal Customers,0,3215.761426824297
14238,13,11,5036.72,143,2024-01-07 16:59:55,2025-12-19 19:18:16,United Kingdom,457.8836363636364,712,3,5,5,355,Loyal Customers,0,3215.761426824297
14239,15,11,2939.2,113,2024-01-19 23:46:03,2025-12-17 14:26:54,United Kingdom,267.2,697,3,5,3,353,Loyal Customers,0,3215.761426824297
14240,1,11,3185.23,122,2024-02-02 14:35:10,2025-12-31 18:03:40,United Kingdom,289.56636363636363,698,5,5,3,553,Loyal Customers,0,3215.761426824297
14241,2,11,2985.08,126,2024-01-13 07:04:53,2025-12-30 09:31:14,United Kingdom,271.3709090909091,717,5,5,3,553,Loyal Customers,0,3215.761426824297
14242,64,11,3567.46,126,2024-01-25 08:48:18,2025-10-29 03:22:25,United Kingdom,324.31454545454545,642,1,5,4,154,Cannot Lose Them,0,3215.761426824297
14243,62,11,2987.8,121,2024-01-13 14:57:16,2025-10-31 13:17:18,United Kingdom,271.6181818181818,656,1,5,3,153,Cannot Lose Them,0,3215.761426824297
14244,20,11,2802.7799999999997,104,2024-01-15 21:59:01,2025-12-12 16:12:51,United Kingdom,254.7981818181818,696,3,5,2,352,Loyal Customers,0,3215.761426824297
14245,19,11,3562.02,130,2024-01-02 11:22:30,2025-12-13 19:54:56,United Kingdom,323.82,711,3,5,4,354,Loyal Customers,0,3215.761426824297
14246,38,11,2888.5299999999997,128,2024-01-06 20:15:29,2025-11-24 10:34:13,United Kingdom,262.59363636363634,687,1,5,3,153,Cannot Lose Them,0,3215.761426824297
14247,17,11,2466.85,97,2024-01-01 06:57:09,2025-12-15 13:17:11,United Kingdom,224.2590909090909,714,3,5,2,352,Loyal Customers,0,3215.761426824297
14248,36,11,5391.25,144,2024-02-07 11:17:58,2025-11-26 14:12:21,United Kingdom,490.1136363636364,658,2,5,5,255,Cannot Lose Them,0,3215.761426824297
14249,39,11,2202.69,115,2024-01-03 23:03:58,2025-11-23 20:13:57,United Kingdom,200.24454545454546,689,1,5,1,151,Cannot Lose Them,0,3215.761426824297
14250,31,11,3032.2599999999998,103,2024-01-04 17:13:48,2025-12-01 05:35:14,United Kingdom,275.65999999999997,696,2,5,3,253,Cannot Lose Them,0,3215.761426824297
14251,12,11,3000.08,122,2024-01-18 23:05:50,2025-12-20 09:54:23,United Kingdom,272.73454545454547,701,4,5,3,453,Loyal Customers,0,3215.761426824297
14252,10,11,2464.67,116,2024-02-11 07:18:02,2025-12-22 17:23:00,United Kingdom,224.0609090909091,680,4,5,2,452,Loyal Customers,0,3215.761426824297
14253,43,11,3691.77,123,2024-01-06 20:58:28,2025-11-19 00:06:33,United Kingdom,335.61545454545455,682,1,5,4,154,Cannot Lose Them,0,3215.761426824297
14254,21,11,2950.48,127,2024-03-02 15:23:23,2025-12-11 17:12:33,United Kingdom,268.22545454545457,649,3,5,3,353,Loyal Customers,0,3215.761426824297
14255,3,11,2713.05,117,2024-01-30 08:06:32,2025-12-29 01:50:53,United Kingdom,246.6409090909091,698,5,5,2,552,Loyal Customers,0,3215.761426824297
14256,23,11,4145.26,133,2024-01-12 10:31:49,2025-12-09 15:40:33,United Kingdom,376.8418181818182,697,2,5,5,255,Cannot Lose Them,0,3215.761426824297
14257,51,11,4027.77,115,2024-03-04 22:34:41,2025-11-11 14:59:39,United Kingdom,366.1609090909091,616,1,5,5,155,Cannot Lose Them,0,3215.761426824297
14258,9,11,2441.74,93,2024-01-02 07:03:32,2025-12-23 06:03:28,United Kingdom,221.97636363636363,720,4,5,1,451,Loyal Customers,0,3215.761426824297
14259,18,11,4069.58,120,2024-02-05 18:57:54,2025-12-14 04:51:05,United Kingdom,369.96181818181816,677,3,5,5,355,Loyal Customers,0,3215.761426824297
14260,25,11,2984.66,124,2024-02-19 07:27:56,2025-12-07 12:39:47,United Kingdom,271.33272727272725,657,2,5,3,253,Cannot Lose Them,0,3215.761426824297
14261,18,11,2372.15,115,2024-01-06 04:48:41,2025-12-14 16:24:27,United Kingdom,215.65,708,3,5,1,351,Loyal Customers,0,3215.761426824297
14262,9,11,2549.36,115,2024-01-02 15:23:27,2025-12-23 13:28:30,United Kingdom,231.76000000000002,720,4,5,2,452,Loyal Customers,0,3215.761426824297
14263,8,11,2557.96,119,2024-02-01 23:45:56,2025-12-24 23:37:31,United Kingdom,232.54181818181817,691,4,5,2,452,Loyal Customers,0,3215.761426824297
14264,28,11,2613.88,117,2024-02-29 22:01:01,2025-12-04 21:48:51,United Kingdom,237.62545454545455,643,2,5,2,252,Cannot Lose Them,0,3215.761426824297
14265,5,11,4437.95,137,2024-04-10 18:34:58,2025-12-27 18:55:59,United Kingdom,403.45,626,5,5,5,555,Champions,0,3215.761426824297
14266,115,11,2500.79,103,2024-01-01 21:51:45,2025-09-08 22:33:29,United Kingdom,227.34454545454545,616,1,5,2,152,Cannot Lose Them,0,3215.761426824297
14267,16,11,2336.34,116,2024-02-24 09:20:27,2025-12-16 22:12:33,United Kingdom,212.39454545454547,661,3,5,1,351,Loyal Customers,0,3215.761426824297
14268,11,11,2465.49,101,2024-01-16 08:14:59,2025-12-21 19:49:27,United Kingdom,224.13545454545454,705,4,5,2,452,Loyal Customers,0,3215.761426824297
14269,101,11,3649.9700000000003,109,2024-01-10 06:24:22,2025-09-22 17:59:17,United Kingdom,331.81545454545454,621,1,5,4,154,Cannot Lose Them,0,3215.761426824297
14270,4,11,3140.71,108,2024-01-21 01:28:52,2025-12-28 01:30:30,United Kingdom,285.5190909090909,707,5,5,3,553,Loyal Customers,0,3215.761426824297
14271,4,11,2923.11,114,2024-01-05 06:49:53,2025-12-28 01:17:09,United Kingdom,265.73727272727274,722,5,5,3,553,Loyal Customers,0,3215.761426824297
14272,21,11,3901.9300000000003,128,2024-01-31 21:15:01,2025-12-11 09:19:45,United Kingdom,354.7209090909091,679,3,5,5,355,Loyal Customers,0,3215.761426824297
14273,40,11,3928.37,128,2024-01-01 20:24:56,2025-11-22 14:07:13,United Kingdom,357.12454545454545,690,1,5,5,155,Cannot Lose Them,0,3215.761426824297
14274,29,11,3190.89,113,2024-01-03 21:46:30,2025-12-03 01:27:49,United Kingdom,290.0809090909091,699,2,5,3,253,Cannot Lose Them,0,3215.761426824297
14275,23,11,2994.96,124,2024-01-27 23:59:44,2025-12-09 20:20:56,United Kingdom,272.2690909090909,681,2,5,3,253,Cannot Lose Them,0,3215.761426824297
14276,2,11,3819.56,130,2024-01-13 15:05:18,2025-12-30 12:24:22,United Kingdom,347.2327272727273,716,5,5,4,554,Champions,0,3215.761426824297
14277,4,11,2892.66,105,2024-01-06 03:25:25,2025-12-28 19:32:23,United Kingdom,262.9690909090909,722,5,5,3,553,Loyal Customers,0,3215.761426824297
14278,2,11,2692.99,119,2024-01-30 12:43:35,2025-12-30 17:32:43,United Kingdom,244.8172727272727,700,5,5,2,552,Loyal Customers,0,3215.761426824297
14279,41,11,6758.51,171,2024-01-17 21:29:39,2025-11-21 02:20:33,United Kingdom,614.41,673,1,5,5,155,Cannot Lose Them,0,3215.761426824297
14280,34,11,2420.04,95,2024-01-21 18:56:09,2025-11-28 07:12:14,United Kingdom,220.00363636363636,676,2,5,1,251,Cannot Lose Them,0,3215.761426824297
14281,33,11,3503.45,119,2024-01-08 07:13:04,2025-11-29 02:03:43,United Kingdom,318.49545454545455,690,2,5,4,254,Cannot Lose Them,0,3215.761426824297
14282,12,11,3088.73,118,2024-04-03 23:56:15,2025-12-20 06:28:49,United Kingdom,280.7936363636364,625,4,5,3,453,Loyal Customers,0,3215.761426824297
14283,39,11,1980.24,99,2024-01-08 17:21:43,2025-11-23 15:10:51,United Kingdom,180.0218181818182,684,1,5,1,151,Cannot Lose Them,0,3215.761426824297
14284,36,11,4041.98,130,2024-03-18 19:27:54,2025-11-26 11:50:57,United Kingdom,367.45272727272726,617,2,5,5,255,Cannot Lose Them,0,3215.761426824297
14285,12,11,2910.18,127,2024-01-29 10:44:35,2025-12-20 11:31:32,United Kingdom,264.5618181818182,691,4,5,3,453,Loyal Customers,0,3215.761426824297
14286,9,11,2873.8,122,2024-02-16 09:45:25,2025-12-23 16:43:32,Germany,261.25454545454545,676,4,5,3,453,Loyal Customers,0,3215.761426824297
14287,21,11,2184.66,128,2024-01-12 21:52:03,2025-12-11 02:10:56,United Kingdom,198.60545454545453,698,3,5,1,351,Loyal Customers,0,3215.761426824297
14288,5,11,2847.58,118,2024-02-20 15:42:31,2025-12-27 07:22:38,United Kingdom,258.8709090909091,675,5,5,3,553,Loyal Customers,0,3215.761426824297
14289,12,11,3525.02,133,2024-01-08 13:44:22,2025-12-20 12:10:14,United Kingdom,320.4563636363636,711,4,5,4,454,Champions,0,3215.761426824297
14290,6,11,2687.93,115,2024-02-24 01:18:20,2025-12-26 15:42:23,United Kingdom,244.35727272727271,671,4,5,2,452,Loyal Customers,0,3215.761426824297
14291,13,11,2314.61,103,2024-01-27 07:21:17,2025-12-19 16:09:43,United Kingdom,210.41909090909093,692,3,5,1,351,Loyal Customers,0,3215.761426824297
14292,26,11,2728.41,110,2024-01-08 10:55:47,2025-12-06 18:53:28,United Kingdom,248.03727272727272,698,2,5,2,252,Cannot Lose Them,0,3215.761426824297
14293,17,11,3215.25,115,2024-01-07 08:14:46,2025-12-15 18:28:34,United Kingdom,292.29545454545456,708,3,5,3,353,Loyal Customers,0,3215.761426824297
14294,31,11,3288.1,115,2024-03-06 19:06:48,2025-12-01 20:59:12,United Kingdom,298.91818181818184,635,2,5,4,254,Cannot Lose Them,0,3215.761426824297
14295,8,11,2630.78,105,2024-01-01 19:46:44,2025-12-24 08:58:09,United Kingdom,239.1618181818182,722,4,5,2,452,Loyal Customers,0,3215.761426824297
14296,2,11,3509.63,126,2024-02-06 11:40:18,2025-12-30 13:48:26,United Kingdom,319.05727272727273,693,5,5,4,554,Champions,0,3215.761426824297
14297,21,11,3071.45,115,2024-01-10 11:05:19,2025-12-11 01:25:28,United Kingdom,279.22272727272724,700,3,5,3,353,Loyal Customers,0,3215.761426824297
14298,15,11,2541.89,102,2024-01-09 13:44:52,2025-12-17 23:41:00,United Kingdom,231.08090909090907,708,3,5,2,352,Loyal Customers,0,3215.761426824297
14299,183,11,3291.62,145,2024-01-24 00:55:17,2025-07-02 15:43:30,United Kingdom,299.23818181818183,525,1,5,4,154,Cannot Lose Them,0,3215.761426824297
14300,17,11,3305.1,128,2024-01-07 22:40:37,2025-12-15 00:20:29,United Kingdom,300.46363636363634,707,3,5,4,354,Loyal Customers,0,3215.761426824297
14301,14,11,1988.04,99,2024-03-04 02:28:43,2025-12-18 15:38:16,United Kingdom,180.73090909090908,654,3,5,1,351,Loyal Customers,0,3215.761426824297
14302,10,11,2495.36,122,2024-01-06 22:33:29,2025-12-22 01:10:14,United Kingdom,226.8509090909091,715,4,5,2,452,Loyal Customers,0,3215.761426824297
14303,11,11,2762.37,111,2024-01-12 00:53:03,2025-12-21 02:16:59,United Kingdom,251.12454545454545,709,4,5,2,452,Loyal Customers,0,3215.761426824297
14304,19,11,1811.51,91,2024-01-22 07:12:15,2025-12-13 15:52:38,United Kingdom,164.68272727272728,691,3,5,1,351,Loyal Customers,0,3215.761426824297
14305,19,11,3222.04,123,2024-01-20 12:25:54,2025-12-13 23:12:26,United Kingdom,292.9127272727273,693,3,5,4,354,Loyal Customers,0,3215.761426824297
14306,8,11,4032.37,135,2024-01-18 23:44:13,2025-12-24 01:39:10,United Kingdom,366.5790909090909,705,4,5,5,455,Champions,0,3215.761426824297
14307,3,11,2739.9,141,2024-03-07 21:44:47,2025-12-29 09:42:49,United Kingdom,249.0818181818182,661,5,5,2,552,Loyal Customers,0,3215.761426824297
14308,22,10,3020.1400000000003,116,2024-01-16 10:21:05,2025-12-10 22:09:49,United Kingdom,302.014,694,3,1,3,313,Need Attention,1,3109.399468085106
14309,15,11,3411.9300000000003,118,2024-01-18 16:24:45,2025-12-17 19:56:19,United Kingdom,310.17545454545456,699,3,5,4,354,Loyal Customers,0,3215.761426824297
14310,7,11,2739.88,130,2024-01-28 22:21:24,2025-12-25 23:49:28,United Kingdom,249.08,697,4,5,2,452,Loyal Customers,0,3215.761426824297
14311,30,11,3814.83,138,2024-01-29 23:09:42,2025-12-02 23:21:03,United Kingdom,346.8027272727273,673,2,5,4,254,Cannot Lose Them,0,3215.761426824297
14312,5,11,3330.68,120,2024-02-13 03:49:13,2025-12-27 09:41:26,United Kingdom,302.7890909090909,683,5,5,4,554,Champions,0,3215.761426824297
14313,8,11,3879.61,128,2024-01-06 04:21:42,2025-12-24 20:14:29,United Kingdom,352.6918181818182,718,4,5,5,455,Champions,0,3215.761426824297
14314,17,11,2744.1,105,2024-02-14 08:26:11,2025-12-15 20:34:40,United Kingdom,249.46363636363637,670,3,5,2,352,Loyal Customers,0,3215.761426824297
14315,13,10,3078.72,118,2024-02-14 01:27:54,2025-12-19 09:17:48,United Kingdom,307.87199999999996,674,3,1,3,313,Need Attention,1,3109.399468085106
14316,22,11,3561.51,135,2024-02-19 03:36:00,2025-12-10 03:51:55,United Kingdom,323.7736363636364,660,3,5,4,354,Loyal Customers,0,3215.761426824297
14317,36,11,6649.38,160,2024-01-21 07:42:37,2025-11-26 17:10:45,United Kingdom,604.4890909090909,675,2,5,5,255,Cannot Lose Them,0,3215.761426824297
14318,58,11,2505.79,115,2024-02-21 00:39:46,2025-11-04 00:12:24,United Kingdom,227.7990909090909,621,1,5,2,152,Cannot Lose Them,0,3215.761426824297
14319,12,11,2382.54,101,2024-01-03 05:48:56,2025-12-20 16:52:36,United Kingdom,216.59454545454545,717,4,5,1,451,Loyal Customers,0,3215.761426824297
14320,10,11,2941.46,112,2024-01-02 07:05:43,2025-12-22 03:14:27,United Kingdom,267.4054545454546,719,4,5,3,453,Loyal Customers,0,3215.761426824297
14321,62,11,2325.4,116,2024-01-02 08:15:25,2025-10-31 01:12:13,United Kingdom,211.4,667,1,5,1,151,Cannot Lose Them,0,3215.761426824297
14322,24,11,4171.74,140,2024-01-19 16:28:13,2025-12-08 17:44:58,United Kingdom,379.2490909090909,689,2,5,5,255,Cannot Lose Them,0,3215.761426824297
14323,27,11,4060.12,129,2024-02-04 14:41:01,2025-12-05 21:54:12,United Kingdom,369.10181818181815,670,2,5,5,255,Cannot Lose Them,0,3215.761426824297
14324,29,11,4229.61,135,2024-01-19 16:14:55,2025-12-03 06:52:06,United Kingdom,384.51,683,2,5,5,255,Cannot Lose Them,0,3215.761426824297
14325,1,11,1967.16,93,2024-01-05 10:45:21,2025-12-31 12:22:53,United Kingdom,178.83272727272728,726,5,5,1,551,Loyal Customers,0,3215.761426824297
14326,16,11,3483.99,118,2024-02-19 16:45:49,2025-12-16 21:21:15,United Kingdom,316.7263636363636,666,3,5,4,354,Loyal Customers,0,3215.761426824297
14327,27,11,2823.14,106,2024-01-24 23:02:47,2025-12-05 07:37:03,United Kingdom,256.6490909090909,680,2,5,3,253,Cannot Lose Them,0,3215.761426824297
14328,26,11,3664.0,116,2024-01-11 06:53:11,2025-12-06 15:49:51,United Kingdom,333.09090909090907,695,2,5,4,254,Cannot Lose Them,0,3215.761426824297
14329,24,11,2482.29,122,2024-01-24 10:55:01,2025-12-08 07:32:06,United Kingdom,225.66272727272727,683,2,5,2,252,Cannot Lose Them,0,3215.761426824297
14330,4,11,1879.39,86,2024-03-21 09:13:00,2025-12-28 02:18:54,United Kingdom,170.85363636363638,646,5,5,1,551,Loyal Customers,0,3215.761426824297
14331,92,11,4079.42,143,2024-02-03 09:40:23,2025-10-01 15:06:22,United Kingdom,370.85636363636365,606,1,5,5,155,Cannot Lose Them,0,3215.761426824297
14332,4,11,2444.34,117,2024-01-13 15:53:00,2025-12-28 07:46:22,United Kingdom,222.21272727272728,714,5,5,1,551,Loyal Customers,0,3215.761426824297
14333,10,11,2674.01,112,2024-01-01 05:05:44,2025-12-22 19:24:57,United Kingdom,243.0918181818182,721,4,5,2,452,Loyal Customers,0,3215.761426824297
14334,26,11,4707.41,136,2024-02-04 23:03:41,2025-12-06 06:25:36,United Kingdom,427.9463636363636,670,2,5,5,255,Cannot Lose Them,0,3215.761426824297
14335,20,11,1933.6599999999999,100,2024-01-13 10:59:58,2025-12-12 00:20:08,United Kingdom,175.78727272727272,698,3,5,1,351,Loyal Customers,0,3215.761426824297
14336,25,11,3623.42,132,2024-02-09 20:30:39,2025-12-07 22:55:45,United Kingdom,329.4018181818182,667,2,5,4,254,Cannot Lose Them,0,3215.761426824297
14337,2,11,3513.08,127,2024-01-06 01:09:53,2025-12-30 03:51:28,United Kingdom,319.3709090909091,724,5,5,4,554,Champions,0,3215.761426824297
14338,13,11,4379.96,141,2024-01-01 04:48:22,2025-12-19 20:32:38,United Kingdom,398.1781818181818,718,3,5,5,355,Loyal Customers,0,3215.761426824297
14339,3,11,2524.59,118,2024-02-15 01:06:08,2025-12-29 05:56:51,United Kingdom,229.50818181818184,683,5,5,2,552,Loyal Customers,0,3215.761426824297
14340,32,11,3489.93,130,2024-01-04 05:48:30,2025-11-30 08:03:25,United Kingdom,317.2663636363636,696,2,5,4,254,Cannot Lose Them,0,3215.761426824297
14341,2,11,3271.8,128,2024-01-15 03:46:05,2025-12-30 03:45:37,United Kingdom,297.43636363636364,714,5,5,4,554,Champions,0,3215.761426824297
14342,60,11,2736.26,118,2024-01-12 22:44:33,2025-11-02 02:40:07,United Kingdom,248.75090909090912,659,1,5,2,152,Cannot Lose Them,0,3215.761426824297
14343,2,11,2846.52,125,2024-01-03 03:52:55,2025-12-30 12:52:32,United Kingdom,258.77454545454543,727,5,5,3,553,Loyal Customers,0,3215.761426824297
14344,42,11,4184.92,144,2024-01-30 22:54:16,2025-11-20 08:38:32,United Kingdom,380.4472727272727,659,1,5,5,155,Cannot Lose Them,0,3215.761426824297
14345,1,11,2852.13,122,2024-01-03 19:33:16,2025-12-31 21:04:52,United Kingdom,259.2845454545455,728,5,5,3,553,Loyal Customers,0,3215.761426824297
14346,36,11,2928.0,116,2024-01-08 07:32:01,2025-11-26 01:45:52,United Kingdom,266.1818181818182,687,2,5,3,253,Cannot Lose Them,0,3215.761426824297
14347,15,11,2207.05,100,2024-01-13 06:51:31,2025-12-17 05:27:06,United Kingdom,200.6409090909091,703,3,5,1,351,Loyal Customers,0,3215.761426824297
14348,10,11,3002.93,121,2024-01-16 00:39:33,2025-12-22 22:39:38,United Kingdom,272.99363636363637,706,4,5,3,453,Loyal Customers,0,3215.761426824297
14349,54,11,2823.25,114,2024-02-11 17:02:03,2025-11-08 02:48:37,United Kingdom,256.65909090909093,635,1,5,3,153,Cannot Lose Them,0,3215.761426824297
14350,14,11,2633.5,108,2024-01-15 19:40:15,2025-12-18 07:03:15,United Kingdom,239.4090909090909,702,3,5,2,352,Loyal Customers,0,3215.761426824297
14351,60,11,2502.1,106,2024-01-16 09:41:25,2025-11-02 17:04:47,United Kingdom,227.46363636363637,656,1,5,2,152,Cannot Lose Them,0,3215.761426824297
14352,52,11,2769.39,118,2024-01-23 04:51:59,2025-11-10 01:48:24,United Kingdom,251.76272727272726,656,1,5,2,152,Cannot Lose Them,0,3215.761426824297
14353,3,11,3018.38,124,2024-02-16 08:45:07,2025-12-29 16:55:40,United Kingdom,274.39818181818185,682,5,5,3,553,Loyal Customers,0,3215.761426824297
14354,22,11,4508.07,137,2024-01-24 21:06:07,2025-12-10 17:21:15,United Kingdom,409.82454545454544,685,3,5,5,355,Loyal Customers,0,3215.761426824297
14355,8,10,2838.6800000000003,113,2024-01-19 09:12:39,2025-12-24 10:15:45,United Kingdom,283.86800000000005,705,4,1,3,413,New / Promising,1,3109.399468085106
14356,23,11,2715.61,103,2024-01-09 10:15:53,2025-12-09 07:04:31,United Kingdom,246.87363636363636,699,2,5,2,252,Cannot Lose Them,0,3215.761426824297
14357,27,11,2064.01,96,2024-02-13 08:14:06,2025-12-05 04:39:55,United Kingdom,187.63727272727274,660,2,5,1,251,Cannot Lose Them,0,3215.761426824297
14358,19,11,2717.65,107,2024-01-17 22:56:34,2025-12-13 08:07:05,United Kingdom,247.0590909090909,695,3,5,2,352,Loyal Customers,0,3215.761426824297
14359,56,11,3294.5699999999997,124,2024-01-06 09:45:41,2025-11-06 18:11:35,United Kingdom,299.50636363636363,670,1,5,4,154,Cannot Lose Them,0,3215.761426824297
14360,8,11,2829.21,114,2024-02-05 12:12:01,2025-12-24 07:26:34,United Kingdom,257.2009090909091,687,4,5,3,453,Loyal Customers,0,3215.761426824297
14361,26,11,3457.64,140,2024-01-05 15:51:28,2025-12-06 17:49:48,United Kingdom,314.3309090909091,701,2,5,4,254,Cannot Lose Them,0,3215.761426824297
14362,14,11,2062.11,105,2024-01-21 01:12:56,2025-12-18 12:47:32,United Kingdom,187.46454545454546,697,3,5,1,351,Loyal Customers,0,3215.761426824297
14363,2,11,2098.63,96,2024-03-08 13:07:42,2025-12-30 16:46:25,United Kingdom,190.78454545454545,662,5,5,1,551,Loyal Customers,0,3215.761426824297
14364,30,11,2454.0299999999997,98,2024-01-07 21:38:10,2025-12-02 00:52:55,United Kingdom,223.09363636363634,694,2,5,2,252,Cannot Lose Them,0,3215.761426824297
14365,5,10,4200.8,125,2024-03-18 04:34:22,2025-12-27 20:45:53,United Kingdom,420.08000000000004,649,5,1,5,515,New / Promising,1,3109.399468085106
14366,5,11,3815.77,144,2024-01-06 07:40:15,2025-12-27 21:12:44,United Kingdom,346.8881818181818,721,5,5,4,554,Champions,0,3215.761426824297
14367,30,11,2071.15,98,2024-02-03 08:24:59,2025-12-02 15:08:19,United Kingdom,188.28636363636363,668,2,5,1,251,Cannot Lose Them,0,3215.761426824297
14368,2,11,3719.13,128,2024-01-14 17:28:16,2025-12-30 04:27:38,United Kingdom,338.1027272727273,715,5,5,4,554,Champions,0,3215.761426824297
14369,10,11,3095.39,106,2024-01-31 08:35:45,2025-12-22 18:02:01,United Kingdom,281.3990909090909,691,4,5,3,453,Loyal Customers,0,3215.761426824297
14370,19,11,5629.72,151,2024-03-11 11:40:36,2025-12-13 19:54:26,United Kingdom,511.7927272727273,642,3,5,5,355,Loyal Customers,0,3215.761426824297
14371,3,11,3451.75,130,2024-01-06 08:42:39,2025-12-29 11:22:22,United Kingdom,313.79545454545456,723,5,5,4,554,Champions,0,3215.761426824297
14372,11,11,4674.88,139,2024-01-04 19:08:37,2025-12-21 20:18:59,United Kingdom,424.9890909090909,717,4,5,5,455,Champions,0,3215.761426824297
14373,36,11,3908.95,140,2024-02-24 10:56:38,2025-11-26 19:21:35,United Kingdom,355.35909090909087,641,2,5,5,255,Cannot Lose Them,0,3215.761426824297
14374,14,11,3093.2599999999998,123,2024-02-07 20:27:28,2025-12-18 13:52:13,United Kingdom,281.20545454545453,679,3,5,3,353,Loyal Customers,0,3215.761426824297
14375,6,11,4065.04,133,2024-01-10 18:44:01,2025-12-26 06:33:31,United Kingdom,369.5490909090909,715,4,5,5,455,Champions,0,3215.761426824297
14376,20,11,2637.72,110,2024-01-26 20:26:11,2025-12-12 01:52:40,United Kingdom,239.79272727272726,685,3,5,2,352,Loyal Customers,0,3215.761426824297
14377,35,11,4705.24,153,2024-01-15 04:16:30,2025-11-27 12:03:58,United Kingdom,427.7490909090909,682,2,5,5,255,Cannot Lose Them,0,3215.761426824297
14378,38,11,2276.7000000000003,103,2024-01-10 10:03:56,2025-11-24 14:46:07,United Kingdom,206.9727272727273,684,1,5,1,151,Cannot Lose Them,0,3215.761426824297
14379,4,11,2948.18,125,2024-01-12 12:30:17,2025-12-28 14:10:46,United Kingdom,268.0163636363636,716,5,5,3,553,Loyal Customers,0,3215.761426824297
14380,4,11,6411.110000000001,155,2024-01-10 01:29:11,2025-12-28 01:16:23,United Kingdom,582.8281818181819,717,5,5,5,555,Champions,0,3215.761426824297
14381,17,11,3311.46,121,2024-01-05 12:00:28,2025-12-15 17:10:43,United Kingdom,301.0418181818182,710,3,5,4,354,Loyal Customers,0,3215.761426824297
14382,9,11,3129.11,107,2024-01-31 06:36:39,2025-12-23 01:45:55,United Kingdom,284.4645454545455,691,4,5,3,453,Loyal Customers,0,3215.761426824297
14383,41,11,2317.03,115,2024-01-02 00:47:13,2025-11-21 20:30:40,United Kingdom,210.63909090909092,689,1,5,1,151,Cannot Lose Them,0,3215.761426824297
14384,37,11,2222.64,122,2024-02-27 14:25:38,2025-11-25 13:47:47,United Kingdom,202.0581818181818,636,2,5,1,251,Cannot Lose Them,0,3215.761426824297
14385,36,10,3297.85,120,2024-03-12 16:54:18,2025-11-26 16:44:09,United Kingdom,329.78499999999997,623,2,1,4,214,Hibernating,1,3109.399468085106
14386,33,11,3141.4700000000003,119,2024-02-12 20:11:18,2025-11-29 09:49:10,United Kingdom,285.58818181818185,655,2,5,3,253,Cannot Lose Them,0,3215.761426824297
14387,4,11,2817.36,97,2024-01-02 12:07:25,2025-12-28 22:19:23,United Kingdom,256.12363636363636,726,5,5,2,552,Loyal Customers,0,3215.761426824297
14388,59,11,2647.67,124,2024-01-27 22:35:50,2025-11-03 14:36:41,United Kingdom,240.69727272727275,645,1,5,2,152,Cannot Lose Them,0,3215.761426824297
14389,86,11,3416.4,117,2024-01-08 01:17:28,2025-10-07 03:34:44,United Kingdom,310.58181818181816,638,1,5,4,154,Cannot Lose Them,0,3215.761426824297
14390,28,11,2852.11,114,2024-01-06 10:42:30,2025-12-04 22:44:02,United Kingdom,259.2827272727273,698,2,5,3,253,Cannot Lose Them,0,3215.761426824297
14391,15,11,4601.57,124,2024-01-04 18:43:28,2025-12-17 12:41:34,United Kingdom,418.32454545454544,712,3,5,5,355,Loyal Customers,0,3215.761426824297
14392,3,11,2303.02,108,2024-03-06 10:19:07,2025-12-29 04:49:26,United Kingdom,209.36545454545455,662,5,5,1,551,Loyal Customers,0,3215.761426824297
14393,73,11,2800.99,110,2024-01-14 05:12:59,2025-10-20 01:53:44,United Kingdom,254.63545454545454,644,1,5,2,152,Cannot Lose Them,0,3215.761426824297
14394,31,11,3571.0,143,2024-02-05 10:48:11,2025-12-01 21:06:17,United Kingdom,324.6363636363636,665,2,5,4,254,Cannot Lose Them,0,3215.761426824297
14395,35,11,2417.81,101,2024-01-04 04:01:29,2025-11-27 20:20:04,United Kingdom,219.80090909090907,693,2,5,1,251,Cannot Lose Them,0,3215.761426824297
14396,45,11,2962.76,119,2024-01-12 01:02:24,2025-11-17 21:45:28,United Kingdom,269.3418181818182,675,1,5,3,153,Cannot Lose Them,0,3215.761426824297
14397,10,11,5483.99,148,2024-01-14 16:57:31,2025-12-22 07:43:34,United Kingdom,498.5445454545454,707,4,5,5,455,Champions,0,3215.761426824297
14398,2,11,1879.98,88,2024-02-07 15:00:07,2025-12-30 22:24:10,United Kingdom,170.90727272727273,692,5,5,1,551,Loyal Customers,0,3215.761426824297
14399,56,11,3926.48,134,2024-01-06 20:14:21,2025-11-06 17:33:45,United Kingdom,356.95272727272726,669,1,5,5,155,Cannot Lose Them,0,3215.761426824297
14400,72,11,3367.7400000000002,124,2024-01-15 17:39:11,2025-10-21 06:52:26,United Kingdom,306.15818181818184,644,1,5,4,154,Cannot Lose Them,0,3215.761426824297
14401,13,11,2395.04,116,2024-01-12 05:49:46,2025-12-19 18:32:20,United Kingdom,217.73090909090908,707,3,5,1,351,Loyal Customers,0,3215.761426824297
14402,19,11,2179.37,91,2024-02-02 09:37:22,2025-12-13 17:35:15,United Kingdom,198.12454545454545,680,3,5,1,351,Loyal Customers,0,3215.761426824297
14403,17,11,3674.44,127,2024-02-08 12:24:55,2025-12-15 04:00:10,United Kingdom,334.04,675,3,5,4,354,Loyal Customers,0,3215.761426824297
14404,30,11,2929.33,118,2024-02-06 00:55:52,2025-12-02 11:15:09,United Kingdom,266.3027272727273,665,2,5,3,253,Cannot Lose Them,0,3215.761426824297
14405,13,11,3923.11,142,2024-03-13 17:44:42,2025-12-19 11:54:05,United Kingdom,356.6463636363637,645,3,5,5,355,Loyal Customers,0,3215.761426824297
14406,16,11,2742.71,117,2024-01-05 01:53:30,2025-12-16 15:58:18,United Kingdom,249.33727272727273,711,3,5,2,352,Loyal Customers,0,3215.761426824297
14407,42,11,3118.76,116,2024-01-05 20:06:49,2025-11-20 01:06:25,United Kingdom,283.5236363636364,684,1,5,3,153,Cannot Lose Them,0,3215.761426824297
14408,5,11,4401.75,137,2024-01-16 01:37:46,2025-12-27 04:42:44,United Kingdom,400.15909090909093,711,5,5,5,555,Champions,0,3215.761426824297
14409,68,11,2665.09,114,2024-01-03 00:45:57,2025-10-25 22:50:18,United Kingdom,242.2809090909091,661,1,5,2,152,Cannot Lose Them,0,3215.761426824297
14410,11,11,4408.46,138,2024-01-12 11:51:29,2025-12-21 12:27:46,United Kingdom,400.7690909090909,709,4,5,5,455,Champions,0,3215.761426824297
14411,13,11,3649.5499999999997,125,2024-01-18 08:16:56,2025-12-19 18:52:33,United Kingdom,331.7772727272727,701,3,5,4,354,Loyal Customers,0,3215.761426824297
14412,23,11,2192.5099999999998,104,2024-02-15 05:33:21,2025-12-09 15:06:10,United Kingdom,199.31909090909087,663,2,5,1,251,Cannot Lose Them,0,3215.761426824297
14413,16,11,2375.83,106,2024-01-05 16:36:13,2025-12-16 03:29:05,United Kingdom,215.98454545454544,710,3,5,1,351,Loyal Customers,0,3215.761426824297
14414,1,11,2117.66,109,2024-01-15 05:04:13,2025-12-31 13:40:21,United Kingdom,192.51454545454544,716,5,5,1,551,Loyal Customers,0,3215.761426824297
14415,13,11,3621.2000000000003,122,2024-01-10 00:25:49,2025-12-19 16:03:53,United Kingdom,329.20000000000005,709,3,5,4,354,Loyal Customers,0,3215.761426824297
14416,21,11,5173.22,129,2024-01-13 11:46:43,2025-12-11 04:23:43,United Kingdom,470.2927272727273,697,3,5,5,355,Loyal Customers,0,3215.761426824297
14417,65,11,4268.49,153,2024-01-01 09:44:21,2025-10-28 16:26:34,United Kingdom,388.0445454545454,666,1,5,5,155,Cannot Lose Them,0,3215.761426824297
14418,8,11,3151.9300000000003,112,2024-03-13 11:22:56,2025-12-24 02:38:08,United Kingdom,286.53909090909093,650,4,5,3,453,Loyal Customers,0,3215.761426824297
14419,16,11,3137.7799999999997,118,2024-01-23 14:25:24,2025-12-16 21:05:30,United Kingdom,285.25272727272727,693,3,5,3,353,Loyal Customers,0,3215.761426824297
14420,69,11,2922.65,116,2024-03-02 08:29:17,2025-10-24 06:12:10,United Kingdom,265.69545454545454,600,1,5,3,153,Cannot Lose Them,0,3215.761426824297
14421,28,11,4662.23,136,2024-01-14 10:16:58,2025-12-04 22:14:08,United Kingdom,423.8390909090909,690,2,5,5,255,Cannot Lose Them,0,3215.761426824297
14422,7,11,4192.2,137,2024-02-01 10:35:52,2025-12-25 05:43:54,United Kingdom,381.10909090909087,692,4,5,5,455,Champions,0,3215.761426824297
14423,16,11,4207.59,132,2024-01-06 12:14:03,2025-12-16 21:51:55,United Kingdom,382.5081818181818,710,3,5,5,355,Loyal Customers,0,3215.761426824297
14424,5,11,2329.18,101,2024-01-25 12:10:45,2025-12-27 23:33:35,United Kingdom,211.74363636363634,702,5,5,1,551,Loyal Customers,0,3215.761426824297
14425,41,11,2118.47,94,2024-01-13 06:56:23,2025-11-21 07:26:21,United Kingdom,192.5881818181818,678,1,5,1,151,Cannot Lose Them,0,3215.761426824297
14426,25,11,3147.15,126,2024-01-23 09:41:50,2025-12-07 21:38:48,United Kingdom,286.1045454545455,684,2,5,3,253,Cannot Lose Them,0,3215.761426824297
14427,2,11,3289.66,109,2024-02-26 03:43:25,2025-12-30 00:21:23,United Kingdom,299.06,672,5,5,4,554,Champions,0,3215.761426824297
14428,40,11,1895.81,87,2024-01-30 13:34:14,2025-11-22 02:59:52,United Kingdom,172.34636363636363,661,1,5,1,151,Cannot Lose Them,0,3215.761426824297
14429,9,11,1592.91,98,2024-01-11 06:22:41,2025-12-23 03:22:26,United Kingdom,144.81,711,4,5,1,451,Loyal Customers,0,3215.761426824297
14430,45,11,3031.79,115,2024-01-07 10:44:50,2025-11-17 00:54:20,United Kingdom,275.61727272727273,679,1,5,3,153,Cannot Lose Them,0,3215.761426824297
14431,56,11,3042.46,124,2024-01-19 18:52:28,2025-11-06 20:55:36,United Kingdom,276.5872727272727,657,1,5,3,153,Cannot Lose Them,0,3215.761426824297
14432,39,11,3531.37,133,2024-01-03 22:00:39,2025-11-23 01:54:09,United Kingdom,321.03363636363633,689,1,5,4,154,Cannot Lose Them,0,3215.761426824297
14433,2,11,3082.27,109,2024-01-08 16:32:27,2025-12-30 23:24:12,United Kingdom,280.2063636363636,722,5,5,3,553,Loyal Customers,0,3215.761426824297
14434,42,11,3029.58,112,2024-01-04 00:20:40,2025-11-20 00:46:41,United Kingdom,275.41636363636366,686,1,5,3,153,Cannot Lose Them,0,3215.761426824297
14435,13,11,2861.2,126,2024-02-05 05:25:19,2025-12-19 15:14:21,United Kingdom,260.10909090909087,683,3,5,3,353,Loyal Customers,0,3215.761426824297
14436,34,11,3272.58,134,2024-01-07 11:50:07,2025-11-28 05:34:47,United Kingdom,297.5072727272727,690,2,5,4,254,Cannot Lose Them,0,3215.761426824297
14437,4,10,2838.0699999999997,99,2024-01-13 05:23:08,2025-12-28 07:20:58,United Kingdom,283.80699999999996,715,5,1,3,513,New / Promising,1,3109.399468085106
14438,16,11,2184.8,98,2024-01-03 18:04:15,2025-12-16 07:58:54,United Kingdom,198.61818181818182,712,3,5,1,351,Loyal Customers,0,3215.761426824297
14439,21,11,2442.51,114,2024-01-14 23:05:14,2025-12-11 23:18:06,United Kingdom,222.04636363636365,697,3,5,1,351,Loyal Customers,0,3215.761426824297
14440,35,11,3185.13,128,2024-03-27 04:56:07,2025-11-27 23:45:31,United Kingdom,289.55727272727273,610,2,5,3,253,Cannot Lose Them,0,3215.761426824297
14441,10,11,3735.74,129,2024-01-28 23:59:07,2025-12-22 09:07:28,United Kingdom,339.6127272727272,693,4,5,4,454,Champions,0,3215.761426824297
14442,6,11,4619.1900000000005,136,2024-01-02 08:17:14,2025-12-26 05:19:01,United Kingdom,419.9263636363637,723,4,5,5,455,Champions,0,3215.761426824297
14443,63,11,2551.25,115,2024-01-31 21:55:54,2025-10-30 04:58:21,United Kingdom,231.9318181818182,637,1,5,2,152,Cannot Lose Them,0,3215.761426824297
14444,48,11,2226.68,111,2024-01-07 19:51:49,2025-11-14 16:06:36,United Kingdom,202.42545454545453,676,1,5,1,151,Cannot Lose Them,0,3215.761426824297
14445,14,11,5688.2,158,2024-01-16 04:01:36,2025-12-18 10:23:18,United Kingdom,517.1090909090909,702,3,5,5,355,Loyal Customers,0,3215.761426824297
14446,52,11,4296.09,148,2024-01-13 11:05:32,2025-11-10 07:36:07,United Kingdom,390.5536363636364,666,1,5,5,155,Cannot Lose Them,0,3215.761426824297
14447,23,11,2302.04,100,2024-01-18 06:48:51,2025-12-09 05:58:33,United Kingdom,209.27636363636364,690,2,5,1,251,Cannot Lose Them,0,3215.761426824297
14448,4,11,3282.81,124,2024-06-05 17:33:40,2025-12-28 06:39:08,United Kingdom,298.4372727272727,570,5,5,4,554,Champions,0,3215.761426824297
14449,21,11,3938.95,136,2024-01-21 02:47:25,2025-12-11 14:45:58,United Kingdom,358.0863636363636,690,3,5,5,355,Loyal Customers,0,3215.761426824297
14450,8,11,2973.09,121,2024-01-13 18:35:28,2025-12-24 01:41:43,United Kingdom,270.2809090909091,710,4,5,3,453,Loyal Customers,0,3215.761426824297
14451,13,11,2111.16,110,2024-03-02 20:57:27,2025-12-19 20:19:59,United Kingdom,191.92363636363635,656,3,5,1,351,Loyal Customers,0,3215.761426824297
14452,52,11,2527.57,112,2024-01-24 07:44:17,2025-11-10 05:55:15,United Kingdom,229.7790909090909,655,1,5,2,152,Cannot Lose Them,0,3215.761426824297
14453,23,11,2458.31,117,2024-01-09 06:26:12,2025-12-09 05:22:39,United Kingdom,223.48272727272726,699,2,5,2,252,Cannot Lose Them,0,3215.761426824297
14454,7,11,3227.8900000000003,107,2024-01-15 15:54:27,2025-12-25 21:33:17,United Kingdom,293.4445454545455,710,4,5,4,454,Champions,0,3215.761426824297
14455,10,11,2329.71,109,2024-02-03 23:22:57,2025-12-22 02:12:49,United Kingdom,211.79181818181817,687,4,5,1,451,Loyal Customers,0,3215.761426824297
14456,28,11,4143.73,127,2024-01-02 15:20:52,2025-12-04 20:17:55,United Kingdom,376.70272727272726,702,2,5,5,255,Cannot Lose Them,0,3215.761426824297
14457,41,11,2617.46,114,2024-02-01 05:45:36,2025-11-21 12:42:42,United Kingdom,237.9509090909091,659,1,5,2,152,Cannot Lose Them,0,3215.761426824297
14458,72,11,3438.18,127,2024-02-22 00:16:52,2025-10-21 08:44:01,United Kingdom,312.5618181818182,607,1,5,4,154,Cannot Lose Them,0,3215.761426824297
14459,32,11,3212.04,115,2024-02-09 01:01:21,2025-11-30 05:55:19,United Kingdom,292.00363636363636,660,2,5,3,253,Cannot Lose Them,0,3215.761426824297
14460,32,11,4152.17,121,2024-01-09 08:29:30,2025-11-30 03:44:14,United Kingdom,377.47,690,2,5,5,255,Cannot Lose Them,0,3215.761426824297
14461,20,11,2298.34,107,2024-02-01 02:50:34,2025-12-12 05:34:56,United Kingdom,208.94000000000003,680,3,5,1,351,Loyal Customers,0,3215.761426824297
14462,28,11,3264.6099999999997,119,2024-01-12 19:43:25,2025-12-04 00:33:25,United Kingdom,296.78272727272724,691,2,5,4,254,Cannot Lose Them,0,3215.761426824297
14463,15,11,1908.81,91,2024-01-03 19:44:44,2025-12-17 12:50:02,United Kingdom,173.52818181818182,713,3,5,1,351,Loyal Customers,0,3215.761426824297
14464,29,11,4126.53,121,2024-02-18 07:44:01,2025-12-03 22:05:57,United Kingdom,375.1390909090909,654,2,5,5,255,Cannot Lose Them,0,3215.761426824297
14465,2,11,2275.21,106,2024-01-06 16:02:36,2025-12-30 01:02:49,United Kingdom,206.83727272727273,723,5,5,1,551,Loyal Customers,0,3215.761426824297
14466,12,11,4384.69,138,2024-02-20 23:16:48,2025-12-20 15:19:59,United Kingdom,398.6081818181818,668,4,5,5,455,Champions,0,3215.761426824297
14467,26,11,3101.77,117,2024-03-13 21:11:57,2025-12-06 13:51:41,United Kingdom,281.9790909090909,632,2,5,3,253,Cannot Lose Them,0,3215.761426824297
14468,41,11,2424.84,105,2024-02-09 18:40:48,2025-11-21 11:06:45,United Kingdom,220.44000000000003,650,1,5,1,151,Cannot Lose Them,0,3215.761426824297
14469,18,11,3610.98,138,2024-01-07 06:26:07,2025-12-14 02:03:48,United Kingdom,328.2709090909091,706,3,5,4,354,Loyal Customers,0,3215.761426824297
14470,17,11,2554.85,108,2024-01-26 08:44:06,2025-12-15 11:52:50,United Kingdom,232.2590909090909,689,3,5,2,352,Loyal Customers,0,3215.761426824297
14471,26,11,3498.15,132,2024-01-06 00:06:20,2025-12-06 04:16:09,United Kingdom,318.01363636363635,700,2,5,4,254,Cannot Lose Them,0,3215.761426824297
14472,31,11,2041.88,100,2024-01-26 23:10:54,2025-12-01 04:08:26,United Kingdom,185.62545454545455,674,2,5,1,251,Cannot Lose Them,0,3215.761426824297
14473,2,11,6365.53,153,2024-01-06 16:42:13,2025-12-30 15:41:50,United Kingdom,578.6845454545454,723,5,5,5,555,Champions,0,3215.761426824297
14474,14,11,2252.95,116,2024-01-06 07:35:17,2025-12-18 08:04:09,United Kingdom,204.81363636363633,712,3,5,1,351,Loyal Customers,0,3215.761426824297
14475,74,11,3121.04,114,2024-01-16 14:09:50,2025-10-19 21:53:57,United Kingdom,283.7309090909091,642,1,5,3,153,Cannot Lose Them,0,3215.761426824297
14476,23,11,3472.42,124,2024-02-07 11:00:09,2025-12-09 06:57:57,United Kingdom,315.67454545454547,670,2,5,4,254,Cannot Lose Them,0,3215.761426824297
14477,15,11,2372.39,102,2024-02-10 00:44:17,2025-12-17 12:14:22,United Kingdom,215.67181818181817,676,3,5,1,351,Loyal Customers,0,3215.761426824297
14478,2,11,6604.97,156,2024-03-23 01:06:10,2025-12-30 13:18:22,United Kingdom,600.4518181818182,647,5,5,5,555,Champions,0,3215.761426824297
14479,15,11,2696.41,106,2024-01-15 02:19:38,2025-12-17 22:44:32,United Kingdom,245.12818181818182,702,3,5,2,352,Loyal Customers,0,3215.761426824297
14480,14,11,4352.0,129,2024-01-05 13:29:26,2025-12-18 17:21:07,United Kingdom,395.6363636363636,713,3,5,5,355,Loyal Customers,0,3215.761426824297
14481,32,10,2474.44,105,2024-01-12 19:47:04,2025-11-30 02:25:31,United Kingdom,247.44400000000002,687,2,1,2,212,Hibernating,1,3109.399468085106
14482,5,11,2677.19,113,2024-01-07 05:52:45,2025-12-27 13:51:46,United Kingdom,243.38090909090909,720,5,5,2,552,Loyal Customers,0,3215.761426824297
14483,14,11,3050.73,124,2024-01-12 04:15:32,2025-12-18 00:01:57,United Kingdom,277.3390909090909,705,3,5,3,353,Loyal Customers,0,3215.761426824297
14484,9,11,5276.85,153,2024-03-30 13:52:41,2025-12-23 02:11:08,United Kingdom,479.7136363636364,632,4,5,5,455,Champions,0,3215.761426824297
14485,20,11,3971.52,130,2024-01-30 17:01:30,2025-12-12 01:57:36,United Kingdom,361.04727272727274,681,3,5,5,355,Loyal Customers,0,3215.761426824297
14486,21,11,3333.65,113,2024-01-06 09:09:53,2025-12-11 02:17:23,United Kingdom,303.0590909090909,704,3,5,4,354,Loyal Customers,0,3215.761426824297
14487,73,11,3310.53,121,2024-01-05 05:09:09,2025-10-20 13:28:54,United Kingdom,300.95727272727277,654,1,5,4,154,Cannot Lose Them,0,3215.761426824297
14488,20,11,3235.99,121,2024-01-07 04:53:54,2025-12-12 09:12:06,United Kingdom,294.1809090909091,705,3,5,4,354,Loyal Customers,0,3215.761426824297
14489,24,11,5122.2699999999995,145,2024-02-21 16:26:59,2025-12-08 10:26:43,United Kingdom,465.66090909090906,655,2,5,5,255,Cannot Lose Them,0,3215.761426824297
14490,2,11,3259.9700000000003,128,2024-02-05 05:38:22,2025-12-30 16:15:21,United Kingdom,296.3609090909091,694,5,5,4,554,Champions,0,3215.761426824297
14491,47,11,2395.13,109,2024-02-01 15:06:02,2025-11-15 06:10:15,Germany,217.73909090909092,652,1,5,1,151,Cannot Lose Them,0,3215.761426824297
14492,3,11,1799.6,100,2024-01-16 01:56:30,2025-12-29 15:28:58,United Kingdom,163.6,713,5,5,1,551,Loyal Customers,0,3215.761426824297
14493,17,11,2689.65,103,2024-01-19 08:10:23,2025-12-15 07:30:38,United Kingdom,244.51363636363638,695,3,5,2,352,Loyal Customers,0,3215.761426824297
14494,32,11,2431.63,108,2024-01-03 13:15:19,2025-11-30 05:50:26,United Kingdom,221.05727272727273,696,2,5,1,251,Cannot Lose Them,0,3215.761426824297
14495,5,11,3197.98,121,2024-03-10 22:51:58,2025-12-27 12:53:24,United Kingdom,290.72545454545457,656,5,5,3,553,Loyal Customers,0,3215.761426824297
14496,4,11,3476.7400000000002,113,2024-01-15 02:42:35,2025-12-28 06:46:34,United Kingdom,316.0672727272727,713,5,5,4,554,Champions,0,3215.761426824297
14497,7,11,3276.78,121,2024-01-22 15:39:02,2025-12-25 09:33:23,United Kingdom,297.88909090909095,702,4,5,4,454,Champions,0,3215.761426824297
14498,20,11,2075.15,103,2024-01-05 03:10:22,2025-12-12 01:57:45,United Kingdom,188.65,706,3,5,1,351,Loyal Customers,0,3215.761426824297
14499,21,11,2224.61,106,2024-01-08 14:23:59,2025-12-11 02:04:03,United Kingdom,202.23727272727274,702,3,5,1,351,Loyal Customers,0,3215.761426824297
14500,34,11,4101.08,120,2024-01-08 11:28:05,2025-11-28 20:34:44,United Kingdom,372.82545454545453,690,2,5,5,255,Cannot Lose Them,0,3215.761426824297
14501,16,11,5529.21,150,2024-01-12 23:31:31,2025-12-16 11:19:26,United Kingdom,502.6554545454546,703,3,5,5,355,Loyal Customers,0,3215.761426824297
14502,3,11,3171.79,113,2024-01-09 02:32:52,2025-12-29 03:04:24,United Kingdom,288.3445454545454,720,5,5,3,553,Loyal Customers,0,3215.761426824297
14503,1,11,4151.5599999999995,124,2024-01-09 05:40:22,2025-12-31 14:38:29,United Kingdom,377.4145454545454,722,5,5,5,555,Champions,0,3215.761426824297
14504,2,11,3223.11,123,2024-01-05 13:40:27,2025-12-30 05:37:31,United Kingdom,293.01,724,5,5,4,554,Champions,0,3215.761426824297
14505,11,11,2371.83,107,2024-02-12 16:02:01,2025-12-21 06:02:39,United Kingdom,215.6209090909091,677,4,5,1,451,Loyal Customers,0,3215.761426824297
14506,7,11,4171.42,134,2024-01-04 04:48:41,2025-12-25 02:25:06,United Kingdom,379.22,720,4,5,5,455,Champions,0,3215.761426824297
14507,1,11,2498.8,109,2024-01-14 20:54:36,2025-12-31 11:39:34,United Kingdom,227.16363636363639,716,5,5,2,552,Loyal Customers,0,3215.761426824297
14508,12,11,3403.48,127,2024-01-10 14:08:59,2025-12-20 04:47:38,United Kingdom,309.40727272727275,709,4,5,4,454,Champions,0,3215.761426824297
14509,1,11,3000.3,114,2024-01-03 23:07:40,2025-12-31 07:25:19,United Kingdom,272.75454545454545,727,5,5,3,553,Loyal Customers,0,3215.761426824297
14510,63,11,2859.46,120,2024-01-18 05:27:17,2025-10-30 15:18:51,United Kingdom,259.9509090909091,651,1,5,3,153,Cannot Lose Them,0,3215.761426824297
14511,36,11,1918.6799999999998,104,2024-04-08 03:26:35,2025-11-26 02:22:58,United Kingdom,174.42545454545453,596,2,5,1,251,Cannot Lose Them,0,3215.761426824297
14512,37,11,2066.08,92,2024-01-06 14:18:33,2025-11-25 10:27:13,United Kingdom,187.82545454545453,688,2,5,1,251,Cannot Lose Them,0,3215.761426824297
14513,26,11,2602.18,109,2024-01-29 02:28:37,2025-12-06 14:23:54,United Kingdom,236.56181818181815,677,2,5,2,252,Cannot Lose Them,0,3215.761426824297
14514,29,11,2568.7200000000003,113,2024-01-07 21:25:48,2025-12-03 07:09:26,United Kingdom,233.52,695,2,5,2,252,Cannot Lose Them,0,3215.761426824297
14515,2,11,3122.7,114,2024-01-04 22:24:10,2025-12-30 20:07:51,United Kingdom,283.8818181818182,725,5,5,3,553,Loyal Customers,0,3215.761426824297
14516,30,11,2527.57,110,2024-01-02 14:50:20,2025-12-02 09:52:56,United Kingdom,229.7790909090909,699,2,5,2,252,Cannot Lose Them,0,3215.761426824297
14517,12,11,2570.91,107,2024-01-15 11:16:00,2025-12-20 20:30:14,United Kingdom,233.7190909090909,705,4,5,2,452,Loyal Customers,0,3215.761426824297
14518,32,11,1805.3700000000001,86,2024-01-03 16:40:13,2025-11-30 07:50:35,United Kingdom,164.12454545454545,696,2,5,1,251,Cannot Lose Them,0,3215.761426824297
14519,15,11,3631.28,129,2024-01-05 16:02:14,2025-12-17 16:19:04,United Kingdom,330.11636363636364,712,3,5,4,354,Loyal Customers,0,3215.761426824297
14520,23,11,2504.29,109,2024-01-03 11:29:28,2025-12-09 02:28:38,United Kingdom,227.66272727272727,705,2,5,2,252,Cannot Lose Them,0,3215.761426824297
14521,44,11,2082.84,107,2024-02-04 20:16:44,2025-11-18 14:09:30,United Kingdom,189.34909090909093,652,1,5,1,151,Cannot Lose Them,0,3215.761426824297
14522,2,11,2216.69,110,2024-01-11 08:53:01,2025-12-30 22:23:12,United Kingdom,201.51727272727274,719,5,5,1,551,Loyal Customers,0,3215.761426824297
14523,72,11,4969.08,143,2024-01-06 03:20:32,2025-10-21 01:07:30,United Kingdom,451.73454545454547,653,1,5,5,155,Cannot Lose Them,0,3215.761426824297
14524,6,11,2299.22,108,2024-01-11 13:28:14,2025-12-26 22:25:52,United Kingdom,209.01999999999998,715,4,5,1,451,Loyal Customers,0,3215.761426824297
14525,38,11,2435.96,104,2024-01-21 17:41:12,2025-11-24 07:58:28,United Kingdom,221.4509090909091,672,1,5,1,151,Cannot Lose Them,0,3215.761426824297
14526,18,11,2982.67,121,2024-03-14 07:07:07,2025-12-14 06:55:56,United Kingdom,271.1518181818182,639,3,5,3,353,Loyal Customers,0,3215.761426824297
14527,22,11,3176.91,135,2024-02-15 05:34:54,2025-12-10 23:33:36,United Kingdom,288.81,664,3,5,3,353,Loyal Customers,0,3215.761426824297
14528,40,11,3469.89,122,2024-02-06 12:51:40,2025-11-22 04:03:17,United Kingdom,315.44454545454545,654,1,5,4,154,Cannot Lose Them,0,3215.761426824297
14529,19,11,4819.4400000000005,146,2024-02-27 08:52:32,2025-12-13 20:20:48,United Kingdom,438.13090909090914,655,3,5,5,355,Loyal Customers,0,3215.761426824297
14530,34,11,3562.87,119,2024-01-05 15:20:36,2025-11-28 18:36:42,United Kingdom,323.8972727272727,693,2,5,4,254,Cannot Lose Them,0,3215.761426824297
14531,6,11,1896.87,87,2024-01-26 23:25:40,2025-12-26 22:51:50,United Kingdom,172.44272727272727,699,4,5,1,451,Loyal Customers,0,3215.761426824297
14532,9,11,3274.5499999999997,118,2024-01-10 03:02:48,2025-12-23 21:11:59,United Kingdom,297.68636363636364,713,4,5,4,454,Champions,0,3215.761426824297
14533,28,11,2992.57,122,2024-01-20 08:51:50,2025-12-04 05:54:16,United Kingdom,272.0518181818182,683,2,5,3,253,Cannot Lose Them,0,3215.761426824297
14534,58,10,2901.19,102,2024-01-13 14:55:55,2025-11-04 19:03:55,United Kingdom,290.119,661,1,1,3,113,Hibernating,1,3109.399468085106
14535,3,11,3142.73,122,2024-02-07 13:12:09,2025-12-29 11:59:44,United Kingdom,285.70272727272726,690,5,5,3,553,Loyal Customers,0,3215.761426824297
14536,4,11,2505.0699999999997,109,2024-01-03 10:37:46,2025-12-28 05:06:48,United Kingdom,227.73363636363635,724,5,5,2,552,Loyal Customers,0,3215.761426824297
14537,38,11,3429.48,129,2024-01-03 23:40:19,2025-11-24 17:49:10,United Kingdom,311.7709090909091,690,1,5,4,154,Cannot Lose Them,0,3215.761426824297
14538,7,11,3341.96,109,2024-01-24 02:35:50,2025-12-25 03:20:20,United Kingdom,303.81454545454545,701,4,5,4,454,Champions,0,3215.761426824297
14539,18,11,2668.75,99,2024-02-06 10:06:01,2025-12-14 14:13:24,United Kingdom,242.61363636363637,677,3,5,2,352,Loyal Customers,0,3215.761426824297
14540,38,11,3588.52,142,2024-01-05 17:29:41,2025-11-24 22:08:20,United Kingdom,326.2290909090909,689,1,5,4,154,Cannot Lose Them,0,3215.761426824297
14541,8,11,2842.66,109,2024-01-12 09:40:12,2025-12-24 08:34:31,United Kingdom,258.4236363636364,711,4,5,3,453,Loyal Customers,0,3215.761426824297
14542,4,11,3233.37,119,2024-04-21 12:46:29,2025-12-28 23:42:32,United Kingdom,293.94272727272727,616,5,5,4,554,Champions,0,3215.761426824297
14543,11,11,2901.91,101,2024-02-02 14:44:35,2025-12-21 02:01:55,United Kingdom,263.81,687,4,5,3,453,Loyal Customers,0,3215.761426824297
14544,5,11,3574.5099999999998,130,2024-02-12 20:00:24,2025-12-27 04:48:11,United Kingdom,324.95545454545453,683,5,5,4,554,Champions,0,3215.761426824297
14545,18,11,3202.7999999999997,118,2024-01-15 15:59:46,2025-12-14 04:59:33,United Kingdom,291.16363636363633,698,3,5,3,353,Loyal Customers,0,3215.761426824297
14546,102,11,3634.95,137,2024-01-09 15:44:10,2025-09-21 20:39:28,United Kingdom,330.45,621,1,5,4,154,Cannot Lose Them,0,3215.761426824297
14547,26,11,3206.4500000000003,121,2024-02-19 11:09:09,2025-12-06 17:41:02,United Kingdom,291.49545454545455,656,2,5,3,253,Cannot Lose Them,0,3215.761426824297
14548,41,11,3975.47,133,2024-02-28 06:47:23,2025-11-21 16:11:42,United Kingdom,361.4063636363636,632,1,5,5,155,Cannot Lose Them,0,3215.761426824297
14549,24,11,3101.12,103,2024-02-29 13:05:34,2025-12-08 12:35:52,United Kingdom,281.92,647,2,5,3,253,Cannot Lose Them,0,3215.761426824297
14550,16,11,4215.7,136,2024-02-09 22:39:30,2025-12-16 19:11:31,United Kingdom,383.24545454545455,675,3,5,5,355,Loyal Customers,0,3215.761426824297
14551,97,11,3163.1,125,2024-01-16 02:33:06,2025-09-26 10:06:47,United Kingdom,287.55454545454546,619,1,5,3,153,Cannot Lose Them,0,3215.761426824297
14552,32,11,4553.16,145,2024-01-12 09:21:12,2025-11-30 05:07:12,United Kingdom,413.9236363636364,687,2,5,5,255,Cannot Lose Them,0,3215.761426824297
14553,2,11,4542.68,135,2024-01-18 09:44:47,2025-12-30 18:34:51,United Kingdom,412.9709090909091,712,5,5,5,555,Champions,0,3215.761426824297
14554,17,11,3388.49,113,2024-02-10 11:56:55,2025-12-15 06:31:37,United Kingdom,308.0445454545454,673,3,5,4,354,Loyal Customers,0,3215.761426824297
14555,42,11,3435.06,114,2024-03-15 12:52:38,2025-11-20 19:21:00,United Kingdom,312.2781818181818,615,1,5,4,154,Cannot Lose Them,0,3215.761426824297
14556,20,11,2666.96,116,2024-01-14 21:06:39,2025-12-12 13:17:13,United Kingdom,242.4509090909091,697,3,5,2,352,Loyal Customers,0,3215.761426824297
14557,37,11,3883.12,158,2024-01-16 18:59:40,2025-11-25 20:04:28,United Kingdom,353.0109090909091,679,2,5,5,255,Cannot Lose Them,0,3215.761426824297
14558,44,11,2701.95,115,2024-01-03 11:26:16,2025-11-18 15:48:08,United Kingdom,245.63181818181818,685,1,5,2,152,Cannot Lose Them,0,3215.761426824297
14559,23,11,2561.7200000000003,104,2024-02-02 17:14:33,2025-12-09 07:28:36,United Kingdom,232.88363636363638,675,2,5,2,252,Cannot Lose Them,0,3215.761426824297
14560,15,11,3057.99,130,2024-01-04 20:51:07,2025-12-17 19:21:57,United Kingdom,277.9990909090909,712,3,5,3,353,Loyal Customers,0,3215.761426824297
14561,19,11,4706.03,148,2024-03-31 04:54:49,2025-12-13 03:08:03,United Kingdom,427.8209090909091,621,3,5,5,355,Loyal Customers,0,3215.761426824297
14562,29,11,4302.46,131,2024-02-19 06:08:07,2025-12-03 23:26:19,United Kingdom,391.13272727272727,653,2,5,5,255,Cannot Lose Them,0,3215.761426824297
14563,36,11,2241.38,97,2024-01-03 04:28:29,2025-11-26 08:05:57,United Kingdom,203.7618181818182,693,2,5,1,251,Cannot Lose Them,0,3215.761426824297
14564,15,10,3436.7999999999997,124,2024-01-29 17:51:17,2025-12-17 22:56:24,United Kingdom,343.67999999999995,688,3,1,4,314,Need Attention,1,3109.399468085106
14565,1,11,2226.1,99,2024-01-06 19:22:47,2025-12-31 19:51:23,United Kingdom,202.37272727272727,725,5,5,1,551,Loyal Customers,0,3215.761426824297
14566,15,11,2711.85,103,2024-01-04 12:17:41,2025-12-17 21:54:50,United Kingdom,246.53181818181818,713,3,5,2,352,Loyal Customers,0,3215.761426824297
14567,56,11,3643.32,134,2024-01-15 22:34:11,2025-11-06 21:31:30,United Kingdom,331.2109090909091,660,1,5,4,154,Cannot Lose Them,0,3215.761426824297
14568,24,11,2451.4900000000002,107,2024-01-03 14:50:21,2025-12-08 01:09:36,United Kingdom,222.86272727272728,704,2,5,1,251,Cannot Lose Them,0,3215.761426824297
14569,6,11,2968.46,103,2024-01-21 15:00:10,2025-12-26 01:05:17,United Kingdom,269.86,704,4,5,3,453,Loyal Customers,0,3215.761426824297
14570,17,11,2638.92,109,2024-04-22 16:33:03,2025-12-15 01:18:21,United Kingdom,239.9018181818182,601,3,5,2,352,Loyal Customers,0,3215.761426824297
14571,54,11,3906.67,141,2024-02-07 08:23:03,2025-11-08 19:54:41,United Kingdom,355.1518181818182,640,1,5,5,155,Cannot Lose Them,0,3215.761426824297
14572,15,11,2359.31,108,2024-01-08 05:56:30,2025-12-17 17:13:26,United Kingdom,214.48272727272726,709,3,5,1,351,Loyal Customers,0,3215.761426824297
14573,110,11,2447.39,111,2024-01-31 17:42:37,2025-09-13 12:17:15,United Kingdom,222.48999999999998,590,1,5,1,151,Cannot Lose Them,0,3215.761426824297
14574,36,11,4771.51,155,2024-01-13 11:47:47,2025-11-26 00:41:23,United Kingdom,433.7736363636364,682,2,5,5,255,Cannot Lose Them,0,3215.761426824297
14575,18,11,2241.54,98,2024-02-08 04:22:16,2025-12-14 15:04:02,United Kingdom,203.77636363636364,675,3,5,1,351,Loyal Customers,0,3215.761426824297
14576,18,11,4251.77,143,2024-01-21 03:28:40,2025-12-14 07:03:05,United Kingdom,386.5245454545455,693,3,5,5,355,Loyal Customers,0,3215.761426824297
14577,43,11,2796.13,116,2024-01-20 17:19:16,2025-11-19 04:15:28,United Kingdom,254.1936363636364,668,1,5,2,152,Cannot Lose Them,0,3215.761426824297
14578,56,11,2521.08,109,2024-01-21 23:34:51,2025-11-06 09:20:34,United Kingdom,229.1890909090909,654,1,5,2,152,Cannot Lose Them,0,3215.761426824297
14579,33,11,4072.7599999999998,122,2024-01-03 18:20:00,2025-11-29 04:27:34,United Kingdom,370.2509090909091,695,2,5,5,255,Cannot Lose Them,0,3215.761426824297
14580,22,11,5009.55,155,2024-02-09 09:08:02,2025-12-10 04:59:56,United Kingdom,455.4136363636364,669,3,5,5,355,Loyal Customers,0,3215.761426824297
14581,17,11,3369.9900000000002,133,2024-01-04 07:03:03,2025-12-15 19:09:31,United Kingdom,306.3627272727273,711,3,5,4,354,Loyal Customers,0,3215.761426824297
14582,14,11,2424.2400000000002,96,2024-02-10 20:02:04,2025-12-18 19:33:11,United Kingdom,220.38545454545456,676,3,5,1,351,Loyal Customers,0,3215.761426824297
14583,10,11,2716.72,115,2024-01-15 05:48:14,2025-12-22 12:57:01,United Kingdom,246.97454545454545,707,4,5,2,452,Loyal Customers,0,3215.761426824297
14584,18,11,2623.34,115,2024-01-03 10:15:15,2025-12-14 13:21:43,United Kingdom,238.48545454545456,711,3,5,2,352,Loyal Customers,0,3215.761426824297
14585,45,11,2282.15,108,2024-01-28 11:52:41,2025-11-17 09:41:31,United Kingdom,207.46818181818182,658,1,5,1,151,Cannot Lose Them,0,3215.761426824297
14586,3,11,2978.43,118,2024-01-14 15:46:43,2025-12-29 16:14:53,United Kingdom,270.7663636363636,715,5,5,3,553,Loyal Customers,0,3215.761426824297
14587,12,11,2217.53,104,2024-01-04 17:19:37,2025-12-20 05:04:24,United Kingdom,201.5936363636364,715,4,5,1,451,Loyal Customers,0,3215.761426824297
14588,12,11,3099.92,105,2024-01-19 03:09:44,2025-12-20 11:48:09,United Kingdom,281.8109090909091,701,4,5,3,453,Loyal Customers,0,3215.761426824297
14589,47,11,2742.83,124,2024-02-07 16:48:30,2025-11-15 06:17:55,United Kingdom,249.3481818181818,646,1,5,2,152,Cannot Lose Them,0,3215.761426824297
14590,11,11,3850.2599999999998,140,2024-02-27 08:57:55,2025-12-21 08:41:42,United Kingdom,350.02363636363634,662,4,5,4,454,Champions,0,3215.761426824297
14591,16,11,3347.71,125,2024-01-24 22:46:10,2025-12-16 07:57:18,United Kingdom,304.3372727272727,691,3,5,4,354,Loyal Customers,0,3215.761426824297
14592,7,11,3509.65,135,2024-01-07 07:31:29,2025-12-25 06:00:09,United Kingdom,319.0590909090909,717,4,5,4,454,Champions,0,3215.761426824297
14593,60,11,3516.41,118,2024-03-07 18:12:09,2025-11-02 01:04:45,United Kingdom,319.6736363636364,604,1,5,4,154,Cannot Lose Them,0,3215.761426824297
14594,29,11,2667.9900000000002,121,2024-01-10 21:37:03,2025-12-03 14:48:32,United Kingdom,242.54454545454547,692,2,5,2,252,Cannot Lose Them,0,3215.761426824297
14595,1,11,2941.94,124,2024-01-01 10:36:21,2025-12-31 23:49:04,United Kingdom,267.4490909090909,730,5,5,3,553,Loyal Customers,0,3215.761426824297
14596,1,11,8706.53,162,2024-01-06 04:49:47,2025-12-31 05:24:28,United Kingdom,791.5027272727274,725,5,5,5,555,Champions,0,3215.761426824297
14597,3,11,2895.24,118,2024-01-12 17:24:49,2025-12-29 08:45:45,United Kingdom,263.20363636363635,716,5,5,3,553,Loyal Customers,0,3215.761426824297
14598,46,11,3377.79,131,2024-01-11 20:50:51,2025-11-16 04:02:12,United Kingdom,307.0718181818182,674,1,5,4,154,Cannot Lose Them,0,3215.761426824297
14599,16,11,2353.01,111,2024-02-14 22:27:23,2025-12-16 13:54:16,United Kingdom,213.91000000000003,670,3,5,1,351,Loyal Customers,0,3215.761426824297
14600,11,11,4232.52,131,2024-02-07 12:53:59,2025-12-21 21:18:34,United Kingdom,384.7745454545455,683,4,5,5,455,Champions,0,3215.761426824297
14601,3,11,2488.38,115,2024-01-07 05:21:47,2025-12-29 20:31:49,United Kingdom,226.21636363636364,722,5,5,2,552,Loyal Customers,0,3215.761426824297
14602,46,11,2435.7,112,2024-01-05 01:38:17,2025-11-16 02:32:04,United Kingdom,221.4272727272727,681,1,5,1,151,Cannot Lose Them,0,3215.761426824297
14603,39,11,2221.72,94,2024-01-26 09:05:45,2025-11-23 12:47:50,United Kingdom,201.97454545454545,667,1,5,1,151,Cannot Lose Them,0,3215.761426824297
14604,8,11,3612.2,125,2024-01-29 00:04:08,2025-12-24 01:14:21,United Kingdom,328.3818181818182,695,4,5,4,454,Champions,0,3215.761426824297
14605,19,11,3429.49,126,2024-01-07 12:54:39,2025-12-13 15:40:08,United Kingdom,311.77181818181816,706,3,5,4,354,Loyal Customers,0,3215.761426824297
14606,22,11,3268.68,102,2024-03-11 11:59:54,2025-12-10 12:23:26,United Kingdom,297.15272727272725,639,3,5,4,354,Loyal Customers,0,3215.761426824297
14607,1,11,3703.12,122,2024-01-02 11:20:42,2025-12-31 03:47:07,United Kingdom,336.6472727272727,728,5,5,4,554,Champions,0,3215.761426824297
14608,17,11,4676.92,131,2024-01-31 08:11:59,2025-12-15 08:33:27,United Kingdom,425.17454545454547,684,3,5,5,355,Loyal Customers,0,3215.761426824297
14609,15,11,2589.05,110,2024-04-23 01:39:30,2025-12-17 06:18:21,United Kingdom,235.36818181818182,603,3,5,2,352,Loyal Customers,0,3215.761426824297
14610,14,11,3051.15,118,2024-02-15 00:02:25,2025-12-18 21:19:08,United Kingdom,277.3772727272727,672,3,5,3,353,Loyal Customers,0,3215.761426824297
14611,81,11,2490.34,120,2024-01-12 18:52:54,2025-10-12 15:53:00,United Kingdom,226.39454545454547,638,1,5,2,152,Cannot Lose Them,0,3215.761426824297
14612,2,10,2566.85,100,2024-01-06 10:49:45,2025-12-30 10:17:47,United Kingdom,256.685,723,5,1,2,512,New / Promising,1,3109.399468085106
14613,9,10,2607.11,122,2024-01-13 07:16:01,2025-12-23 10:07:24,United Kingdom,260.711,710,4,1,2,412,New / Promising,1,3109.399468085106
14614,78,11,2842.2200000000003,121,2024-01-02 15:34:07,2025-10-15 20:44:20,United Kingdom,258.3836363636364,652,1,5,3,153,Cannot Lose Them,0,3215.761426824297
14615,63,11,3628.15,141,2024-02-20 09:09:17,2025-10-30 12:34:34,United Kingdom,329.83181818181816,618,1,5,4,154,Cannot Lose Them,0,3215.761426824297
14616,16,11,2276.21,110,2024-01-03 01:41:56,2025-12-16 02:49:19,United Kingdom,206.92818181818183,713,3,5,1,351,Loyal Customers,0,3215.761426824297
14617,10,11,3751.13,119,2024-01-20 10:32:29,2025-12-22 13:29:42,United Kingdom,341.01181818181817,702,4,5,4,454,Champions,0,3215.761426824297
14618,23,11,2976.1,121,2024-02-08 16:17:40,2025-12-09 09:18:47,United Kingdom,270.55454545454546,669,2,5,3,253,Cannot Lose Them,0,3215.761426824297
14619,16,11,3033.62,137,2024-01-05 18:41:29,2025-12-16 14:52:23,United Kingdom,275.78363636363633,710,3,5,3,353,Loyal Customers,0,3215.761426824297
14620,5,11,2341.31,99,2024-01-02 12:16:02,2025-12-27 16:36:44,United Kingdom,212.84636363636363,725,5,5,1,551,Loyal Customers,0,3215.761426824297
14621,28,11,2673.14,106,2024-02-12 14:46:04,2025-12-04 09:05:02,United Kingdom,243.01272727272726,660,2,5,2,252,Cannot Lose Them,0,3215.761426824297
14622,7,11,2445.69,107,2024-01-15 01:37:39,2025-12-25 00:58:46,United Kingdom,222.33545454545455,709,4,5,1,451,Loyal Customers,0,3215.761426824297
14623,21,11,2458.41,109,2024-01-06 09:47:06,2025-12-11 08:45:17,United Kingdom,223.49181818181816,704,3,5,2,352,Loyal Customers,0,3215.761426824297
14624,19,11,2264.4,104,2024-02-03 18:36:51,2025-12-13 07:54:59,United Kingdom,205.85454545454547,678,3,5,1,351,Loyal Customers,0,3215.761426824297
14625,8,11,2867.77,111,2024-01-15 00:44:16,2025-12-24 18:26:36,United Kingdom,260.7063636363636,709,4,5,3,453,Loyal Customers,0,3215.761426824297
14626,29,11,3352.07,123,2024-01-04 23:34:54,2025-12-03 04:35:36,France,304.7336363636364,698,2,5,4,254,Cannot Lose Them,0,3215.761426824297
14627,21,11,2864.9300000000003,120,2024-02-09 20:03:21,2025-12-11 00:06:12,United Kingdom,260.44818181818187,670,3,5,3,353,Loyal Customers,0,3215.761426824297
14628,13,11,2632.89,116,2024-02-01 14:21:02,2025-12-19 18:53:11,United Kingdom,239.35363636363635,687,3,5,2,352,Loyal Customers,0,3215.761426824297
14629,19,11,1905.27,100,2024-01-17 23:17:39,2025-12-13 11:04:33,United Kingdom,173.20636363636365,695,3,5,1,351,Loyal Customers,0,3215.761426824297
14630,77,11,2248.8,99,2024-01-10 16:32:14,2025-10-16 04:05:10,United Kingdom,204.43636363636367,644,1,5,1,151,Cannot Lose Them,0,3215.761426824297
14631,28,11,6026.88,155,2024-02-09 19:50:09,2025-12-04 19:22:22,United Kingdom,547.8981818181818,663,2,5,5,255,Cannot Lose Them,0,3215.761426824297
14632,42,11,3393.82,123,2024-01-19 10:58:47,2025-11-20 01:52:21,United Kingdom,308.52909090909094,670,1,5,4,154,Cannot Lose Them,0,3215.761426824297
14633,4,11,2766.1,118,2024-01-29 23:42:14,2025-12-28 07:03:48,United Kingdom,251.46363636363637,698,5,5,2,552,Loyal Customers,0,3215.761426824297
14634,16,11,3274.94,125,2024-02-06 21:36:25,2025-12-16 15:36:08,United Kingdom,297.7218181818182,678,3,5,4,354,Loyal Customers,0,3215.761426824297
14635,55,11,2577.72,114,2024-01-29 05:13:19,2025-11-07 21:41:30,United Kingdom,234.3381818181818,648,1,5,2,152,Cannot Lose Them,0,3215.761426824297
14636,18,11,2049.8,103,2024-01-01 20:16:14,2025-12-14 13:35:37,United Kingdom,186.34545454545457,712,3,5,1,351,Loyal Customers,0,3215.761426824297
14637,12,11,2448.2,121,2024-01-30 19:23:56,2025-12-20 15:05:45,Germany,222.56363636363633,689,4,5,1,451,Loyal Customers,0,3215.761426824297
14638,44,11,3335.2,128,2024-01-14 01:44:00,2025-11-18 08:48:55,United Kingdom,303.2,674,1,5,4,154,Cannot Lose Them,0,3215.761426824297
14639,9,11,3695.58,119,2024-03-29 01:07:53,2025-12-23 12:56:08,United Kingdom,335.96181818181816,634,4,5,4,454,Champions,0,3215.761426824297
14640,8,11,2422.77,103,2024-01-08 08:51:41,2025-12-24 14:57:09,United Kingdom,220.25181818181818,716,4,5,1,451,Loyal Customers,0,3215.761426824297
14641,7,11,3197.31,125,2024-02-07 01:25:55,2025-12-25 07:23:09,United Kingdom,290.6645454545455,687,4,5,3,453,Loyal Customers,0,3215.761426824297
14642,16,11,2620.2,115,2024-03-04 00:24:02,2025-12-16 15:19:48,United Kingdom,238.2,652,3,5,2,352,Loyal Customers,0,3215.761426824297
14643,9,11,2758.75,114,2024-01-10 08:19:54,2025-12-23 16:17:54,United Kingdom,250.79545454545453,713,4,5,2,452,Loyal Customers,0,3215.761426824297
14644,42,11,2739.39,114,2024-01-06 08:21:13,2025-11-20 19:58:13,United Kingdom,249.03545454545454,684,1,5,2,152,Cannot Lose Them,0,3215.761426824297
14645,10,11,3791.2000000000003,110,2024-01-01 12:38:57,2025-12-22 15:19:18,United Kingdom,344.6545454545455,721,4,5,4,454,Champions,0,3215.761426824297
14646,32,11,2566.9500000000003,110,2024-01-24 01:00:04,2025-11-30 02:33:54,United Kingdom,233.35909090909092,676,2,5,2,252,Cannot Lose Them,0,3215.761426824297
14647,17,11,2543.99,105,2024-01-23 01:25:56,2025-12-15 13:18:59,United Kingdom,231.27181818181816,692,3,5,2,352,Loyal Customers,0,3215.761426824297
14648,39,11,2873.72,104,2024-05-10 08:15:35,2025-11-23 21:40:12,United Kingdom,261.24727272727273,562,1,5,3,153,Cannot Lose Them,0,3215.761426824297
14649,2,11,2961.94,123,2024-01-27 00:39:23,2025-12-30 03:54:36,United Kingdom,269.2672727272727,703,5,5,3,553,Loyal Customers,0,3215.761426824297
14650,9,11,2180.58,104,2024-01-05 01:23:51,2025-12-23 10:09:08,United Kingdom,198.23454545454544,718,4,5,1,451,Loyal Customers,0,3215.761426824297
14651,2,11,2828.46,115,2024-01-02 20:01:50,2025-12-30 09:39:44,United Kingdom,257.13272727272727,727,5,5,3,553,Loyal Customers,0,3215.761426824297
14652,36,11,4700.06,151,2024-01-14 19:10:30,2025-11-26 07:06:17,United Kingdom,427.27818181818185,681,2,5,5,255,Cannot Lose Them,0,3215.761426824297
14653,2,11,4457.349999999999,140,2024-01-25 19:38:26,2025-12-30 18:56:23,United Kingdom,405.21363636363634,704,5,5,5,555,Champions,0,3215.761426824297
14654,65,11,2817.84,123,2024-02-22 14:40:17,2025-10-28 10:18:57,United Kingdom,256.16727272727275,613,1,5,2,152,Cannot Lose Them,0,3215.761426824297
14655,121,11,3289.4500000000003,131,2024-01-06 04:02:30,2025-09-02 18:02:24,United Kingdom,299.0409090909091,605,1,5,4,154,Cannot Lose Them,0,3215.761426824297
14656,9,11,2888.97,115,2024-02-21 01:32:53,2025-12-23 06:09:19,United Kingdom,262.63363636363636,671,4,5,3,453,Loyal Customers,0,3215.761426824297
14657,52,11,2796.63,112,2024-02-13 20:55:36,2025-11-10 22:07:37,United Kingdom,254.23909090909092,636,1,5,2,152,Cannot Lose Them,0,3215.761426824297
14658,3,11,2989.37,124,2024-02-23 16:36:17,2025-12-29 23:02:31,United Kingdom,271.7609090909091,675,5,5,3,553,Loyal Customers,0,3215.761426824297
14659,15,11,3117.88,108,2024-01-23 21:16:13,2025-12-17 19:00:29,United Kingdom,283.44363636363636,693,3,5,3,353,Loyal Customers,0,3215.761426824297
14660,58,11,3329.7400000000002,130,2024-01-15 18:41:53,2025-11-04 10:25:08,United Kingdom,302.7036363636364,658,1,5,4,154,Cannot Lose Them,0,3215.761426824297
14661,34,11,3151.82,126,2024-01-16 06:23:58,2025-11-28 08:48:08,United Kingdom,286.52909090909094,682,2,5,3,253,Cannot Lose Them,0,3215.761426824297
14662,4,11,2799.2200000000003,120,2024-02-05 04:03:26,2025-12-28 19:37:55,United Kingdom,254.47454545454548,692,5,5,2,552,Loyal Customers,0,3215.761426824297
14663,15,11,2573.83,107,2024-01-24 15:27:33,2025-12-17 04:01:12,United Kingdom,233.98454545454544,692,3,5,2,352,Loyal Customers,0,3215.761426824297
14664,1,11,7689.59,161,2024-01-03 11:19:55,2025-12-31 11:17:15,United Kingdom,699.0536363636364,727,5,5,5,555,Champions,0,3215.761426824297
14665,7,11,4153.7,129,2024-01-13 15:18:03,2025-12-25 06:36:58,United Kingdom,377.60909090909087,711,4,5,5,455,Champions,0,3215.761426824297
14666,7,11,2208.74,100,2024-01-14 17:35:39,2025-12-25 22:24:00,United Kingdom,200.79454545454544,711,4,5,1,451,Loyal Customers,0,3215.761426824297
14667,5,11,2598.98,137,2024-01-26 13:29:27,2025-12-27 01:05:28,United Kingdom,236.2709090909091,700,5,5,2,552,Loyal Customers,0,3215.761426824297
14668,36,11,2652.63,123,2024-01-02 01:43:00,2025-11-26 04:39:20,United Kingdom,241.14818181818183,694,2,5,2,252,Cannot Lose Them,0,3215.761426824297
14669,5,11,3237.98,132,2024-01-29 15:07:51,2025-12-27 11:28:13,United Kingdom,294.3618181818182,697,5,5,4,554,Champions,0,3215.761426824297
14670,74,11,4165.86,115,2024-01-26 09:32:35,2025-10-19 08:06:03,United Kingdom,378.71454545454543,631,1,5,5,155,Cannot Lose Them,0,3215.761426824297
14671,27,11,2377.1,112,2024-01-16 10:46:33,2025-12-05 02:00:44,United Kingdom,216.1,688,2,5,1,251,Cannot Lose Them,0,3215.761426824297
14672,12,11,2306.65,114,2024-01-22 15:12:42,2025-12-20 14:52:05,United Kingdom,209.69545454545457,697,4,5,1,451,Loyal Customers,0,3215.761426824297
14673,5,11,2462.71,112,2024-03-03 06:48:19,2025-12-27 01:33:45,United Kingdom,223.88272727272727,663,5,5,2,552,Loyal Customers,0,3215.761426824297
14674,5,11,3014.07,125,2024-01-09 09:39:56,2025-12-27 03:33:51,United Kingdom,274.00636363636363,717,5,5,3,553,Loyal Customers,0,3215.761426824297
14675,17,11,2532.53,103,2024-01-16 08:49:11,2025-12-15 20:56:40,United Kingdom,230.23000000000002,699,3,5,2,352,Loyal Customers,0,3215.761426824297
14676,11,11,1897.18,97,2024-01-04 20:53:16,2025-12-21 05:51:47,United Kingdom,172.4709090909091,716,4,5,1,451,Loyal Customers,0,3215.761426824297
14677,15,11,2484.91,97,2024-01-07 07:34:25,2025-12-17 02:46:03,United Kingdom,225.90090909090907,709,3,5,2,352,Loyal Customers,0,3215.761426824297
14678,3,11,3757.71,136,2024-01-19 09:05:10,2025-12-29 04:00:28,United Kingdom,341.61,709,5,5,4,554,Champions,0,3215.761426824297
14679,23,11,3072.33,116,2024-01-19 02:27:03,2025-12-09 08:19:50,United Kingdom,279.3027272727273,690,2,5,3,253,Cannot Lose Them,0,3215.761426824297
14680,33,11,2750.64,120,2024-01-02 04:27:48,2025-11-29 23:16:19,United Kingdom,250.0581818181818,697,2,5,2,252,Cannot Lose Them,0,3215.761426824297
14681,41,11,3937.02,134,2024-02-02 23:04:11,2025-11-21 08:06:05,United Kingdom,357.9109090909091,657,1,5,5,155,Cannot Lose Them,0,3215.761426824297
14682,30,11,5109.72,148,2024-01-05 16:57:06,2025-12-02 12:13:18,United Kingdom,464.52000000000004,696,2,5,5,255,Cannot Lose Them,0,3215.761426824297
14683,4,11,2904.51,111,2024-01-04 04:57:04,2025-12-28 11:26:42,United Kingdom,264.04636363636365,724,5,5,3,553,Loyal Customers,0,3215.761426824297
14684,66,11,2012.5700000000002,108,2024-02-24 22:57:16,2025-10-27 17:50:38,United Kingdom,182.9609090909091,610,1,5,1,151,Cannot Lose Them,0,3215.761426824297
14685,37,11,2060.62,111,2024-01-18 08:43:46,2025-11-25 14:22:20,United Kingdom,187.3290909090909,677,2,5,1,251,Cannot Lose Them,0,3215.761426824297
14686,9,11,2712.98,115,2024-01-26 14:44:25,2025-12-23 06:33:11,United Kingdom,246.63454545454545,696,4,5,2,452,Loyal Customers,0,3215.761426824297
14687,18,11,2657.82,110,2024-01-15 17:35:57,2025-12-14 00:18:36,United Kingdom,241.62,698,3,5,2,352,Loyal Customers,0,3215.761426824297
14688,4,11,3408.44,121,2024-02-17 09:26:04,2025-12-28 00:37:41,United Kingdom,309.85818181818183,679,5,5,4,554,Champions,0,3215.761426824297
14689,27,11,3473.23,114,2024-01-05 06:47:24,2025-12-05 15:30:22,United Kingdom,315.7481818181818,700,2,5,4,254,Cannot Lose Them,0,3215.761426824297
14690,4,11,2474.21,106,2024-02-12 04:24:28,2025-12-28 16:57:57,United Kingdom,224.92818181818183,685,5,5,2,552,Loyal Customers,0,3215.761426824297
14691,34,11,2123.59,108,2024-01-18 12:06:30,2025-11-28 08:07:07,United Kingdom,193.05363636363637,679,2,5,1,251,Cannot Lose Them,0,3215.761426824297
14692,20,11,3380.81,140,2024-01-13 22:04:30,2025-12-12 02:00:48,United Kingdom,307.3463636363636,698,3,5,4,354,Loyal Customers,0,3215.761426824297
14693,19,11,2458.14,102,2024-01-20 17:58:36,2025-12-13 22:52:43,United Kingdom,223.46727272727273,693,3,5,2,352,Loyal Customers,0,3215.761426824297
14694,4,11,2126.64,106,2024-01-09 14:32:04,2025-12-28 18:31:05,United Kingdom,193.33090909090907,719,5,5,1,551,Loyal Customers,0,3215.761426824297
14695,56,11,2388.05,98,2024-04-08 22:27:01,2025-11-06 06:08:28,United Kingdom,217.09545454545457,576,1,5,1,151,Cannot Lose Them,0,3215.761426824297
14696,72,11,4245.98,141,2024-01-24 10:22:27,2025-10-21 21:00:25,United Kingdom,385.99818181818176,636,1,5,5,155,Cannot Lose Them,0,3215.761426824297
14697,9,11,5161.3,147,2024-02-27 10:55:17,2025-12-23 16:15:52,United Kingdom,469.20909090909095,665,4,5,5,455,Champions,0,3215.761426824297
14698,6,11,3530.86,131,2024-01-12 21:42:04,2025-12-26 20:49:48,United Kingdom,320.98727272727274,713,4,5,4,454,Champions,0,3215.761426824297
14699,18,11,3925.61,122,2024-01-04 20:56:00,2025-12-14 01:20:26,United Kingdom,356.87363636363636,709,3,5,5,355,Loyal Customers,0,3215.761426824297
14700,1,11,3291.79,126,2024-01-10 19:46:52,2025-12-31 02:26:04,United Kingdom,299.25363636363636,720,5,5,4,554,Champions,0,3215.761426824297
14701,24,10,4787.74,145,2024-01-03 08:31:15,2025-12-08 17:10:49,United Kingdom,478.774,705,2,1,5,215,Hibernating,1,3109.399468085106
14702,33,11,5589.09,164,2024-01-14 22:08:45,2025-11-29 07:53:49,United Kingdom,508.09909090909093,684,2,5,5,255,Cannot Lose Them,0,3215.761426824297
14703,2,11,2914.53,112,2024-02-26 16:25:35,2025-12-30 22:53:55,United Kingdom,264.95727272727277,673,5,5,3,553,Loyal Customers,0,3215.761426824297
14704,26,11,2168.33,108,2024-02-06 14:57:17,2025-12-06 13:44:11,United Kingdom,197.1209090909091,668,2,5,1,251,Cannot Lose Them,0,3215.761426824297
14705,18,11,2348.84,113,2024-05-29 05:20:36,2025-12-14 01:57:17,United Kingdom,213.5309090909091,563,3,5,1,351,Loyal Customers,0,3215.761426824297
14706,38,11,3611.62,145,2024-01-04 00:24:34,2025-11-24 22:08:15,United Kingdom,328.3290909090909,690,1,5,4,154,Cannot Lose Them,0,3215.761426824297
14707,1,11,4098.85,125,2024-01-06 03:55:12,2025-12-31 12:24:01,United Kingdom,372.62272727272733,725,5,5,5,555,Champions,0,3215.761426824297
14708,6,11,2324.76,95,2024-01-26 20:20:54,2025-12-26 13:18:31,United Kingdom,211.3418181818182,699,4,5,1,451,Loyal Customers,0,3215.761426824297
14709,58,11,2773.33,100,2024-02-08 06:51:42,2025-11-04 17:16:27,United Kingdom,252.1209090909091,635,1,5,2,152,Cannot Lose Them,0,3215.761426824297
14710,16,11,2271.25,99,2024-02-08 12:50:42,2025-12-16 02:11:13,United Kingdom,206.47727272727272,676,3,5,1,351,Loyal Customers,0,3215.761426824297
14711,7,11,2663.29,112,2024-01-23 11:51:11,2025-12-25 01:23:39,United Kingdom,242.11727272727273,701,4,5,2,452,Loyal Customers,0,3215.761426824297
14712,12,11,3482.59,131,2024-02-25 03:30:55,2025-12-20 18:46:07,United Kingdom,316.59909090909093,664,4,5,4,454,Champions,0,3215.761426824297
14713,21,11,2342.54,105,2024-01-15 20:41:47,2025-12-11 02:26:10,United Kingdom,212.95818181818183,695,3,5,1,351,Loyal Customers,0,3215.761426824297
14714,10,11,2356.6,102,2024-01-16 12:04:31,2025-12-22 07:07:30,United Kingdom,214.23636363636362,705,4,5,1,451,Loyal Customers,0,3215.761426824297
14715,45,11,3130.22,115,2024-01-20 09:51:01,2025-11-17 17:40:52,United Kingdom,284.56545454545454,667,1,5,3,153,Cannot Lose Them,0,3215.761426824297
14716,8,11,2995.02,125,2024-01-13 07:59:35,2025-12-24 19:27:08,United Kingdom,272.27454545454543,711,4,5,3,453,Loyal Customers,0,3215.761426824297
14717,10,11,4193.45,127,2024-02-01 06:41:33,2025-12-22 02:54:49,United Kingdom,381.22272727272724,689,4,5,5,455,Champions,0,3215.761426824297
14718,20,11,2448.31,124,2024-01-23 12:25:07,2025-12-12 03:36:49,United Kingdom,222.57363636363635,688,3,5,1,351,Loyal Customers,0,3215.761426824297
14719,7,11,2866.73,103,2024-01-03 16:11:18,2025-12-25 09:14:32,United Kingdom,260.6118181818182,721,4,5,3,453,Loyal Customers,0,3215.761426824297
14720,42,11,5509.86,157,2024-03-17 17:22:36,2025-11-20 13:16:27,United Kingdom,500.8963636363636,612,1,5,5,155,Cannot Lose Them,0,3215.761426824297
14721,89,11,3220.24,122,2024-01-19 03:22:05,2025-10-04 20:08:38,United Kingdom,292.7490909090909,624,1,5,4,154,Cannot Lose Them,0,3215.761426824297
14722,24,11,2932.5099999999998,117,2024-01-04 23:16:53,2025-12-08 05:57:09,United Kingdom,266.59181818181816,703,2,5,3,253,Cannot Lose Them,0,3215.761426824297
14723,48,11,3041.59,134,2024-01-25 23:20:44,2025-11-14 21:57:28,United Kingdom,276.5081818181818,658,1,5,3,153,Cannot Lose Them,0,3215.761426824297
14724,39,11,2540.25,122,2024-02-23 06:07:18,2025-11-23 01:05:59,United Kingdom,230.9318181818182,638,1,5,2,152,Cannot Lose Them,0,3215.761426824297
14725,56,11,2427.34,108,2024-02-19 10:16:41,2025-11-06 03:29:29,United Kingdom,220.66727272727275,625,1,5,1,151,Cannot Lose Them,0,3215.761426824297
14726,15,11,3550.38,140,2024-03-04 18:15:17,2025-12-17 10:33:51,United Kingdom,322.76181818181817,652,3,5,4,354,Loyal Customers,0,3215.761426824297
14727,49,10,2537.5299999999997,107,2024-01-07 02:21:49,2025-11-13 23:12:14,United Kingdom,253.753,676,1,1,2,112,Hibernating,1,3109.399468085106
14728,56,11,2598.98,96,2024-01-18 12:50:36,2025-11-06 21:47:56,United Kingdom,236.2709090909091,658,1,5,2,152,Cannot Lose Them,0,3215.761426824297
14729,57,11,4546.89,141,2024-01-14 03:38:39,2025-11-05 06:43:03,United Kingdom,413.3536363636364,661,1,5,5,155,Cannot Lose Them,0,3215.761426824297
14730,53,11,3496.27,125,2024-01-30 23:35:33,2025-11-09 00:35:30,United Kingdom,317.84272727272725,648,1,5,4,154,Cannot Lose Them,0,3215.761426824297
14731,9,11,2286.52,106,2024-03-02 04:32:47,2025-12-23 14:20:37,United Kingdom,207.86545454545455,661,4,5,1,451,Loyal Customers,0,3215.761426824297
14732,14,11,2403.54,102,2024-01-16 15:30:09,2025-12-18 01:27:43,United Kingdom,218.50363636363636,701,3,5,1,351,Loyal Customers,0,3215.761426824297
14733,2,11,2600.34,108,2024-01-04 05:29:55,2025-12-30 02:16:00,United Kingdom,236.39454545454547,725,5,5,2,552,Loyal Customers,0,3215.761426824297
14734,12,11,2092.14,88,2024-02-06 21:44:01,2025-12-20 22:00:25,United Kingdom,190.19454545454545,683,4,5,1,451,Loyal Customers,0,3215.761426824297
14735,30,11,4420.04,139,2024-01-18 05:13:42,2025-12-02 18:03:58,United Kingdom,401.8218181818182,684,2,5,5,255,Cannot Lose Them,0,3215.761426824297
14736,37,11,3875.47,139,2024-03-09 01:41:40,2025-11-25 11:22:32,United Kingdom,352.31545454545454,626,2,5,5,255,Cannot Lose Them,0,3215.761426824297
14737,53,11,2726.13,114,2024-01-01 12:57:57,2025-11-09 02:43:45,United Kingdom,247.83,677,1,5,2,152,Cannot Lose Them,0,3215.761426824297
14738,34,11,3667.75,124,2024-01-07 00:55:00,2025-11-28 16:51:29,United Kingdom,333.4318181818182,691,2,5,4,254,Cannot Lose Them,0,3215.761426824297
14739,12,11,3122.01,116,2024-01-20 22:33:52,2025-12-20 16:38:16,United Kingdom,283.8190909090909,699,4,5,3,453,Loyal Customers,0,3215.761426824297
14740,21,11,4129.24,122,2024-01-02 18:12:21,2025-12-11 12:37:59,United Kingdom,375.38545454545454,708,3,5,5,355,Loyal Customers,0,3215.761426824297
14741,10,11,2083.06,119,2024-01-02 07:32:02,2025-12-22 03:22:04,United Kingdom,189.36909090909091,719,4,5,1,451,Loyal Customers,0,3215.761426824297
14742,14,11,3615.18,125,2024-02-25 09:07:42,2025-12-18 05:30:53,United Kingdom,328.65272727272725,661,3,5,4,354,Loyal Customers,0,3215.761426824297
14743,9,10,3157.93,93,2024-02-01 07:02:53,2025-12-23 21:03:45,United Kingdom,315.793,691,4,1,3,413,New / Promising,1,3109.399468085106
14744,81,11,2363.91,103,2024-01-13 10:41:34,2025-10-12 23:45:18,United Kingdom,214.90090909090907,638,1,5,1,151,Cannot Lose Them,0,3215.761426824297
14745,16,11,2802.51,117,2024-01-10 20:41:41,2025-12-16 08:11:29,United Kingdom,254.77363636363637,705,3,5,2,352,Loyal Customers,0,3215.761426824297
14746,1,11,3147.4900000000002,126,2024-01-19 08:31:28,2025-12-31 17:52:48,United Kingdom,286.1354545454546,712,5,5,3,553,Loyal Customers,0,3215.761426824297
14747,4,11,1906.33,96,2024-01-25 04:53:27,2025-12-28 23:32:39,United Kingdom,173.30272727272725,703,5,5,1,551,Loyal Customers,0,3215.761426824297
14748,21,11,2181.41,101,2024-02-08 07:38:47,2025-12-11 13:22:57,United Kingdom,198.30999999999997,672,3,5,1,351,Loyal Customers,0,3215.761426824297
14749,26,11,3228.41,121,2024-01-05 03:26:58,2025-12-06 16:21:06,United Kingdom,293.4918181818182,701,2,5,4,254,Cannot Lose Them,0,3215.761426824297
14750,24,11,2538.51,115,2024-01-22 07:07:18,2025-12-08 06:00:16,United Kingdom,230.77363636363637,685,2,5,2,252,Cannot Lose Them,0,3215.761426824297
14751,29,11,1907.42,99,2024-02-05 20:43:48,2025-12-03 06:02:50,United Kingdom,173.4018181818182,666,2,5,1,251,Cannot Lose Them,0,3215.761426824297
14752,61,11,2979.7999999999997,111,2024-01-01 06:31:51,2025-11-01 18:31:28,United Kingdom,270.8909090909091,670,1,5,3,153,Cannot Lose Them,0,3215.761426824297
14753,64,11,2401.17,122,2024-01-06 02:07:45,2025-10-29 18:02:30,United Kingdom,218.2881818181818,662,1,5,1,151,Cannot Lose Them,0,3215.761426824297
14754,1,11,2832.5,123,2024-01-20 20:36:35,2025-12-31 14:29:35,United Kingdom,257.5,710,5,5,3,553,Loyal Customers,0,3215.761426824297
14755,33,11,3738.04,118,2024-01-14 07:53:40,2025-11-29 16:16:24,United Kingdom,339.8218181818182,685,2,5,4,254,Cannot Lose Them,0,3215.761426824297
14756,5,11,4328.46,143,2024-01-27 05:49:14,2025-12-27 00:51:31,United Kingdom,393.49636363636364,699,5,5,5,555,Champions,0,3215.761426824297
14757,10,11,4357.58,147,2024-01-12 06:39:49,2025-12-22 04:31:38,United Kingdom,396.14363636363635,709,4,5,5,455,Champions,0,3215.761426824297
14758,1,11,2935.4,108,2024-01-01 17:46:14,2025-12-31 19:19:07,United Kingdom,266.8545454545455,730,5,5,3,553,Loyal Customers,0,3215.761426824297
14759,39,11,2077.96,91,2024-01-06 10:51:17,2025-11-23 05:20:34,United Kingdom,188.90545454545455,686,1,5,1,151,Cannot Lose Them,0,3215.761426824297
14760,37,11,2982.72,120,2024-01-16 07:15:38,2025-11-25 23:15:01,United Kingdom,271.1563636363636,679,2,5,3,253,Cannot Lose Them,0,3215.761426824297
14761,9,11,2462.0099999999998,101,2024-02-27 18:53:23,2025-12-23 15:59:42,United Kingdom,223.81909090909087,664,4,5,2,452,Loyal Customers,0,3215.761426824297
14762,23,11,3277.1,126,2024-01-07 07:45:20,2025-12-09 21:00:55,United Kingdom,297.91818181818184,702,2,5,4,254,Cannot Lose Them,0,3215.761426824297
14763,39,11,2937.96,111,2024-01-09 03:34:42,2025-11-23 07:07:32,United Kingdom,267.0872727272727,684,1,5,3,153,Cannot Lose Them,0,3215.761426824297
14764,89,11,2919.22,116,2024-01-16 12:11:16,2025-10-04 17:58:59,United Kingdom,265.38363636363636,627,1,5,3,153,Cannot Lose Them,0,3215.761426824297
14765,8,11,2571.33,118,2024-01-04 15:12:16,2025-12-24 05:27:20,United Kingdom,233.75727272727272,719,4,5,2,452,Loyal Customers,0,3215.761426824297
14766,8,11,2722.42,111,2024-01-21 00:49:17,2025-12-24 12:30:17,United Kingdom,247.49272727272728,703,4,5,2,452,Loyal Customers,0,3215.761426824297
14767,3,11,2237.56,107,2024-01-01 12:35:27,2025-12-29 07:44:30,United Kingdom,203.41454545454545,727,5,5,1,551,Loyal Customers,0,3215.761426824297
14768,15,11,3128.83,120,2024-02-19 16:28:47,2025-12-17 00:45:15,United Kingdom,284.4390909090909,666,3,5,3,353,Loyal Customers,0,3215.761426824297
14769,50,11,2140.2599999999998,92,2024-01-21 21:35:07,2025-11-12 15:22:07,United Kingdom,194.56909090909087,660,1,5,1,151,Cannot Lose Them,0,3215.761426824297
14770,1,11,3653.28,123,2024-02-03 05:21:47,2025-12-31 15:23:59,United Kingdom,332.11636363636364,697,5,5,4,554,Champions,0,3215.761426824297
14771,12,11,3721.05,113,2024-01-03 19:09:06,2025-12-20 15:25:29,United Kingdom,338.27727272727276,716,4,5,4,454,Champions,0,3215.761426824297
14772,1,11,3241.28,123,2024-02-29 00:55:50,2025-12-31 09:43:08,United Kingdom,294.6618181818182,671,5,5,4,554,Champions,0,3215.761426824297
14773,2,11,3890.43,133,2024-02-23 15:27:49,2025-12-30 08:17:34,United Kingdom,353.67545454545456,675,5,5,5,555,Champions,0,3215.761426824297
14774,60,11,5654.59,148,2024-01-12 02:45:14,2025-11-02 05:31:16,United Kingdom,514.0536363636364,660,1,5,5,155,Cannot Lose Them,0,3215.761426824297
14775,2,11,5571.57,162,2024-01-06 13:15:46,2025-12-30 04:36:42,United Kingdom,506.50636363636363,723,5,5,5,555,Champions,0,3215.761426824297
14776,12,11,2995.5,108,2024-01-06 07:26:23,2025-12-20 07:06:42,United Kingdom,272.3181818181818,713,4,5,3,453,Loyal Customers,0,3215.761426824297
14777,34,11,3651.73,139,2024-02-06 00:55:22,2025-11-28 07:43:30,United Kingdom,331.97545454545457,661,2,5,4,254,Cannot Lose Them,0,3215.761426824297
14778,12,11,3275.27,109,2024-02-15 14:51:34,2025-12-20 01:51:53,United Kingdom,297.7518181818182,673,4,5,4,454,Champions,0,3215.761426824297
14779,37,11,3481.33,127,2024-01-03 14:44:50,2025-11-25 00:23:59,United Kingdom,316.48454545454547,691,2,5,4,254,Cannot Lose Them,0,3215.761426824297
14780,11,11,3659.4,119,2024-01-29 03:59:48,2025-12-21 22:10:23,United Kingdom,332.6727272727273,692,4,5,4,454,Champions,0,3215.761426824297
14781,6,11,3581.42,120,2024-01-02 11:25:16,2025-12-26 23:10:40,United Kingdom,325.58363636363634,724,4,5,4,454,Champions,0,3215.761426824297
14782,27,11,5372.95,137,2024-01-02 02:25:28,2025-12-05 14:17:56,United Kingdom,488.45,703,2,5,5,255,Cannot Lose Them,0,3215.761426824297
14783,14,11,5560.41,145,2024-01-17 13:28:28,2025-12-18 11:37:07,United Kingdom,505.4918181818182,700,3,5,5,355,Loyal Customers,0,3215.761426824297
14784,17,11,2109.95,113,2024-02-09 15:40:10,2025-12-15 22:00:22,United Kingdom,191.81363636363633,675,3,5,1,351,Loyal Customers,0,3215.761426824297
14785,6,11,2859.86,104,2024-01-25 08:43:44,2025-12-26 22:46:52,United Kingdom,259.98727272727274,701,4,5,3,453,Loyal Customers,0,3215.761426824297
14786,79,11,2651.5299999999997,117,2024-01-23 09:54:59,2025-10-14 16:13:13,United Kingdom,241.0481818181818,630,1,5,2,152,Cannot Lose Them,0,3215.761426824297
14787,6,11,3100.89,111,2024-01-26 14:05:20,2025-12-26 22:35:03,United Kingdom,281.8990909090909,700,4,5,3,453,Loyal Customers,0,3215.761426824297
14788,31,11,3251.18,114,2024-01-05 00:19:07,2025-12-01 13:26:59,United Kingdom,295.5618181818182,696,2,5,4,254,Cannot Lose Them,0,3215.761426824297
14789,21,11,2643.18,103,2024-01-11 17:47:29,2025-12-11 13:41:17,United Kingdom,240.2890909090909,699,3,5,2,352,Loyal Customers,0,3215.761426824297
14790,36,11,3379.09,133,2024-01-21 10:08:14,2025-11-26 02:57:18,United Kingdom,307.19,674,2,5,4,254,Cannot Lose Them,0,3215.761426824297
14791,4,11,2687.08,113,2024-01-31 20:18:22,2025-12-28 20:54:23,United Kingdom,244.28,697,5,5,2,552,Loyal Customers,0,3215.761426824297
14792,12,11,3923.26,126,2024-03-15 02:28:40,2025-12-20 19:16:41,United Kingdom,356.66,645,4,5,5,455,Champions,0,3215.761426824297
14793,12,11,3712.44,130,2024-01-29 13:37:19,2025-12-20 04:58:45,United Kingdom,337.49454545454546,690,4,5,4,454,Champions,0,3215.761426824297
14794,11,11,5554.32,159,2024-01-07 16:18:38,2025-12-21 22:52:11,United Kingdom,504.9381818181818,714,4,5,5,455,Champions,0,3215.761426824297
14795,14,11,3712.04,133,2024-01-31 07:26:12,2025-12-18 13:25:18,United Kingdom,337.4581818181818,687,3,5,4,354,Loyal Customers,0,3215.761426824297
14796,12,11,3850.57,126,2024-01-20 01:06:29,2025-12-20 11:49:37,United Kingdom,350.0518181818182,700,4,5,4,454,Champions,0,3215.761426824297
14797,9,11,2971.88,119,2024-01-02 22:47:17,2025-12-23 19:11:57,United Kingdom,270.1709090909091,720,4,5,3,453,Loyal Customers,0,3215.761426824297
14798,12,11,4801.26,141,2024-03-08 09:14:36,2025-12-20 18:25:58,United Kingdom,436.47818181818184,652,4,5,5,455,Champions,0,3215.761426824297
14799,26,11,3660.04,113,2024-02-17 13:45:31,2025-12-06 09:35:23,United Kingdom,332.7309090909091,657,2,5,4,254,Cannot Lose Them,0,3215.761426824297
14800,28,11,2365.35,110,2024-01-21 02:42:06,2025-12-04 10:42:26,United Kingdom,215.03181818181818,683,2,5,1,251,Cannot Lose Them,0,3215.761426824297
14801,14,11,3378.5,114,2024-01-30 01:12:01,2025-12-18 20:39:14,United Kingdom,307.1363636363636,688,3,5,4,354,Loyal Customers,0,3215.761426824297
14802,8,11,4050.58,117,2024-01-14 20:03:26,2025-12-24 07:44:51,United Kingdom,368.23454545454547,709,4,5,5,455,Champions,0,3215.761426824297
14803,26,11,4111.67,136,2024-03-20 19:58:41,2025-12-06 20:43:52,United Kingdom,373.78818181818184,626,2,5,5,255,Cannot Lose Them,0,3215.761426824297
14804,34,11,2045.34,109,2024-01-02 22:31:11,2025-11-28 03:59:42,United Kingdom,185.94,695,2,5,1,251,Cannot Lose Them,0,3215.761426824297
14805,119,11,7311.17,157,2024-01-13 14:13:08,2025-09-04 00:07:37,United Kingdom,664.6518181818182,599,1,5,5,155,Cannot Lose Them,0,3215.761426824297
14806,23,11,2492.61,109,2024-01-01 21:12:17,2025-12-09 23:31:10,United Kingdom,226.6009090909091,708,2,5,2,252,Cannot Lose Them,0,3215.761426824297
14807,67,11,4507.55,126,2024-02-05 14:19:10,2025-10-26 18:10:05,United Kingdom,409.77727272727276,629,1,5,5,155,Cannot Lose Them,0,3215.761426824297
14808,2,11,6379.58,149,2024-01-03 16:16:20,2025-12-30 14:36:54,United Kingdom,579.9618181818182,726,5,5,5,555,Champions,0,3215.761426824297
14809,2,11,2282.15,93,2024-02-11 02:19:08,2025-12-30 18:30:06,United Kingdom,207.46818181818182,688,5,5,1,551,Loyal Customers,0,3215.761426824297
14810,29,11,6298.0599999999995,141,2024-01-07 19:02:02,2025-12-03 02:14:13,United Kingdom,572.550909090909,695,2,5,5,255,Cannot Lose Them,0,3215.761426824297
14811,6,11,2320.81,102,2024-01-01 11:35:59,2025-12-26 03:19:43,United Kingdom,210.98272727272726,724,4,5,1,451,Loyal Customers,0,3215.761426824297
14812,8,11,4444.8099999999995,131,2024-01-22 00:52:45,2025-12-24 10:15:25,United Kingdom,404.0736363636363,702,4,5,5,455,Champions,0,3215.761426824297
14813,84,11,5592.93,149,2024-01-14 02:28:59,2025-10-09 18:52:44,United Kingdom,508.44818181818187,634,1,5,5,155,Cannot Lose Them,0,3215.761426824297
14814,10,11,3194.19,128,2024-01-12 21:43:24,2025-12-22 04:52:06,United Kingdom,290.3809090909091,709,4,5,3,453,Loyal Customers,0,3215.761426824297
14815,3,11,2546.49,110,2024-02-09 13:48:06,2025-12-29 17:13:24,United Kingdom,231.49909090909088,689,5,5,2,552,Loyal Customers,0,3215.761426824297
14816,28,11,5354.02,149,2024-01-06 03:02:08,2025-12-04 23:09:05,United Kingdom,486.7290909090909,698,2,5,5,255,Cannot Lose Them,0,3215.761426824297
14817,62,11,4563.610000000001,143,2024-01-01 10:20:09,2025-10-31 21:46:00,United Kingdom,414.8736363636364,669,1,5,5,155,Cannot Lose Them,0,3215.761426824297
14818,18,11,3268.45,127,2024-01-27 19:17:19,2025-12-14 06:29:43,United Kingdom,297.1318181818182,686,3,5,4,354,Loyal Customers,0,3215.761426824297
14819,8,11,3067.74,115,2024-05-12 14:03:58,2025-12-24 09:46:30,United Kingdom,278.88545454545454,590,4,5,3,453,Loyal Customers,0,3215.761426824297
14820,25,11,3382.38,133,2024-01-29 03:15:45,2025-12-07 15:58:36,United Kingdom,307.4890909090909,678,2,5,4,254,Cannot Lose Them,0,3215.761426824297
14821,25,11,2866.46,101,2024-01-03 21:10:55,2025-12-07 06:50:50,United Kingdom,260.5872727272727,703,2,5,3,253,Cannot Lose Them,0,3215.761426824297
14822,13,11,3698.88,138,2024-02-03 05:18:17,2025-12-19 14:45:11,United Kingdom,336.26181818181817,685,3,5,4,354,Loyal Customers,0,3215.761426824297
14823,17,11,3198.82,121,2024-03-25 22:23:39,2025-12-15 16:43:48,United Kingdom,290.8018181818182,629,3,5,3,353,Loyal Customers,0,3215.761426824297
14824,7,11,3413.7,132,2024-01-15 22:28:16,2025-12-25 03:19:10,United Kingdom,310.3363636363636,709,4,5,4,454,Champions,0,3215.761426824297
14825,23,11,2647.36,118,2024-01-21 15:21:46,2025-12-09 16:24:29,United Kingdom,240.66909090909093,688,2,5,2,252,Cannot Lose Them,0,3215.761426824297
14826,8,11,3358.82,107,2024-02-16 15:24:01,2025-12-24 20:10:55,United Kingdom,305.34727272727275,677,4,5,4,454,Champions,0,3215.761426824297
14827,13,11,2533.26,115,2024-02-20 15:04:16,2025-12-19 08:17:46,United Kingdom,230.29636363636365,667,3,5,2,352,Loyal Customers,0,3215.761426824297
14828,4,11,3364.56,113,2024-01-07 22:26:48,2025-12-28 02:25:33,United Kingdom,305.8690909090909,720,5,5,4,554,Champions,0,3215.761426824297
14829,12,11,1857.18,102,2024-01-07 06:36:11,2025-12-20 10:48:51,United Kingdom,168.83454545454546,713,4,5,1,451,Loyal Customers,0,3215.761426824297
14830,45,11,3392.13,148,2024-03-17 01:10:58,2025-11-17 11:00:46,United Kingdom,308.37545454545455,610,1,5,4,154,Cannot Lose Them,0,3215.761426824297
14831,28,11,5940.34,141,2024-01-11 18:00:04,2025-12-04 02:37:41,United Kingdom,540.0309090909091,692,2,5,5,255,Cannot Lose Them,0,3215.761426824297
14832,61,11,4130.0,138,2024-01-03 13:49:50,2025-11-01 17:14:09,United Kingdom,375.45454545454544,668,1,5,5,155,Cannot Lose Them,0,3215.761426824297
14833,14,11,3100.36,103,2024-02-09 14:33:14,2025-12-18 00:16:38,United Kingdom,281.8509090909091,677,3,5,3,353,Loyal Customers,0,3215.761426824297
14834,115,11,3066.9700000000003,113,2024-01-24 14:16:37,2025-09-08 23:21:48,United Kingdom,278.81545454545454,593,1,5,3,153,Cannot Lose Them,0,3215.761426824297
14835,17,11,2626.27,111,2024-01-23 01:40:06,2025-12-15 06:50:20,United Kingdom,238.75181818181818,692,3,5,2,352,Loyal Customers,0,3215.761426824297
14836,21,11,4310.8,140,2024-01-28 03:08:57,2025-12-11 16:32:43,United Kingdom,391.89090909090913,683,3,5,5,355,Loyal Customers,0,3215.761426824297
14837,8,11,3906.8,149,2024-01-18 05:02:07,2025-12-24 18:10:55,United Kingdom,355.1636363636364,706,4,5,5,455,Champions,0,3215.761426824297
14838,8,11,3337.8199999999997,127,2024-01-01 12:59:42,2025-12-24 12:01:47,United Kingdom,303.4381818181818,722,4,5,4,454,Champions,0,3215.761426824297
14839,11,11,4767.16,139,2024-01-03 18:32:30,2025-12-21 17:22:05,United Kingdom,433.3781818181818,717,4,5,5,455,Champions,0,3215.761426824297
14840,6,11,3262.33,132,2024-01-16 23:41:17,2025-12-26 16:29:21,United Kingdom,296.57545454545453,709,4,5,4,454,Champions,0,3215.761426824297
14841,26,11,4043.04,130,2024-01-25 19:18:34,2025-12-06 14:05:54,United Kingdom,367.5490909090909,680,2,5,5,255,Cannot Lose Them,0,3215.761426824297
14842,61,11,4710.96,151,2024-01-27 18:25:05,2025-11-01 14:50:59,United Kingdom,428.2690909090909,643,1,5,5,155,Cannot Lose Them,0,3215.761426824297
14843,5,11,3916.44,147,2024-01-24 12:38:21,2025-12-27 11:15:38,United Kingdom,356.04,702,5,5,5,555,Champions,0,3215.761426824297
14844,3,11,4479.08,130,2024-03-08 07:30:33,2025-12-29 13:08:16,United Kingdom,407.1890909090909,661,5,5,5,555,Champions,0,3215.761426824297
14845,69,11,4634.96,142,2024-01-09 06:49:21,2025-10-24 12:05:59,United Kingdom,421.36,654,1,5,5,155,Cannot Lose Them,0,3215.761426824297
14846,9,11,4025.42,137,2024-01-04 21:34:24,2025-12-23 14:16:18,United Kingdom,365.9472727272727,718,4,5,5,455,Champions,0,3215.761426824297
14847,6,11,2085.65,100,2024-01-22 18:32:41,2025-12-26 01:02:45,United Kingdom,189.60454545454547,703,4,5,1,451,Loyal Customers,0,3215.761426824297
14848,20,11,3645.01,145,2024-01-13 22:55:47,2025-12-12 21:44:26,United Kingdom,331.36454545454546,698,3,5,4,354,Loyal Customers,0,3215.761426824297
14849,53,11,2694.61,113,2024-01-07 01:02:52,2025-11-09 04:20:06,United Kingdom,244.96454545454546,672,1,5,2,152,Cannot Lose Them,0,3215.761426824297
14850,19,11,2541.75,115,2024-01-14 04:14:13,2025-12-13 01:40:23,United Kingdom,231.0681818181818,698,3,5,2,352,Loyal Customers,0,3215.761426824297
14851,4,11,2416.35,97,2024-01-07 16:26:44,2025-12-28 03:34:30,United Kingdom,219.6681818181818,720,5,5,1,551,Loyal Customers,0,3215.761426824297
14852,1,11,4028.21,114,2024-01-27 02:35:19,2025-12-31 00:17:23,United Kingdom,366.2009090909091,703,5,5,5,555,Champions,0,3215.761426824297
14853,22,11,3821.23,130,2024-03-13 05:05:08,2025-12-10 20:12:34,United Kingdom,347.38454545454545,637,3,5,4,354,Loyal Customers,0,3215.761426824297
14854,1,11,3083.2599999999998,117,2024-01-20 17:51:38,2025-12-31 16:09:36,United Kingdom,280.2963636363636,710,5,5,3,553,Loyal Customers,0,3215.761426824297
14855,3,11,4066.86,115,2024-01-25 15:55:16,2025-12-29 16:31:45,United Kingdom,369.7145454545455,704,5,5,5,555,Champions,0,3215.761426824297
14856,11,11,2860.68,118,2024-01-06 10:05:47,2025-12-21 18:59:51,United Kingdom,260.0618181818182,715,4,5,3,453,Loyal Customers,0,3215.761426824297
14857,22,11,3484.4300000000003,128,2024-01-08 06:04:36,2025-12-10 08:54:50,United Kingdom,316.7663636363637,702,3,5,4,354,Loyal Customers,0,3215.761426824297
14858,24,11,2443.63,112,2024-02-08 03:19:15,2025-12-08 19:32:44,United Kingdom,222.14818181818183,669,2,5,1,251,Cannot Lose Them,0,3215.761426824297
14859,26,11,2653.43,122,2024-01-13 04:45:28,2025-12-06 21:48:26,United Kingdom,241.2209090909091,693,2,5,2,252,Cannot Lose Them,0,3215.761426824297
14860,18,11,3572.53,133,2024-02-08 08:06:11,2025-12-14 13:57:29,United Kingdom,324.7754545454546,675,3,5,4,354,Loyal Customers,0,3215.761426824297
14861,6,11,4132.57,122,2024-01-16 10:43:37,2025-12-26 08:22:01,United Kingdom,375.6881818181818,709,4,5,5,455,Champions,0,3215.761426824297
14862,13,11,2854.0099999999998,117,2024-01-15 21:58:41,2025-12-19 12:58:31,United Kingdom,259.45545454545453,703,3,5,3,353,Loyal Customers,0,3215.761426824297
14863,57,11,2521.86,95,2024-01-09 12:36:48,2025-11-05 00:46:45,United Kingdom,229.26000000000002,665,1,5,2,152,Cannot Lose Them,0,3215.761426824297
14864,29,11,3149.6,105,2024-02-01 00:47:58,2025-12-03 19:45:10,United Kingdom,286.3272727272727,671,2,5,3,253,Cannot Lose Them,0,3215.761426824297
14865,7,11,3840.09,138,2024-01-07 04:19:19,2025-12-25 13:14:10,United Kingdom,349.09909090909093,718,4,5,4,454,Champions,0,3215.761426824297
14866,10,11,2708.93,120,2024-02-04 23:19:00,2025-12-22 13:14:17,United Kingdom,246.26636363636362,686,4,5,2,452,Loyal Customers,0,3215.761426824297
14867,6,11,2256.73,123,2024-01-12 19:29:47,2025-12-26 20:27:35,United Kingdom,205.15727272727273,714,4,5,1,451,Loyal Customers,0,3215.761426824297
14868,31,11,1887.02,92,2024-01-07 00:26:46,2025-12-01 08:10:08,United Kingdom,171.5472727272727,694,2,5,1,251,Cannot Lose Them,0,3215.761426824297
14869,42,11,3247.42,127,2024-01-02 22:50:32,2025-11-20 00:24:07,United Kingdom,295.22,687,1,5,4,154,Cannot Lose Them,0,3215.761426824297
14870,21,11,3154.4900000000002,117,2024-01-31 16:08:31,2025-12-11 16:11:42,United Kingdom,286.7718181818182,680,3,5,3,353,Loyal Customers,0,3215.761426824297
14871,20,11,1893.06,105,2024-02-11 07:12:43,2025-12-12 12:09:49,United Kingdom,172.09636363636363,670,3,5,1,351,Loyal Customers,0,3215.761426824297
14872,2,11,2819.87,105,2024-01-12 11:13:41,2025-12-30 05:51:35,United Kingdom,256.35181818181815,717,5,5,3,553,Loyal Customers,0,3215.761426824297
14873,18,11,3832.98,130,2024-03-07 18:49:58,2025-12-14 00:31:32,United Kingdom,348.45272727272726,646,3,5,4,354,Loyal Customers,0,3215.761426824297
14874,4,11,3055.12,132,2024-01-07 15:08:20,2025-12-28 23:48:33,United Kingdom,277.73818181818183,721,5,5,3,553,Loyal Customers,0,3215.761426824297
14875,24,11,2915.05,111,2024-01-08 01:02:57,2025-12-08 17:22:15,United Kingdom,265.00454545454545,700,2,5,3,253,Cannot Lose Them,0,3215.761426824297
14876,57,11,2362.93,104,2024-01-11 06:42:23,2025-11-05 04:38:53,United Kingdom,214.81181818181815,663,1,5,1,151,Cannot Lose Them,0,3215.761426824297
14877,27,11,3583.91,119,2024-02-08 20:44:35,2025-12-05 15:49:28,United Kingdom,325.81,665,2,5,4,254,Cannot Lose Them,0,3215.761426824297
14878,97,11,2884.56,118,2024-01-16 20:43:56,2025-09-26 01:48:05,United Kingdom,262.2327272727273,618,1,5,3,153,Cannot Lose Them,0,3215.761426824297
14879,32,11,2724.63,107,2024-01-16 04:19:03,2025-11-30 23:45:55,United Kingdom,247.6936363636364,684,2,5,2,252,Cannot Lose Them,0,3215.761426824297
14880,7,11,3241.59,119,2024-01-10 23:35:31,2025-12-25 23:00:26,United Kingdom,294.69,714,4,5,4,454,Champions,0,3215.761426824297
14881,1,11,3304.28,118,2024-01-08 13:29:21,2025-12-31 20:37:32,United Kingdom,300.38909090909095,723,5,5,4,554,Champions,0,3215.761426824297
14882,2,11,2302.38,105,2024-02-05 11:50:35,2025-12-30 14:34:14,United Kingdom,209.30727272727273,694,5,5,1,551,Loyal Customers,0,3215.761426824297
14883,63,11,3424.11,112,2024-03-21 23:05:24,2025-10-30 15:14:58,United Kingdom,311.2827272727273,587,1,5,4,154,Cannot Lose Them,0,3215.761426824297
14884,5,11,3728.5,127,2024-01-19 04:49:38,2025-12-27 22:34:27,United Kingdom,338.95454545454544,708,5,5,4,554,Champions,0,3215.761426824297
14885,20,11,3229.04,121,2024-01-15 13:54:46,2025-12-12 10:08:29,United Kingdom,293.5490909090909,696,3,5,4,354,Loyal Customers,0,3215.761426824297
14886,19,11,2833.95,122,2024-01-06 05:15:30,2025-12-13 01:14:34,United Kingdom,257.6318181818182,706,3,5,3,353,Loyal Customers,0,3215.761426824297
14887,16,11,3377.74,134,2024-01-21 18:32:47,2025-12-16 12:01:51,United Kingdom,307.0672727272727,694,3,5,4,354,Loyal Customers,0,3215.761426824297
14888,8,11,3427.37,136,2024-03-20 19:27:16,2025-12-24 10:14:45,United Kingdom,311.5790909090909,643,4,5,4,454,Champions,0,3215.761426824297
14889,1,11,2821.53,112,2024-01-18 23:09:49,2025-12-31 14:12:22,United Kingdom,256.50272727272727,712,5,5,3,553,Loyal Customers,0,3215.761426824297
14890,5,11,3125.11,142,2024-01-16 11:15:09,2025-12-27 15:24:44,United Kingdom,284.1009090909091,711,5,5,3,553,Loyal Customers,0,3215.761426824297
14891,25,11,3136.72,125,2024-01-12 21:03:32,2025-12-07 10:08:41,United Kingdom,285.1563636363636,694,2,5,3,253,Cannot Lose Them,0,3215.761426824297
14892,15,11,2035.05,94,2024-01-20 17:30:11,2025-12-17 09:22:23,United Kingdom,185.00454545454545,696,3,5,1,351,Loyal Customers,0,3215.761426824297
14893,5,11,3619.35,122,2024-01-04 04:33:43,2025-12-27 17:08:07,United Kingdom,329.03181818181815,723,5,5,4,554,Champions,0,3215.761426824297
14894,24,11,2169.0,114,2024-02-09 06:04:17,2025-12-08 08:02:24,United Kingdom,197.1818181818182,668,2,5,1,251,Cannot Lose Them,0,3215.761426824297
14895,63,11,2088.2599999999998,89,2024-02-17 11:45:02,2025-10-30 05:39:58,United Kingdom,189.84181818181816,620,1,5,1,151,Cannot Lose Them,0,3215.761426824297
14896,15,11,3424.4900000000002,121,2024-02-13 04:24:40,2025-12-17 18:01:52,Germany,311.3172727272727,673,3,5,4,354,Loyal Customers,0,3215.761426824297
14897,32,11,3081.1800000000003,114,2024-03-02 15:21:29,2025-11-30 13:39:25,United Kingdom,280.10727272727274,637,2,5,3,253,Cannot Lose Them,0,3215.761426824297
14898,18,11,4071.1,132,2024-01-25 10:37:52,2025-12-14 12:07:07,United Kingdom,370.09999999999997,689,3,5,5,355,Loyal Customers,0,3215.761426824297
14899,25,11,2555.0,123,2024-03-31 05:29:42,2025-12-07 17:30:35,United Kingdom,232.27272727272728,616,2,5,2,252,Cannot Lose Them,0,3215.761426824297
14900,73,11,3968.14,120,2024-01-30 21:49:03,2025-10-20 20:14:47,United Kingdom,360.74,628,1,5,5,155,Cannot Lose Them,0,3215.761426824297
14901,20,11,2539.29,118,2024-02-17 18:56:19,2025-12-12 00:46:09,United Kingdom,230.84454545454545,663,3,5,2,352,Loyal Customers,0,3215.761426824297
14902,33,11,2225.8,105,2024-01-10 07:52:57,2025-11-29 22:46:35,United Kingdom,202.34545454545457,689,2,5,1,251,Cannot Lose Them,0,3215.761426824297
14903,7,11,2131.5099999999998,93,2024-01-12 19:32:21,2025-12-25 21:32:24,United Kingdom,193.77363636363634,713,4,5,1,451,Loyal Customers,0,3215.761426824297
14904,18,11,4080.6499999999996,118,2024-03-21 17:58:22,2025-12-14 04:07:03,United Kingdom,370.9681818181818,632,3,5,5,355,Loyal Customers,0,3215.761426824297
14905,57,11,2160.09,117,2024-01-17 01:56:57,2025-11-05 05:41:31,United Kingdom,196.37181818181818,658,1,5,1,151,Cannot Lose Them,0,3215.761426824297
14906,24,11,2756.69,111,2024-03-03 08:06:08,2025-12-08 08:44:12,United Kingdom,250.60818181818183,645,2,5,2,252,Cannot Lose Them,0,3215.761426824297
14907,4,11,2135.02,110,2024-01-09 12:08:12,2025-12-28 21:21:33,United Kingdom,194.09272727272727,719,5,5,1,551,Loyal Customers,0,3215.761426824297
14908,7,11,5137.9,140,2024-01-15 23:21:22,2025-12-25 03:26:16,United Kingdom,467.08181818181816,709,4,5,5,455,Champions,0,3215.761426824297
14909,10,11,2549.86,104,2024-01-04 18:05:34,2025-12-22 08:21:28,United Kingdom,231.80545454545455,717,4,5,2,452,Loyal Customers,0,3215.761426824297
14910,9,11,3065.82,129,2024-02-10 23:28:27,2025-12-23 09:37:42,United Kingdom,278.7109090909091,681,4,5,3,453,Loyal Customers,0,3215.761426824297
14911,16,11,2490.2,104,2024-02-15 12:39:11,2025-12-16 01:27:52,United Kingdom,226.38181818181818,669,3,5,2,352,Loyal Customers,0,3215.761426824297
14912,24,11,5992.42,149,2024-02-08 01:48:08,2025-12-08 14:23:35,United Kingdom,544.7654545454545,669,2,5,5,255,Cannot Lose Them,0,3215.761426824297
14913,40,11,3163.61,120,2024-02-09 10:50:11,2025-11-22 16:11:24,United Kingdom,287.6009090909091,652,1,5,3,153,Cannot Lose Them,0,3215.761426824297
14914,12,11,2413.03,100,2024-02-16 07:54:02,2025-12-20 19:20:10,United Kingdom,219.36636363636364,673,4,5,1,451,Loyal Customers,0,3215.761426824297
14915,29,11,3712.65,141,2024-01-13 11:27:05,2025-12-03 14:55:42,United Kingdom,337.51363636363635,690,2,5,4,254,Cannot Lose Them,0,3215.761426824297
14916,29,11,3064.88,114,2024-01-30 14:28:51,2025-12-03 10:38:34,United Kingdom,278.62545454545455,672,2,5,3,253,Cannot Lose Them,0,3215.761426824297
14917,63,11,6012.19,144,2024-02-19 14:33:02,2025-10-30 19:47:15,United Kingdom,546.5627272727272,619,1,5,5,155,Cannot Lose Them,0,3215.761426824297
14918,18,11,3183.01,112,2024-02-25 21:52:54,2025-12-14 02:56:27,United Kingdom,289.36454545454546,657,3,5,3,353,Loyal Customers,0,3215.761426824297
14919,5,11,2933.88,108,2024-02-28 19:12:25,2025-12-27 05:26:07,United Kingdom,266.71636363636367,667,5,5,3,553,Loyal Customers,0,3215.761426824297
14920,36,10,2119.87,95,2024-02-03 01:54:16,2025-11-26 22:26:36,United Kingdom,211.987,662,2,1,1,211,Hibernating,1,3109.399468085106
14921,18,11,2733.49,122,2024-02-11 09:36:59,2025-12-14 15:24:56,United Kingdom,248.49909090909088,672,3,5,2,352,Loyal Customers,0,3215.761426824297
14922,33,11,3818.93,120,2024-02-06 03:44:23,2025-11-29 11:38:33,United Kingdom,347.17545454545456,662,2,5,4,254,Cannot Lose Them,0,3215.761426824297
14923,16,11,2147.57,122,2024-01-05 10:16:26,2025-12-16 01:53:13,United Kingdom,195.23363636363638,710,3,5,1,351,Loyal Customers,0,3215.761426824297
14924,17,11,3165.51,110,2024-01-06 21:07:21,2025-12-15 08:08:39,United Kingdom,287.7736363636364,708,3,5,3,353,Loyal Customers,0,3215.761426824297
14925,45,11,7289.8099999999995,160,2024-02-15 21:56:00,2025-11-17 00:27:25,United Kingdom,662.7099999999999,640,1,5,5,155,Cannot Lose Them,0,3215.761426824297
14926,24,11,2577.88,108,2024-01-05 19:33:33,2025-12-08 03:17:28,United Kingdom,234.3527272727273,702,2,5,2,252,Cannot Lose Them,0,3215.761426824297
14927,13,11,3918.26,127,2024-02-02 03:14:02,2025-12-19 20:29:05,United Kingdom,356.2054545454546,686,3,5,5,355,Loyal Customers,0,3215.761426824297
14928,38,11,2722.15,112,2024-01-02 06:22:40,2025-11-24 21:46:10,United Kingdom,247.46818181818182,692,1,5,2,152,Cannot Lose Them,0,3215.761426824297
14929,1,11,2491.69,105,2024-01-06 14:31:56,2025-12-31 19:02:30,United Kingdom,226.51727272727274,725,5,5,2,552,Loyal Customers,0,3215.761426824297
14930,23,11,2771.5299999999997,124,2024-01-04 16:26:24,2025-12-09 05:43:56,United Kingdom,251.9572727272727,704,2,5,2,252,Cannot Lose Them,0,3215.761426824297
14931,20,11,3749.37,136,2024-01-10 18:07:32,2025-12-12 13:42:08,United Kingdom,340.85181818181815,701,3,5,4,354,Loyal Customers,0,3215.761426824297
14932,26,11,3118.6,111,2024-01-17 12:02:06,2025-12-06 17:45:32,United Kingdom,283.5090909090909,689,2,5,3,253,Cannot Lose Them,0,3215.761426824297
14933,25,11,2693.45,127,2024-01-03 16:24:50,2025-12-07 12:42:11,United Kingdom,244.8590909090909,703,2,5,2,252,Cannot Lose Them,0,3215.761426824297
14934,10,11,2442.9,103,2024-01-23 05:19:04,2025-12-22 14:01:03,United Kingdom,222.0818181818182,699,4,5,1,451,Loyal Customers,0,3215.761426824297
14935,10,11,3245.78,136,2024-01-12 16:37:53,2025-12-22 13:58:31,United Kingdom,295.0709090909091,709,4,5,4,454,Champions,0,3215.761426824297
14936,74,11,2328.9,112,2024-01-12 13:13:21,2025-10-19 12:42:25,United Kingdom,211.71818181818182,645,1,5,1,151,Cannot Lose Them,0,3215.761426824297
14937,12,11,3802.85,127,2024-01-04 16:30:24,2025-12-20 06:07:31,United Kingdom,345.71363636363634,715,4,5,4,454,Champions,0,3215.761426824297
14938,21,11,2154.05,98,2024-01-09 10:16:25,2025-12-11 00:34:45,United Kingdom,195.8227272727273,701,3,5,1,351,Loyal Customers,0,3215.761426824297
14939,23,11,4018.12,133,2024-01-12 18:48:14,2025-12-09 23:49:43,United Kingdom,365.28363636363633,697,2,5,5,255,Cannot Lose Them,0,3215.761426824297
14940,44,11,2966.57,122,2024-01-09 13:19:32,2025-11-18 08:38:52,United Kingdom,269.6881818181818,678,1,5,3,153,Cannot Lose Them,0,3215.761426824297
14941,8,11,4181.26,133,2024-01-05 11:58:10,2025-12-24 07:25:15,United Kingdom,380.11454545454546,718,4,5,5,455,Champions,0,3215.761426824297
14942,20,11,1887.63,91,2024-01-01 12:36:25,2025-12-12 14:23:56,United Kingdom,171.6027272727273,711,3,5,1,351,Loyal Customers,0,3215.761426824297
14943,16,11,3224.15,130,2024-01-04 22:07:05,2025-12-16 00:13:33,United Kingdom,293.1045454545455,711,3,5,4,354,Loyal Customers,0,3215.761426824297
14944,3,11,1959.02,93,2024-01-02 19:33:52,2025-12-29 20:52:15,United Kingdom,178.09272727272727,727,5,5,1,551,Loyal Customers,0,3215.761426824297
14945,33,11,3366.62,141,2024-01-11 05:23:25,2025-11-29 04:13:53,United Kingdom,306.05636363636364,687,2,5,4,254,Cannot Lose Them,0,3215.761426824297
14946,6,11,4840.28,138,2024-01-13 17:49:30,2025-12-26 13:42:45,United Kingdom,440.0254545454545,712,4,5,5,455,Champions,0,3215.761426824297
14947,10,11,3034.0699999999997,125,2024-02-12 03:09:02,2025-12-22 15:12:04,United Kingdom,275.82454545454544,679,4,5,3,453,Loyal Customers,0,3215.761426824297
14948,66,11,2873.09,121,2024-02-03 01:15:26,2025-10-27 13:15:13,United Kingdom,261.19,632,1,5,3,153,Cannot Lose Them,0,3215.761426824297
14949,25,11,2034.87,103,2024-01-02 08:06:13,2025-12-07 08:42:19,United Kingdom,184.9881818181818,705,2,5,1,251,Cannot Lose Them,0,3215.761426824297
14950,15,11,4470.94,134,2024-01-04 07:48:31,2025-12-17 23:31:14,United Kingdom,406.4490909090909,713,3,5,5,355,Loyal Customers,0,3215.761426824297
14951,1,11,2628.69,106,2024-01-28 01:03:07,2025-12-31 18:15:11,United Kingdom,238.97181818181818,703,5,5,2,552,Loyal Customers,0,3215.761426824297
14952,3,11,2663.67,114,2024-01-01 03:57:53,2025-12-29 07:45:52,United Kingdom,242.1518181818182,728,5,5,2,552,Loyal Customers,0,3215.761426824297
14953,4,11,2558.49,115,2024-01-11 01:37:14,2025-12-28 19:41:54,United Kingdom,232.58999999999997,717,5,5,2,552,Loyal Customers,0,3215.761426824297
14954,65,11,2447.35,93,2024-01-15 11:35:07,2025-10-28 17:32:32,United Kingdom,222.48636363636362,652,1,5,1,151,Cannot Lose Them,0,3215.761426824297
14955,3,11,2582.13,104,2024-01-01 22:31:03,2025-12-29 19:05:16,United Kingdom,234.73909090909092,727,5,5,2,552,Loyal Customers,0,3215.761426824297
14956,17,11,2316.52,105,2024-01-17 14:11:36,2025-12-15 01:56:37,United Kingdom,210.59272727272727,697,3,5,1,351,Loyal Customers,0,3215.761426824297
14957,3,11,4238.33,130,2024-01-26 16:41:44,2025-12-29 21:10:10,United Kingdom,385.3027272727273,703,5,5,5,555,Champions,0,3215.761426824297
14958,23,11,3801.9900000000002,142,2024-01-21 01:11:05,2025-12-09 18:03:55,United Kingdom,345.6354545454546,688,2,5,4,254,Cannot Lose Them,0,3215.761426824297
14959,1,11,4090.02,134,2024-01-09 03:00:43,2025-12-31 01:31:38,United Kingdom,371.82,721,5,5,5,555,Champions,0,3215.761426824297
14960,4,11,3563.95,114,2024-01-05 17:26:03,2025-12-28 08:54:07,United Kingdom,323.99545454545455,722,5,5,4,554,Champions,0,3215.761426824297
14961,14,11,3040.02,120,2024-01-21 21:40:12,2025-12-18 15:37:06,United Kingdom,276.36545454545455,696,3,5,3,353,Loyal Customers,0,3215.761426824297
14962,3,11,2834.04,115,2024-02-06 14:42:30,2025-12-29 01:22:04,United Kingdom,257.64,691,5,5,3,553,Loyal Customers,0,3215.761426824297
14963,10,11,3090.16,124,2024-01-02 04:59:26,2025-12-22 16:32:13,United Kingdom,280.9236363636364,720,4,5,3,453,Loyal Customers,0,3215.761426824297
14964,2,11,4015.29,141,2024-02-09 04:38:58,2025-12-30 10:37:40,United Kingdom,365.0263636363636,690,5,5,5,555,Champions,0,3215.761426824297
14965,12,11,3270.49,125,2024-01-24 02:09:22,2025-12-20 23:20:42,United Kingdom,297.3172727272727,696,4,5,4,454,Champions,0,3215.761426824297
14966,26,11,2586.06,107,2024-01-04 08:10:26,2025-12-06 22:37:36,United Kingdom,235.09636363636363,702,2,5,2,252,Cannot Lose Them,0,3215.761426824297
14967,10,11,2091.54,115,2024-03-22 14:50:04,2025-12-22 05:37:14,United Kingdom,190.14,639,4,5,1,451,Loyal Customers,0,3215.761426824297
14968,7,11,4363.64,125,2024-01-05 23:40:59,2025-12-25 04:01:38,United Kingdom,396.6945454545455,719,4,5,5,455,Champions,0,3215.761426824297
14969,21,11,4820.59,136,2024-01-18 23:58:57,2025-12-11 00:03:11,United Kingdom,438.23545454545456,692,3,5,5,355,Loyal Customers,0,3215.761426824297
14970,48,11,2139.51,109,2024-01-03 12:41:15,2025-11-14 02:35:54,United Kingdom,194.50090909090912,680,1,5,1,151,Cannot Lose Them,0,3215.761426824297
14971,70,11,3894.92,130,2024-01-18 06:47:31,2025-10-23 05:12:08,United Kingdom,354.08363636363634,643,1,5,5,155,Cannot Lose Them,0,3215.761426824297
14972,6,11,3358.71,129,2024-01-01 18:43:40,2025-12-26 22:03:52,United Kingdom,305.3372727272727,725,4,5,4,454,Champions,0,3215.761426824297
14973,10,11,2369.79,110,2024-02-22 11:47:50,2025-12-22 13:57:19,United Kingdom,215.43545454545455,669,4,5,1,451,Loyal Customers,0,3215.761426824297
14974,50,11,2793.49,113,2024-01-26 11:41:12,2025-11-12 10:34:58,United Kingdom,253.95363636363635,655,1,5,2,152,Cannot Lose Them,0,3215.761426824297
14975,12,11,2378.1,95,2024-01-23 16:49:34,2025-12-20 10:55:00,United Kingdom,216.1909090909091,696,4,5,1,451,Loyal Customers,0,3215.761426824297
14976,58,11,2702.04,126,2024-01-19 18:04:08,2025-11-04 01:44:55,United Kingdom,245.64,654,1,5,2,152,Cannot Lose Them,0,3215.761426824297
14977,4,11,2865.93,126,2024-01-10 23:55:07,2025-12-28 11:33:58,United Kingdom,260.5390909090909,717,5,5,3,553,Loyal Customers,0,3215.761426824297
14978,28,11,4178.36,126,2024-01-27 18:59:32,2025-12-04 00:11:54,United Kingdom,379.85090909090906,676,2,5,5,255,Cannot Lose Them,0,3215.761426824297
14979,20,11,2529.37,119,2024-03-12 04:25:40,2025-12-12 18:13:00,United Kingdom,229.94272727272727,640,3,5,2,352,Loyal Customers,0,3215.761426824297
14980,6,11,1957.63,98,2024-01-10 07:09:22,2025-12-26 16:13:10,United Kingdom,177.96636363636364,716,4,5,1,451,Loyal Customers,0,3215.761426824297
14981,26,11,3480.94,122,2024-01-14 04:25:09,2025-12-06 18:26:09,United Kingdom,316.4490909090909,692,2,5,4,254,Cannot Lose Them,0,3215.761426824297
14982,31,11,3153.74,127,2024-01-02 11:17:30,2025-12-01 08:01:30,United Kingdom,286.70363636363635,698,2,5,3,253,Cannot Lose Them,0,3215.761426824297
14983,17,11,3181.3199999999997,125,2024-01-11 10:21:27,2025-12-15 15:37:28,United Kingdom,289.21090909090907,704,3,5,3,353,Loyal Customers,0,3215.761426824297
14984,6,11,1716.44,106,2024-02-08 00:56:38,2025-12-26 05:55:08,United Kingdom,156.04,687,4,5,1,451,Loyal Customers,0,3215.761426824297
14985,3,11,2483.73,110,2024-01-11 15:44:41,2025-12-29 16:03:49,United Kingdom,225.79363636363635,718,5,5,2,552,Loyal Customers,0,3215.761426824297
14986,12,11,5491.21,128,2024-03-07 04:13:55,2025-12-20 14:16:06,United Kingdom,499.2009090909091,653,4,5,5,455,Champions,0,3215.761426824297
14987,113,11,2498.55,108,2024-02-10 21:44:53,2025-09-10 04:10:13,United Kingdom,227.1409090909091,577,1,5,2,152,Cannot Lose Them,0,3215.761426824297
14988,10,11,2517.52,109,2024-01-10 05:49:15,2025-12-22 01:52:39,United Kingdom,228.86545454545455,711,4,5,2,452,Loyal Customers,0,3215.761426824297
14989,24,11,3960.51,135,2024-03-16 01:00:57,2025-12-08 12:02:37,United Kingdom,360.04636363636365,632,2,5,5,255,Cannot Lose Them,0,3215.761426824297
14990,3,11,2327.23,118,2024-01-01 11:28:11,2025-12-29 17:23:23,United Kingdom,211.56636363636363,728,5,5,1,551,Loyal Customers,0,3215.761426824297
14991,13,11,3218.65,111,2024-02-08 16:00:32,2025-12-19 12:18:12,United Kingdom,292.6045454545455,679,3,5,4,354,Loyal Customers,0,3215.761426824297
14992,14,11,2664.8,108,2024-02-07 03:25:36,2025-12-18 18:07:54,United Kingdom,242.25454545454548,680,3,5,2,352,Loyal Customers,0,3215.761426824297
14993,10,11,3654.81,129,2024-02-06 22:10:41,2025-12-22 06:42:53,United Kingdom,332.25545454545454,684,4,5,4,454,Champions,0,3215.761426824297
14994,78,11,1807.84,99,2024-01-10 05:15:36,2025-10-15 16:23:50,United Kingdom,164.3490909090909,644,1,5,1,151,Cannot Lose Them,0,3215.761426824297
14995,17,11,2339.0,104,2024-01-23 07:04:24,2025-12-15 11:51:12,United Kingdom,212.63636363636363,692,3,5,1,351,Loyal Customers,0,3215.761426824297
14996,2,11,3112.4700000000003,113,2024-01-15 01:11:17,2025-12-30 12:58:02,United Kingdom,282.9518181818182,715,5,5,3,553,Loyal Customers,0,3215.761426824297
14997,22,11,2540.2,105,2024-01-09 17:47:21,2025-12-10 19:32:36,United Kingdom,230.9272727272727,701,3,5,2,352,Loyal Customers,0,3215.761426824297
14998,14,11,2579.38,107,2024-01-07 22:31:08,2025-12-18 04:03:12,United Kingdom,234.48909090909092,710,3,5,2,352,Loyal Customers,0,3215.761426824297
14999,23,11,2981.95,135,2024-01-24 13:03:27,2025-12-09 10:03:33,United Kingdom,271.0863636363636,684,2,5,3,253,Cannot Lose Them,0,3215.761426824297
15000,20,11,2346.39,110,2024-03-15 03:17:20,2025-12-12 09:37:53,United Kingdom,213.3081818181818,637,3,5,1,351,Loyal Customers,0,3215.761426824297
